Date,High,Low,Open,Close,Volume,Adj Close
2000-01-03,37.9375,35.0,37.625,35.5625,312300.0,22.76812744140625
2000-01-04,35.5,34.5625,35.0,35.125,318300.0,22.488021850585938
2000-01-05,35.75,34.5625,34.875,35.4375,255400.0,22.688106536865234
2000-01-06,37.125,35.0,35.125,36.25,212700.0,23.208284378051758
2000-01-07,37.625,36.375,36.5,37.3125,153000.0,23.888525009155273
2000-01-10,36.875,35.75,36.75,36.375,185400.0,23.288312911987305
2000-01-11,36.8125,35.8125,36.25,36.4375,140500.0,23.32832908630371
2000-01-12,37.25,36.0,36.6875,36.3125,183400.0,23.2482967376709
2000-01-13,37.5625,36.25,36.25,36.9375,209400.0,23.648420333862305
2000-01-14,37.25,36.0625,36.375,36.9375,406000.0,23.648420333862305
2000-01-18,36.75,35.75,36.0,36.4375,185100.0,23.32832908630371
2000-01-19,37.0625,36.21875,36.3125,36.6875,248300.0,23.488378524780273
2000-01-20,37.0625,36.5625,36.6875,36.8125,236200.0,23.568410873413086
2000-01-21,37.5,36.5625,37.5,36.625,246300.0,23.448366165161133
2000-01-24,36.5625,35.8125,36.375,35.8125,283600.0,22.928180694580078
2000-01-25,36.1875,34.875,35.5625,35.625,404600.0,22.80813980102539
2000-01-26,36.25,34.75,35.625,36.1875,245600.0,23.168264389038086
2000-01-27,36.375,35.375,35.75,36.0625,154900.0,23.088224411010742
2000-01-28,36.1875,34.6875,36.0625,35.875,425100.0,22.96819305419922
2000-01-31,36.125,35.5,35.875,35.6875,206000.0,22.848161697387695
2000-02-01,35.625,35.0,35.4375,35.4375,169500.0,22.688106536865234
2000-02-02,35.625,35.0,35.375,35.3125,269300.0,22.608076095581055
2000-02-03,36.3125,35.0,35.0,36.1875,320200.0,23.168264389038086
2000-02-04,36.1875,35.4375,36.1875,35.5,224700.0,22.72811508178711
2000-02-07,35.5,34.875,35.25,35.0,317700.0,22.407995223999023
2000-02-08,34.5625,33.5,34.0,34.5625,326900.0,22.127901077270508
2000-02-09,33.875,32.25,33.875,33.3125,510600.0,21.327611923217773
2000-02-10,33.75,32.75,33.3125,33.5,274700.0,21.447650909423828
2000-02-11,33.75,31.5625,33.0,32.5625,374900.0,20.847436904907227
2000-02-14,32.4375,31.3125,32.0,32.4375,274300.0,20.76741600036621
2000-02-15,33.875,32.125,32.25,33.5,276800.0,21.447650909423828
2000-02-16,33.5,32.1875,33.5,33.125,204100.0,21.207571029663086
2000-02-17,33.5,31.75,33.375,32.375,257600.0,20.72739028930664
2000-02-18,32.0,31.5,32.0,31.75,196700.0,20.327251434326172
2000-02-22,32.4375,31.125,31.3125,31.6875,375700.0,20.287233352661133
2000-02-23,31.75,30.25,31.75,30.3125,381100.0,19.406919479370117
2000-02-24,30.375,29.3125,30.375,30.25,780100.0,19.366907119750977
2000-02-25,30.25,29.25,29.9375,29.75,224200.0,19.046794891357422
2000-02-28,30.1875,29.6875,29.75,29.8125,476900.0,19.086816787719727
2000-02-29,30.625,29.1875,29.5625,30.0,471200.0,19.20686149597168
2000-03-01,30.25,29.5625,30.25,29.9375,296700.0,19.166841506958008
2000-03-02,30.1875,29.0,30.1875,29.3125,5187800.0,18.766700744628906
2000-03-03,32.0,28.8125,29.25,30.0,1271000.0,19.20686149597168
2000-03-06,30.375,28.75,30.375,29.875,469300.0,19.12682342529297
2000-03-07,30.4375,28.8125,29.875,29.125,646000.0,18.646656036376953
2000-03-08,30.6875,29.125,29.125,29.875,438400.0,19.12682342529297
2000-03-09,31.625,30.0625,30.0625,30.75,502100.0,19.687026977539062
2000-03-10,31.625,29.375,30.375,31.25,473100.0,20.007143020629883
2000-03-13,31.375,30.5,31.0,31.0,396700.0,19.847078323364258
2000-03-14,31.25,30.5625,31.0,31.125,223400.0,19.927108764648438
2000-03-15,34.1875,31.0,31.9375,33.8125,426500.0,21.64771842956543
2000-03-16,35.5,32.875,33.5,35.375,517700.0,22.64808464050293
2000-03-17,35.4375,34.5,35.4375,35.0,368500.0,22.407995223999023
2000-03-20,35.0,34.1875,35.0,34.4375,395800.0,22.0478572845459
2000-03-21,35.125,34.0,34.6875,34.8125,256800.0,22.28795623779297
2000-03-22,34.25,33.1875,34.125,33.4375,283400.0,21.64389419555664
2000-03-23,34.75,33.1875,33.25,34.25,158200.0,22.169816970825195
2000-03-24,34.5,33.8125,34.0,34.1875,219100.0,22.129371643066406
2000-03-27,34.0,32.9375,33.9375,32.9375,202500.0,21.320249557495117
2000-03-28,33.875,32.6875,33.0625,32.6875,185800.0,21.158422470092773
2000-03-29,33.9375,32.9375,32.9375,33.6875,202400.0,21.80571746826172
2000-03-30,35.0625,33.375,33.6875,33.8125,366100.0,21.886627197265625
2000-03-31,35.5,33.625,34.0,35.0625,176900.0,22.695751190185547
2000-04-03,36.375,34.75,35.0,35.8125,260900.0,23.18122673034668
2000-04-04,36.875,34.6875,35.5625,35.6875,304100.0,23.10030746459961
2000-04-05,36.4375,34.875,35.75,35.1875,181400.0,22.77667236328125
2000-04-06,35.1875,34.375,34.5,34.8125,215900.0,22.533920288085938
2000-04-07,35.3125,34.5,34.75,34.8125,199100.0,22.533920288085938
2000-04-10,35.6875,34.625,34.625,35.375,129900.0,22.898027420043945
2000-04-11,36.75,36.0,36.0,36.6875,212000.0,23.747608184814453
2000-04-12,37.8125,36.25,36.4375,36.3125,267200.0,23.504867553710938
2000-04-13,37.375,36.4375,36.4375,36.9375,167300.0,23.90941047668457
2000-04-14,36.6875,34.625,36.25,34.9375,272700.0,22.61484146118164
2000-04-17,36.625,34.25,35.0625,36.4375,300000.0,23.58578109741211
2000-04-18,36.25,34.125,36.25,35.25,217700.0,22.817123413085938
2000-04-19,35.0,34.1875,35.0,34.375,183500.0,22.250730514526367
2000-04-20,35.375,34.0,35.0,34.75,230700.0,22.493467330932617
2000-04-24,35.375,34.8125,35.0,35.25,154600.0,22.817123413085938
2000-04-25,36.125,34.5625,35.0625,36.0,123300.0,23.30258560180664
2000-04-26,36.5,34.875,36.25,35.1875,181500.0,22.77667236328125
2000-04-27,37.0,34.4375,37.0,34.75,202500.0,22.493467330932617
2000-04-28,34.6875,33.5625,34.25,34.4375,253300.0,22.29118537902832
2000-05-01,34.75,33.5,33.875,34.5625,181200.0,22.372095108032227
2000-05-02,34.5,33.625,34.3125,34.3125,203200.0,22.210268020629883
2000-05-03,34.125,33.5,34.0625,33.9375,431100.0,21.967544555664062
2000-05-04,34.3125,33.8125,33.9375,33.8125,124900.0,21.886627197265625
2000-05-05,34.125,33.4375,33.8125,33.625,258800.0,21.7652645111084
2000-05-08,34.0,33.3125,33.75,33.875,158300.0,21.927087783813477
2000-05-09,34.25,33.625,34.0,34.0,372900.0,22.007997512817383
2000-05-10,34.3125,33.625,33.9375,33.875,259600.0,21.927087783813477
2000-05-11,34.0,33.5,33.9375,33.6875,213500.0,21.80571746826172
2000-05-12,33.8125,33.0,33.6875,33.625,155700.0,21.7652645111084
2000-05-15,33.8125,32.25,33.375,32.5,431900.0,21.03705596923828
2000-05-16,33.4375,32.1875,32.75,33.0625,307400.0,21.401151657104492
2000-05-17,33.0625,32.4375,32.8125,32.8125,160100.0,21.239334106445312
2000-05-18,32.9375,32.0,32.3125,32.1875,236600.0,20.834774017333984
2000-05-19,33.3125,31.75,32.1875,32.9375,218300.0,21.320249557495117
2000-05-22,34.1875,33.25,33.75,33.53125,351500.0,21.704580307006836
2000-05-23,33.75,32.25,33.0,32.75,315300.0,21.198883056640625
2000-05-24,34.25,32.1875,32.875,33.65625,341700.0,21.785486221313477
2000-05-25,33.8125,32.59375,33.8125,33.15625,323900.0,21.461843490600586
2000-05-26,34.25,32.8125,33.25,33.53125,258500.0,21.704580307006836
2000-05-30,34.625,32.875,33.4375,34.125,466400.0,22.08891487121582
2000-05-31,34.1875,33.4375,33.875,34.0,282000.0,22.007997512817383
2000-06-01,34.4375,33.6875,33.75,34.3125,386900.0,22.210268020629883
2000-06-02,34.5,33.8125,34.0625,34.1875,335100.0,22.129371643066406
2000-06-05,34.1875,33.0625,34.125,33.625,249700.0,21.7652645111084
2000-06-06,34.1875,33.0625,33.5625,34.0,291900.0,22.007997512817383
2000-06-07,34.1875,33.6875,33.875,33.875,200500.0,21.927087783813477
2000-06-08,34.1875,32.9375,33.625,33.875,257600.0,21.927087783813477
2000-06-09,34.0,33.375,33.625,33.875,198300.0,21.927087783813477
2000-06-12,34.1875,33.6875,33.75,33.6875,235900.0,21.80571746826172
2000-06-13,34.125,33.625,33.8125,33.75,321600.0,21.846168518066406
2000-06-14,34.3125,33.5625,33.5625,34.25,258700.0,22.169816970825195
2000-06-15,34.5,31.0625,34.5,32.0,1150800.0,20.713415145874023
2000-06-16,32.375,31.75,32.0,32.0,671700.0,20.713415145874023
2000-06-19,32.0625,31.375,31.875,31.6875,340300.0,20.511133193969727
2000-06-20,31.375,30.8125,31.375,30.875,368300.0,19.98520851135254
2000-06-21,31.5,30.4375,31.5,30.5,320900.0,19.742475509643555
2000-06-22,30.5625,29.625,30.0625,30.375,366600.0,19.909610748291016
2000-06-23,30.0,28.875,29.875,29.1875,599100.0,19.13125991821289
2000-06-26,29.3125,28.8125,29.1875,29.0,463900.0,19.008359909057617
2000-06-27,30.3125,29.25,29.5,29.8125,399000.0,19.540916442871094
2000-06-28,30.5625,28.9375,29.75,29.90625,421200.0,19.602367401123047
2000-06-29,30.6875,29.125,29.125,30.5625,313100.0,20.032503128051758
2000-06-30,31.125,30.0,30.1875,30.1875,419300.0,19.786714553833008
2000-07-03,30.9375,29.625,30.0,30.75,121000.0,20.155412673950195
2000-07-05,29.875,29.25,29.25,29.6875,237800.0,19.458988189697266
2000-07-06,29.8125,28.9375,29.8125,29.0,218200.0,19.008359909057617
2000-07-07,29.5,28.75,29.4375,29.125,146800.0,19.09028434753418
2000-07-10,29.75,29.0625,29.1875,29.4375,151600.0,19.29511833190918
2000-07-11,29.5,28.75,29.0625,29.4375,227700.0,19.29511833190918
2000-07-12,29.4375,28.375,29.25,28.8125,304800.0,18.885454177856445
2000-07-13,29.5625,28.5,28.8125,29.125,236700.0,19.09028434753418
2000-07-14,29.6875,28.875,29.375,29.3125,190700.0,19.213186264038086
2000-07-17,28.75,28.125,28.75,28.15625,278300.0,18.455307006835938
2000-07-18,28.9375,28.3125,28.625,28.5625,427700.0,18.721590042114258
2000-07-19,28.5,27.75,28.5,28.1875,1146200.0,18.475786209106445
2000-07-20,28.75,27.375,28.5,27.625,250200.0,18.107097625732422
2000-07-21,27.6875,27.1875,27.375,27.3125,223300.0,17.902267456054688
2000-07-24,27.4375,26.8125,27.0625,27.25,195100.0,17.861299514770508
2000-07-25,28.1875,27.125,27.25,27.625,225800.0,18.107097625732422
2000-07-26,27.6875,27.0,27.5625,27.0,331400.0,17.69742774963379
2000-07-27,27.6875,26.375,27.375,26.75,323600.0,17.533565521240234
2000-07-28,27.0,26.3125,26.3125,27.0,422000.0,17.69742774963379
2000-07-31,27.1875,26.5625,27.0,26.75,188900.0,17.533565521240234
2000-08-01,27.1875,26.25,26.75,27.0625,172600.0,17.7383975982666
2000-08-02,26.75,26.25,26.625,26.5625,399100.0,17.410663604736328
2000-08-03,26.875,26.25,26.8125,26.3125,260800.0,17.246803283691406
2000-08-04,26.625,26.125,26.625,26.4375,168900.0,17.32874298095703
2000-08-07,26.4375,26.0,26.25,26.125,196300.0,17.123903274536133
2000-08-08,26.625,25.6875,25.75,26.25,758500.0,17.205841064453125
2000-08-09,26.5625,26.0,26.25,26.0,245700.0,17.041967391967773
2000-08-10,26.3125,25.8125,26.0625,25.9375,192600.0,17.001005172729492
2000-08-11,26.3125,25.8125,26.0,26.1875,712900.0,17.164873123168945
2000-08-14,26.3125,25.6875,26.3125,25.875,152900.0,16.960039138793945
2000-08-15,26.0,25.5625,25.9375,25.625,186300.0,16.796180725097656
2000-08-16,25.875,25.375,25.875,25.5,363200.0,16.7142391204834
2000-08-17,26.0,25.6875,26.0,25.75,350800.0,16.87810516357422
2000-08-18,26.0625,25.5,25.5,25.9375,216800.0,17.001005172729492
2000-08-21,26.0,25.5625,26.0,25.9375,267600.0,17.001005172729492
2000-08-22,26.125,25.6875,26.0,26.0,328500.0,17.041967391967773
2000-08-23,26.4375,25.8125,26.0625,26.25,408200.0,17.205841064453125
2000-08-24,26.3125,25.75,26.25,25.875,317300.0,16.960039138793945
2000-08-25,26.25,25.8125,26.125,26.0,205200.0,17.041967391967773
2000-08-28,26.25,25.75,26.0,26.0,271100.0,17.041967391967773
2000-08-29,26.0,25.625,26.0,26.0,309000.0,17.041967391967773
2000-08-30,26.0625,25.5,25.875,26.0,273400.0,17.041967391967773
2000-08-31,26.3125,25.75,26.0,25.75,642000.0,16.87810516357422
2000-09-01,25.75,25.25,25.75,25.5,168900.0,16.7142391204834
2000-09-05,25.9375,25.5625,25.6875,25.75,237200.0,16.87810516357422
2000-09-06,25.875,25.375,25.625,25.5,252400.0,16.7142391204834
2000-09-07,25.625,24.875,25.625,24.9375,334600.0,16.345552444458008
2000-09-08,25.25,24.75,25.0,24.9375,293400.0,16.345552444458008
2000-09-11,25.1875,24.875,25.0,25.0625,318000.0,16.42747688293457
2000-09-12,25.4375,24.9375,25.3125,25.28125,297400.0,16.57086181640625
2000-09-13,25.625,25.0625,25.0625,25.34375,241900.0,16.6118221282959
2000-09-14,25.5625,23.3125,25.375,23.625,664700.0,15.48525333404541
2000-09-15,24.125,22.875,23.0625,23.625,708900.0,15.48525333404541
2000-09-18,23.8125,23.0,23.625,23.5625,336200.0,15.444289207458496
2000-09-19,23.6875,23.0625,23.6875,23.25,193800.0,15.239450454711914
2000-09-20,23.5,22.75,23.25,23.3125,309400.0,15.280413627624512
2000-09-21,23.75,23.0,23.125,23.25,439800.0,15.239450454711914
2000-09-22,23.5625,22.8125,22.8125,23.5625,340100.0,15.700900077819824
2000-09-25,24.25,20.125,23.8125,23.5625,1371300.0,15.700900077819824
2000-09-26,20.0,17.4375,19.75,17.4375,2975900.0,11.619504928588867
2000-09-27,18.375,17.375,17.6875,17.625,1502800.0,11.744443893432617
2000-09-28,18.625,17.4375,17.625,18.4375,913200.0,12.285853385925293
2000-09-29,18.75,17.9375,18.625,18.25,972100.0,12.160916328430176
2000-10-02,18.5,17.8125,18.4375,17.875,462100.0,11.911030769348145
2000-10-03,18.1875,17.625,17.875,18.0,827200.0,11.994324684143066
2000-10-04,19.25,18.0625,18.1875,18.5,520000.0,12.327502250671387
2000-10-05,18.8125,18.0,18.5,18.125,587000.0,12.077614784240723
2000-10-06,18.375,17.9375,18.125,18.25,299300.0,12.160916328430176
2000-10-09,18.6875,18.0,18.4375,18.4375,226800.0,12.285853385925293
2000-10-10,18.625,18.3125,18.625,18.5,526800.0,12.327502250671387
2000-10-11,19.25,18.1875,18.5,18.375,408800.0,12.24420166015625
2000-10-12,18.3125,17.5625,18.3125,18.0625,466300.0,12.035971641540527
2000-10-13,18.0625,17.375,18.0625,17.5625,360600.0,11.702795028686523
2000-10-16,17.5625,16.9375,17.5625,16.9375,821900.0,11.286328315734863
2000-10-17,16.9375,15.4375,16.9375,16.25,891500.0,10.828207969665527
2000-10-18,17.0,16.125,16.25,16.625,576900.0,11.078089714050293
2000-10-19,16.625,16.0,16.5,16.25,413100.0,10.828207969665527
2000-10-20,16.0625,15.625,16.0,15.75,523100.0,10.49503231048584
2000-10-23,16.125,15.625,16.0,15.75,634400.0,10.49503231048584
2000-10-24,15.9375,15.5,15.75,15.6875,883400.0,10.453386306762695
2000-10-25,15.8125,14.6875,15.6875,15.125,837700.0,10.078563690185547
2000-10-26,15.375,14.75,15.3125,15.125,526900.0,10.078563690185547
2000-10-27,15.8125,14.875,14.9375,15.6875,465000.0,10.453386306762695
2000-10-30,17.1875,15.5625,15.6875,16.875,696500.0,11.244682312011719
2000-10-31,17.1875,16.5,17.0,16.75,1132500.0,11.161389350891113
2000-11-01,17.0,16.3125,16.8125,16.6875,406500.0,11.119741439819336
2000-11-02,17.0,16.0,16.8125,16.5625,362300.0,11.036443710327148
2000-11-03,16.9375,16.375,16.5625,16.4375,255600.0,10.953147888183594
2000-11-06,17.25,16.5625,16.6875,16.875,507500.0,11.244682312011719
2000-11-07,17.125,16.75,16.875,16.875,230800.0,11.244682312011719
2000-11-08,17.4375,16.625,16.9375,17.1875,270100.0,11.452912330627441
2000-11-09,17.6875,16.875,17.6875,17.4375,557600.0,11.619504928588867
2000-11-10,17.875,17.1875,17.1875,17.6875,749100.0,11.786089897155762
2000-11-13,18.0,17.5625,17.5625,17.9375,535400.0,11.952676773071289
2000-11-14,18.0,17.6875,17.9375,17.9375,365600.0,11.952676773071289
2000-11-15,18.5,17.875,17.9375,18.3125,509800.0,12.202559471130371
2000-11-16,18.75,18.0625,18.4375,18.4375,397000.0,12.285853385925293
2000-11-17,19.0625,18.5625,18.6875,18.8125,387100.0,12.53573989868164
2000-11-20,18.9375,18.125,18.6875,18.4375,563000.0,12.285853385925293
2000-11-21,18.875,18.1875,18.1875,18.875,438300.0,12.577385902404785
2000-11-22,18.9375,18.5,18.9375,18.5,258900.0,12.327502250671387
2000-11-24,18.8125,18.5,18.75,18.75,125100.0,12.494085311889648
2000-11-27,18.5625,18.125,18.5,18.1875,273100.0,12.119263648986816
2000-11-28,18.6875,18.1875,18.375,18.6875,253400.0,12.45244026184082
2000-11-29,18.9375,18.4375,18.5625,18.875,164100.0,12.577385902404785
2000-11-30,19.25,18.3125,19.0,18.6875,208400.0,12.45244026184082
2000-12-01,19.9375,18.75,18.9375,19.875,431200.0,13.243733406066895
2000-12-04,20.5,19.625,19.625,19.875,456100.0,13.243733406066895
2000-12-05,20.1875,19.875,19.9375,20.0625,515700.0,13.368671417236328
2000-12-06,20.25,19.3125,20.125,19.5625,509700.0,13.035496711730957
2000-12-07,20.0,19.5,19.75,19.8125,271500.0,13.202089309692383
2000-12-08,20.3125,19.5625,19.9375,20.1875,256300.0,13.451971054077148
2000-12-11,20.75,19.875,20.75,20.0625,286400.0,13.368671417236328
2000-12-12,20.5,19.4375,20.3125,19.5625,431500.0,13.035496711730957
2000-12-13,19.8125,19.375,19.625,19.625,410400.0,13.0771484375
2000-12-14,19.875,19.0,19.75,19.6875,430200.0,13.118797302246094
2000-12-15,19.1875,18.125,19.1875,18.125,1032200.0,12.077614784240723
2000-12-18,19.25,18.5625,18.75,19.125,397100.0,12.743974685668945
2000-12-19,19.625,18.625,19.375,19.125,330400.0,12.743974685668945
2000-12-20,19.4375,18.25,19.1875,18.625,547600.0,12.50890827178955
2000-12-21,19.375,18.5,18.625,19.3125,380000.0,12.970638275146484
2000-12-22,19.875,18.875,19.1875,19.75,428900.0,13.26447582244873
2000-12-26,19.9375,19.625,19.625,19.875,270400.0,13.348430633544922
2000-12-27,20.125,19.75,19.8125,20.0625,511700.0,13.474352836608887
2000-12-28,20.75,19.75,20.0625,20.75,534400.0,13.9360933303833
2000-12-29,20.8125,20.125,20.625,20.3125,505600.0,13.642260551452637
2001-01-02,20.3125,20.0,20.25,20.25,550500.0,13.600287437438965
2001-01-03,21.3125,20.3125,20.375,20.375,497300.0,13.684232711791992
2001-01-04,21.1875,20.3125,20.5625,20.75,445500.0,13.9360933303833
2001-01-05,21.25,20.5,20.625,21.0625,241800.0,14.145971298217773
2001-01-08,21.6875,21.0,21.0,21.5,425600.0,14.439809799194336
2001-01-09,21.625,21.3125,21.5625,21.375,601000.0,14.355857849121094
2001-01-10,21.5625,21.1875,21.25,21.4375,379100.0,14.39783000946045
2001-01-11,21.625,21.1875,21.625,21.5,345200.0,14.439809799194336
2001-01-12,21.9375,21.1875,21.625,21.75,208900.0,14.607707023620605
2001-01-16,22.1875,21.5625,21.5625,22.0625,245600.0,14.817585945129395
2001-01-17,22.5,21.9375,22.3125,22.0,316800.0,14.775620460510254
2001-01-18,22.3125,21.875,22.25,22.0625,326700.0,14.817585945129395
2001-01-19,22.1875,21.75,22.125,22.0625,527100.0,14.817585945129395
2001-01-22,22.3125,21.75,21.875,22.0,420700.0,14.775620460510254
2001-01-23,22.0625,21.875,22.0,22.0,514700.0,14.775620460510254
2001-01-24,21.9375,21.625,21.875,21.8125,379600.0,14.649696350097656
2001-01-25,21.8125,21.5,21.8125,21.5,209300.0,14.439809799194336
2001-01-26,21.5,21.125,21.25,21.25,257000.0,14.271897315979004
2001-01-29,21.5,20.5,20.799999237060547,21.290000915527344,392300.0,14.298774719238281
2001-01-30,21.579999923706055,21.139999389648438,21.25,21.559999465942383,253800.0,14.48010540008545
2001-01-31,22.100000381469727,21.299999237060547,21.309999465942383,22.06999969482422,627500.0,14.822633743286133
2001-02-01,22.399999618530273,22.0,22.09000015258789,22.260000228881836,335700.0,14.950237274169922
2001-02-02,22.489999771118164,21.950000762939453,22.489999771118164,22.010000228881836,307800.0,14.782332420349121
2001-02-05,22.18000030517578,21.889999389648438,21.899999618530273,22.0,452900.0,14.775620460510254
2001-02-06,22.389999389648438,21.989999771118164,22.0,22.229999542236328,196300.0,14.930084228515625
2001-02-07,22.450000762939453,22.0,22.0,22.270000457763672,164700.0,14.956962585449219
2001-02-08,22.450000762939453,22.1299991607666,22.399999618530273,22.350000381469727,292700.0,15.010685920715332
2001-02-09,22.450000762939453,21.709999084472656,22.399999618530273,21.860000610351562,217600.0,14.681587219238281
2001-02-12,22.0,21.549999237060547,21.549999237060547,21.8799991607666,625300.0,14.695023536682129
2001-02-13,22.360000610351562,21.799999237060547,21.899999618530273,22.200000762939453,444900.0,14.909942626953125
2001-02-14,22.420000076293945,21.600000381469727,22.200000762939453,21.610000610351562,344200.0,14.51368522644043
2001-02-15,21.700000762939453,21.200000762939453,21.649999618530273,21.579999923706055,450000.0,14.493529319763184
2001-02-16,22.049999237060547,21.670000076293945,22.0,21.700000762939453,608700.0,14.574131965637207
2001-02-20,22.760000228881836,22.299999237060547,22.399999618530273,22.540000915527344,555800.0,15.138289451599121
2001-02-21,22.530000686645508,22.040000915527344,22.5,22.110000610351562,377400.0,14.84950065612793
2001-02-22,22.399999618530273,21.549999237060547,22.049999237060547,21.600000381469727,381600.0,14.506970405578613
2001-02-23,21.700000762939453,21.0,21.450000762939453,21.229999542236328,313000.0,14.25847053527832
2001-02-26,21.579999923706055,21.18000030517578,21.479999542236328,21.3799991607666,327800.0,14.359211921691895
2001-02-27,21.75,21.329999923706055,21.389999389648438,21.350000381469727,339100.0,14.339059829711914
2001-02-28,21.729999542236328,19.75,21.450000762939453,20.209999084472656,836900.0,13.573418617248535
2001-03-01,20.8700008392334,20.200000762939453,20.25,20.729999542236328,538400.0,13.922662734985352
2001-03-02,20.950000762939453,20.479999542236328,20.739999771118164,20.770000457763672,505000.0,13.949524879455566
2001-03-05,21.100000381469727,20.450000762939453,20.520000457763672,21.06999969482422,365300.0,14.151012420654297
2001-03-06,21.209999084472656,20.899999618530273,21.0,21.149999618530273,382900.0,14.204737663269043
2001-03-07,21.450000762939453,21.209999084472656,21.25,21.34000015258789,328100.0,14.332356452941895
2001-03-08,22.170000076293945,21.299999237060547,21.299999237060547,22.06999969482422,516000.0,14.822633743286133
2001-03-09,22.170000076293945,21.81999969482422,21.899999618530273,21.950000762939453,331600.0,14.742033958435059
2001-03-12,22.079999923706055,21.399999618530273,22.049999237060547,21.399999618530273,244700.0,14.372642517089844
2001-03-13,21.5,20.8700008392334,21.399999618530273,21.030000686645508,318200.0,14.124151229858398
2001-03-14,20.850000381469727,20.25,20.25,20.75,326400.0,13.9360933303833
2001-03-15,21.049999237060547,19.8700008392334,20.75,20.489999771118164,1799900.0,13.761474609375
2001-03-16,20.75,19.8700008392334,20.25,20.540000915527344,2465400.0,13.795058250427246
2001-03-19,21.809999465942383,20.700000762939453,20.700000762939453,21.489999771118164,629600.0,14.433094024658203
2001-03-20,22.100000381469727,21.010000228881836,21.239999771118164,21.799999237060547,551000.0,14.641294479370117
2001-03-21,21.799999237060547,21.450000762939453,21.799999237060547,21.5,486800.0,14.439809799194336
2001-03-22,21.709999084472656,20.700000762939453,21.25,20.979999542236328,1023600.0,14.189558029174805
2001-03-23,21.31999969482422,20.760000228881836,20.799999237060547,21.309999465942383,473200.0,14.412750244140625
2001-03-26,21.6299991607666,21.229999542236328,21.309999465942383,21.299999237060547,453100.0,14.405989646911621
2001-03-27,21.450000762939453,21.0,21.309999465942383,21.299999237060547,387300.0,14.405989646911621
2001-03-28,21.299999237060547,20.760000228881836,21.299999237060547,20.799999237060547,1162400.0,14.067817687988281
2001-03-29,21.639999389648438,20.75,20.799999237060547,21.639999389648438,607300.0,14.635944366455078
2001-03-30,22.25,21.010000228881836,21.389999389648438,22.059999465942383,377100.0,14.920005798339844
2001-04-02,22.459999084472656,21.719999313354492,22.049999237060547,21.84000015258789,511000.0,14.771214485168457
2001-04-03,21.899999618530273,21.25,21.549999237060547,21.25,365000.0,14.372166633605957
2001-04-04,22.239999771118164,21.450000762939453,21.5,22.059999465942383,363000.0,14.920005798339844
2001-04-05,22.559999465942383,22.059999465942383,22.059999465942383,22.530000686645508,534700.0,15.237884521484375
2001-04-06,22.729999542236328,21.510000228881836,22.5,22.280000686645508,620700.0,15.068801879882812
2001-04-09,22.729999542236328,22.049999237060547,22.049999237060547,22.389999389648438,387800.0,15.143199920654297
2001-04-10,23.239999771118164,22.5,22.5,23.15999984741211,602500.0,15.663980484008789
2001-04-11,23.15999984741211,22.5,23.15999984741211,22.610000610351562,353900.0,15.291993141174316
2001-04-12,22.899999618530273,22.399999618530273,22.739999771118164,22.600000381469727,408100.0,15.285240173339844
2001-04-16,22.799999237060547,22.100000381469727,22.100000381469727,22.440000534057617,731500.0,15.17701244354248
2001-04-17,22.889999389648438,22.360000610351562,22.690000534057617,22.489999771118164,656200.0,15.210835456848145
2001-04-18,23.260000228881836,22.399999618530273,22.600000381469727,23.190000534057617,358700.0,15.684270858764648
2001-04-19,23.190000534057617,22.530000686645508,23.190000534057617,23.010000228881836,501200.0,15.562528610229492
2001-04-20,23.0,22.43000030517578,22.75,22.450000762939453,437300.0,15.1837797164917
2001-04-23,22.59000015258789,21.8799991607666,22.5,21.899999618530273,349500.0,14.81179428100586
2001-04-24,22.0,21.3799991607666,22.0,21.649999618530273,561200.0,14.642704010009766
2001-04-25,21.8700008392334,21.520000457763672,21.549999237060547,21.8700008392334,267000.0,14.791512489318848
2001-04-26,22.850000381469727,21.739999771118164,22.0,22.709999084472656,332700.0,15.359628677368164
2001-04-27,23.600000381469727,22.809999465942383,23.600000381469727,23.530000686645508,1006400.0,15.914224624633789
2001-04-30,25.030000686645508,23.229999542236328,23.25,24.719999313354492,1057600.0,16.719070434570312
2001-05-01,24.799999237060547,24.579999923706055,24.799999237060547,24.610000610351562,604700.0,16.644664764404297
2001-05-02,24.899999618530273,24.549999237060547,24.600000381469727,24.799999237060547,733000.0,16.773170471191406
2001-05-03,24.649999618530273,24.149999618530273,24.649999618530273,24.5,1010900.0,16.57026481628418
2001-05-04,24.989999771118164,24.149999618530273,24.450000762939453,24.979999542236328,220300.0,16.894916534423828
2001-05-07,25.290000915527344,24.950000762939453,24.969999313354492,25.0,333900.0,16.908443450927734
2001-05-08,25.25,24.450000762939453,24.899999618530273,25.200000762939453,576000.0,17.043712615966797
2001-05-09,25.559999465942383,25.239999771118164,25.25,25.559999465942383,344500.0,17.28719711303711
2001-05-10,27.049999237060547,26.350000381469727,26.5,27.0,1140000.0,18.261119842529297
2001-05-11,27.149999618530273,26.329999923706055,26.899999618530273,26.469999313354492,356700.0,17.90264892578125
2001-05-14,27.0,26.0,26.450000762939453,26.18000030517578,346000.0,17.706520080566406
2001-05-15,26.200000762939453,25.799999237060547,26.200000762939453,25.8700008392334,527200.0,17.49685287475586
2001-05-16,27.149999618530273,25.760000228881836,25.799999237060547,27.100000381469727,520400.0,18.328752517700195
2001-05-17,27.75,27.149999618530273,27.350000381469727,27.719999313354492,543600.0,18.74807357788086
2001-05-18,27.8700008392334,27.389999389648438,27.719999313354492,27.440000534057617,229200.0,18.5587100982666
2001-05-21,28.200000762939453,27.43000030517578,27.440000534057617,28.09000015258789,357300.0,18.998321533203125
2001-05-22,28.049999237060547,27.399999618530273,28.049999237060547,27.540000915527344,291200.0,18.626338958740234
2001-05-23,27.5,27.1299991607666,27.399999618530273,27.329999923706055,311500.0,18.484304428100586
2001-05-24,27.389999389648438,26.399999618530273,27.299999237060547,26.760000228881836,592600.0,18.098793029785156
2001-05-25,27.100000381469727,26.540000915527344,27.100000381469727,26.610000610351562,435500.0,17.99734115600586
2001-05-29,26.81999969482422,26.489999771118164,26.739999771118164,26.639999389648438,520500.0,18.01763343811035
2001-05-30,26.899999618530273,26.579999923706055,26.600000381469727,26.579999923706055,225500.0,17.9770565032959
2001-05-31,26.610000610351562,26.170000076293945,26.450000762939453,26.25,714800.0,17.75386619567871
2001-06-01,26.399999618530273,25.969999313354492,26.399999618530273,26.079999923706055,451400.0,17.638879776000977
2001-06-04,26.200000762939453,25.899999618530273,26.079999923706055,26.09000015258789,372100.0,17.64564323425293
2001-06-05,26.700000762939453,25.899999618530273,26.25,26.540000915527344,269500.0,17.949995040893555
2001-06-06,27.25,26.450000762939453,27.25,26.520000457763672,689900.0,17.936477661132812
2001-06-07,27.0,26.530000686645508,26.850000381469727,26.75,176600.0,18.092025756835938
2001-06-08,26.950000762939453,26.6200008392334,26.899999618530273,26.84000015258789,164100.0,18.152904510498047
2001-06-11,26.649999618530273,26.389999389648438,26.5,26.5,177200.0,17.922950744628906
2001-06-12,26.530000686645508,26.25,26.25,26.459999084472656,293300.0,17.89589500427246
2001-06-13,26.700000762939453,26.440000534057617,26.469999313354492,26.520000457763672,133000.0,17.936477661132812
2001-06-14,26.520000457763672,25.6200008392334,26.520000457763672,25.81999969482422,242300.0,17.463043212890625
2001-06-15,26.200000762939453,25.75,26.200000762939453,25.850000381469727,457800.0,17.483333587646484
2001-06-18,25.979999542236328,25.5,25.850000381469727,25.549999237060547,300600.0,17.28042221069336
2001-06-19,25.549999237060547,25.280000686645508,25.5,25.350000381469727,394000.0,17.14515495300293
2001-06-20,25.709999084472656,25.399999618530273,25.530000686645508,25.43000030517578,221300.0,17.19926643371582
2001-06-21,25.649999618530273,25.200000762939453,25.5,25.489999771118164,520900.0,17.239843368530273
2001-06-22,25.389999389648438,25.0,25.350000381469727,25.149999618530273,244300.0,17.110580444335938
2001-06-25,25.15999984741211,24.389999389648438,25.149999618530273,24.450000762939453,403700.0,16.634342193603516
2001-06-26,24.860000610351562,24.350000381469727,24.450000762939453,24.6299991607666,398000.0,16.756797790527344
2001-06-27,25.0,24.75,24.75,24.959999084472656,176500.0,16.98131561279297
2001-06-28,25.309999465942383,24.899999618530273,24.899999618530273,25.0,283600.0,17.00853729248047
2001-06-29,25.850000381469727,25.09000015258789,25.200000762939453,25.1299991607666,592500.0,17.096975326538086
2001-07-02,26.020000457763672,25.450000762939453,25.5,25.90999984741211,360100.0,17.62763786315918
2001-07-03,26.049999237060547,25.520000457763672,25.899999618530273,25.969999313354492,264700.0,17.668460845947266
2001-07-05,25.979999542236328,25.530000686645508,25.959999084472656,25.540000915527344,236000.0,17.375919342041016
2001-07-06,25.739999771118164,24.969999313354492,25.299999237060547,25.010000228881836,347300.0,17.01533317565918
2001-07-09,25.75,25.110000610351562,25.200000762939453,25.56999969482422,280800.0,17.396324157714844
2001-07-10,25.729999542236328,25.420000076293945,25.5,25.450000762939453,185400.0,17.314685821533203
2001-07-11,26.059999465942383,25.399999618530273,25.399999618530273,25.799999237060547,209000.0,17.552797317504883
2001-07-12,26.6200008392334,25.760000228881836,26.5,26.0,427600.0,17.688867568969727
2001-07-13,26.059999465942383,25.799999237060547,25.969999313354492,26.020000457763672,322000.0,17.702472686767578
2001-07-16,26.25,25.90999984741211,26.100000381469727,26.030000686645508,332400.0,17.70928192138672
2001-07-17,26.5,26.030000686645508,26.030000686645508,26.110000610351562,187300.0,17.763702392578125
2001-07-18,27.239999771118164,26.110000610351562,26.110000610351562,27.239999771118164,461500.0,18.532493591308594
2001-07-19,28.350000381469727,27.399999618530273,27.450000762939453,28.0,480100.0,19.04954719543457
2001-07-20,28.15999984741211,27.719999313354492,28.0,28.0,272700.0,19.04954719543457
2001-07-23,28.200000762939453,27.5,28.149999618530273,28.1200008392334,414000.0,19.131195068359375
2001-07-24,28.549999237060547,27.719999313354492,28.0,28.139999389648438,665500.0,19.144798278808594
2001-07-25,28.200000762939453,27.920000076293945,28.139999389648438,27.989999771118164,396400.0,19.042753219604492
2001-07-26,28.350000381469727,26.959999084472656,27.75,27.940000534057617,602700.0,19.00872802734375
2001-07-27,28.200000762939453,27.739999771118164,28.0,27.84000015258789,247900.0,18.940696716308594
2001-07-30,28.610000610351562,27.5,27.799999237060547,28.530000686645508,201400.0,19.410133361816406
2001-07-31,29.479999542236328,28.600000381469727,28.600000381469727,29.1299991607666,490100.0,19.818330764770508
2001-08-01,29.34000015258789,28.84000015258789,29.1299991607666,29.1299991607666,521900.0,19.818330764770508
2001-08-02,29.989999771118164,29.1200008392334,29.1299991607666,29.90999984741211,524000.0,20.349000930786133
2001-08-03,29.93000030517578,28.799999237060547,29.90999984741211,29.360000610351562,384700.0,19.974821090698242
2001-08-06,29.600000381469727,29.40999984741211,29.600000381469727,29.510000228881836,285900.0,20.076871871948242
2001-08-07,30.0,29.510000228881836,29.510000228881836,29.979999542236328,438200.0,20.396625518798828
2001-08-08,30.100000381469727,29.459999084472656,29.979999542236328,29.469999313354492,444400.0,20.04965591430664
2001-08-09,29.479999542236328,28.93000030517578,29.469999313354492,29.059999465942383,259500.0,19.770709991455078
2001-08-10,29.190000534057617,28.450000762939453,29.049999237060547,28.8799991607666,442500.0,19.648252487182617
2001-08-13,29.200000762939453,28.770000457763672,28.950000762939453,29.149999618530273,425000.0,19.83194351196289
2001-08-14,29.260000228881836,28.989999771118164,29.100000381469727,29.15999984741211,424100.0,19.8387451171875
2001-08-15,29.600000381469727,29.049999237060547,29.25,29.579999923706055,312600.0,20.12449073791504
2001-08-16,31.420000076293945,29.510000228881836,29.700000762939453,31.260000228881836,1151600.0,21.267467498779297
2001-08-17,31.549999237060547,30.799999237060547,30.899999618530273,31.100000381469727,488700.0,21.15860939025879
2001-08-20,31.149999618530273,30.700000762939453,31.100000381469727,31.100000381469727,318100.0,21.15860939025879
2001-08-21,31.229999542236328,30.989999771118164,31.229999542236328,31.149999618530273,267600.0,21.19261932373047
2001-08-22,31.600000381469727,30.809999465942383,31.15999984741211,31.329999923706055,307800.0,21.31508445739746
2001-08-23,31.600000381469727,31.059999465942383,31.329999923706055,31.06999969482422,265200.0,21.13819122314453
2001-08-24,31.110000610351562,30.760000228881836,31.06999969482422,30.850000381469727,515600.0,20.988527297973633
2001-08-27,31.020000457763672,30.649999618530273,30.860000610351562,30.700000762939453,343000.0,20.886476516723633
2001-08-28,30.709999084472656,30.299999237060547,30.709999084472656,30.489999771118164,247900.0,20.743602752685547
2001-08-29,30.5,29.920000076293945,30.5,30.25,265900.0,20.5803279876709
2001-08-30,30.489999771118164,30.06999969482422,30.399999618530273,30.229999542236328,339800.0,20.566709518432617
2001-08-31,30.299999237060547,30.0,30.100000381469727,30.149999618530273,278500.0,20.512290954589844
2001-09-04,30.5,30.149999618530273,30.15999984741211,30.149999618530273,326800.0,20.512290954589844
2001-09-05,30.139999389648438,29.0,29.899999618530273,30.110000610351562,707800.0,20.485074996948242
2001-09-06,30.0,29.68000030517578,29.709999084472656,29.959999084472656,282500.0,20.383014678955078
2001-09-07,29.700000762939453,29.40999984741211,29.700000762939453,29.5,379400.0,20.0700626373291
2001-09-10,29.520000457763672,29.0,29.25,29.1299991607666,263300.0,19.818330764770508
2001-09-17,28.6200008392334,27.040000915527344,27.100000381469727,28.6200008392334,335500.0,19.471370697021484
2001-09-18,28.200000762939453,27.420000076293945,28.200000762939453,28.15999984741211,513900.0,19.15840721130371
2001-09-19,28.239999771118164,26.600000381469727,28.15999984741211,27.200000762939453,669300.0,18.505277633666992
2001-09-20,27.200000762939453,26.75,27.200000762939453,27.010000228881836,403600.0,18.376012802124023
2001-09-21,26.299999237060547,25.200000762939453,26.0,25.520000457763672,632900.0,17.362306594848633
2001-09-24,26.049999237060547,25.43000030517578,25.5,25.43000030517578,645200.0,17.403369903564453
2001-09-25,27.350000381469727,26.0,27.350000381469727,27.209999084472656,732300.0,18.621536254882812
2001-09-26,27.899999618530273,26.799999237060547,27.350000381469727,27.100000381469727,524600.0,18.546247482299805
2001-09-27,27.280000686645508,26.56999969482422,26.860000610351562,27.209999084472656,502800.0,18.621536254882812
2001-09-28,27.799999237060547,27.299999237060547,27.299999237060547,27.690000534057617,560100.0,18.950035095214844
2001-10-01,27.68000030517578,27.200000762939453,27.549999237060547,27.530000686645508,416100.0,18.840538024902344
2001-10-02,27.989999771118164,27.399999618530273,27.5,27.93000030517578,382000.0,19.114276885986328
2001-10-03,26.75,24.65999984741211,26.450000762939453,25.6200008392334,3018600.0,17.53339195251465
2001-10-04,25.6299991607666,24.100000381469727,25.6299991607666,25.440000534057617,1661500.0,17.41020965576172
2001-10-05,26.84000015258789,25.3799991607666,25.450000762939453,26.799999237060547,695100.0,18.340944290161133
2001-10-08,26.700000762939453,26.1299991607666,26.549999237060547,26.309999465942383,299800.0,18.0056095123291
2001-10-09,26.959999084472656,26.239999771118164,26.260000228881836,26.639999389648438,442000.0,18.231449127197266
2001-10-10,27.399999618530273,26.450000762939453,26.5,27.149999618530273,323400.0,18.580476760864258
2001-10-11,27.690000534057617,27.049999237060547,27.049999237060547,27.299999237060547,455800.0,18.68311882019043
2001-10-12,27.25,26.5,27.25,27.020000457763672,327200.0,18.491512298583984
2001-10-15,27.15999984741211,26.5,27.149999618530273,26.799999237060547,325400.0,18.340944290161133
2001-10-16,27.149999618530273,26.59000015258789,27.049999237060547,26.93000030517578,311300.0,18.429914474487305
2001-10-17,27.25,26.75,27.0,26.920000076293945,434200.0,18.42306900024414
2001-10-18,27.260000228881836,26.799999237060547,26.920000076293945,27.15999984741211,223600.0,18.587318420410156
2001-10-19,27.950000762939453,27.100000381469727,27.170000076293945,27.90999984741211,606200.0,19.100595474243164
2001-10-22,28.100000381469727,27.700000762939453,27.75,28.030000686645508,575800.0,19.18269920349121
2001-10-23,28.450000762939453,27.399999618530273,28.350000381469727,27.8700008392334,457500.0,19.073211669921875
2001-10-24,27.8799991607666,26.8700008392334,27.8799991607666,27.31999969482422,327100.0,18.696813583374023
2001-10-25,28.0,27.149999618530273,27.200000762939453,28.0,684700.0,19.162179946899414
2001-10-26,28.200000762939453,27.649999618530273,28.0,28.139999389648438,436100.0,19.25799560546875
2001-10-29,28.489999771118164,27.889999389648438,28.100000381469727,28.200000762939453,412100.0,19.299053192138672
2001-10-30,28.200000762939453,27.5,28.200000762939453,28.079999923706055,396600.0,19.216928482055664
2001-10-31,28.899999618530273,27.799999237060547,28.100000381469727,28.510000228881836,553800.0,19.511213302612305
2001-11-01,29.0,28.25,28.520000457763672,29.0,297000.0,19.846546173095703
2001-11-02,29.100000381469727,28.600000381469727,28.799999237060547,28.920000076293945,420700.0,19.79179573059082
2001-11-05,29.75,29.0,29.75,29.280000686645508,788200.0,20.038166046142578
2001-11-06,29.649999618530273,28.90999984741211,29.0,29.639999389648438,331100.0,20.284542083740234
2001-11-07,29.799999237060547,29.3700008392334,29.799999237060547,29.459999084472656,499900.0,20.161354064941406
2001-11-08,29.700000762939453,28.899999618530273,29.649999618530273,29.469999313354492,455600.0,20.16819190979004
2001-11-09,29.520000457763672,29.1299991607666,29.299999237060547,29.5,351000.0,20.188724517822266
2001-11-12,29.510000228881836,29.0,29.510000228881836,29.399999618530273,306200.0,20.120288848876953
2001-11-13,29.899999618530273,29.399999618530273,29.5,29.639999389648438,283400.0,20.284542083740234
2001-11-14,30.649999618530273,29.690000534057617,29.690000534057617,30.450000762939453,525900.0,20.8388729095459
2001-11-15,30.989999771118164,30.25,30.360000610351562,30.600000381469727,575600.0,20.941526412963867
2001-11-16,30.950000762939453,30.350000381469727,30.950000762939453,30.510000228881836,349600.0,20.879932403564453
2001-11-19,30.8700008392334,30.299999237060547,30.299999237060547,30.8700008392334,425800.0,21.126310348510742
2001-11-20,30.899999618530273,30.649999618530273,30.850000381469727,30.75,281500.0,21.044185638427734
2001-11-21,30.790000915527344,30.389999389648438,30.600000381469727,30.739999771118164,417400.0,21.037336349487305
2001-11-23,31.1200008392334,30.649999618530273,30.690000534057617,31.100000381469727,117500.0,21.28371238708496
2001-11-26,30.989999771118164,30.700000762939453,30.989999771118164,30.760000228881836,336100.0,21.051029205322266
2001-11-27,30.739999771118164,30.200000762939453,30.700000762939453,30.440000534057617,259800.0,20.8320255279541
2001-11-28,30.729999542236328,30.100000381469727,30.399999618530273,30.510000228881836,158100.0,20.879932403564453
2001-11-29,30.510000228881836,30.100000381469727,30.510000228881836,30.440000534057617,138300.0,20.8320255279541
2001-11-30,30.799999237060547,30.200000762939453,30.200000762939453,30.649999618530273,295300.0,20.975738525390625
2001-12-03,30.350000381469727,29.829999923706055,30.100000381469727,30.190000534057617,300600.0,20.66094398498535
2001-12-04,30.360000610351562,30.010000228881836,30.200000762939453,30.360000610351562,165700.0,20.77728271484375
2001-12-05,31.690000534057617,30.360000610351562,30.360000610351562,31.450000762939453,450300.0,21.52323341369629
2001-12-06,31.350000381469727,30.510000228881836,31.350000381469727,30.860000610351562,270000.0,21.119457244873047
2001-12-07,30.8700008392334,29.989999771118164,30.8700008392334,30.239999771118164,251400.0,20.695161819458008
2001-12-10,30.299999237060547,29.81999969482422,30.100000381469727,30.049999237060547,315200.0,20.565120697021484
2001-12-11,30.270000457763672,29.600000381469727,29.950000762939453,29.920000076293945,310100.0,20.476163864135742
2001-12-12,30.149999618530273,29.719999313354492,30.0,29.809999465942383,201300.0,20.400888442993164
2001-12-13,29.989999771118164,29.5,29.700000762939453,29.600000381469727,253000.0,20.257165908813477
2001-12-14,29.950000762939453,29.5,29.600000381469727,29.700000762939453,186400.0,20.325597763061523
2001-12-17,30.190000534057617,29.40999984741211,29.450000762939453,30.059999465942383,320900.0,20.571969985961914
2001-12-18,30.75,29.899999618530273,29.899999618530273,30.549999237060547,224900.0,20.90730857849121
2001-12-19,31.0,30.25,30.559999465942383,30.770000457763672,223600.0,21.05787467956543
2001-12-20,30.579999923706055,30.209999084472656,30.469999313354492,30.299999237060547,212800.0,20.83779525756836
2001-12-21,30.450000762939453,29.790000915527344,30.450000762939453,29.989999771118164,387000.0,20.62460708618164
2001-12-24,30.200000762939453,29.850000381469727,29.850000381469727,30.1200008392334,69300.0,20.71401023864746
2001-12-26,30.459999084472656,30.0,30.020000457763672,30.190000534057617,162600.0,20.762157440185547
2001-12-27,30.399999618530273,29.8700008392334,30.399999618530273,29.950000762939453,170900.0,20.597097396850586
2001-12-28,30.010000228881836,29.700000762939453,29.799999237060547,29.860000610351562,201400.0,20.53520965576172
2001-12-31,30.0,29.6200008392334,29.950000762939453,29.709999084472656,214600.0,20.432048797607422
2002-01-02,29.850000381469727,28.8700008392334,29.850000381469727,29.549999237060547,425800.0,20.322004318237305
2002-01-03,29.56999969482422,28.889999389648438,29.399999618530273,29.18000030517578,441100.0,20.067556381225586
2002-01-04,29.5,29.190000534057617,29.190000534057617,29.450000762939453,298200.0,20.25324249267578
2002-01-07,29.649999618530273,28.850000381469727,29.5,29.040000915527344,269400.0,19.97127914428711
2002-01-08,28.979999542236328,28.600000381469727,28.940000534057617,28.84000015258789,295900.0,19.833728790283203
2002-01-09,29.18000030517578,28.75,28.850000381469727,28.8700008392334,203200.0,19.8543701171875
2002-01-10,28.899999618530273,28.3700008392334,28.899999618530273,28.3700008392334,349700.0,19.51050567626953
2002-01-11,28.81999969482422,28.350000381469727,28.399999618530273,28.479999542236328,351600.0,19.58616065979004
2002-01-14,28.34000015258789,27.399999618530273,28.200000762939453,27.420000076293945,499000.0,18.857175827026367
2002-01-15,28.389999389648438,27.329999923706055,27.420000076293945,28.329999923706055,578100.0,19.483001708984375
2002-01-16,28.729999542236328,28.1299991607666,28.329999923706055,28.299999237060547,346000.0,19.462371826171875
2002-01-17,28.329999923706055,27.709999084472656,28.25,28.239999771118164,462500.0,19.42110824584961
2002-01-18,28.600000381469727,28.200000762939453,28.239999771118164,28.260000228881836,411100.0,19.434864044189453
2002-01-22,28.850000381469727,28.399999618530273,28.450000762939453,28.700000762939453,320100.0,19.737455368041992
2002-01-23,29.75,29.030000686645508,29.75,29.15999984741211,416300.0,20.053808212280273
2002-01-24,29.299999237060547,28.899999618530273,29.299999237060547,29.079999923706055,359900.0,19.99879264831543
2002-01-25,29.889999389648438,29.049999237060547,29.100000381469727,29.6299991607666,305100.0,20.37701988220215
2002-01-28,29.540000915527344,28.600000381469727,29.530000686645508,28.770000457763672,612200.0,19.785594940185547
2002-01-29,29.149999618530273,28.799999237060547,29.049999237060547,28.899999618530273,927700.0,19.875
2002-01-30,31.100000381469727,29.030000686645508,29.049999237060547,30.600000381469727,654400.0,21.044111251831055
2002-01-31,30.649999618530273,29.950000762939453,30.649999618530273,30.09000015258789,545300.0,20.69337272644043
2002-02-01,31.200000762939453,29.969999313354492,30.09000015258789,31.049999237060547,486300.0,21.35359001159668
2002-02-04,31.18000030517578,30.6299991607666,31.030000686645508,30.950000762939453,356100.0,21.284822463989258
2002-02-05,32.25,31.18000030517578,31.25,32.150001525878906,1030400.0,22.110074996948242
2002-02-06,33.0,31.729999542236328,33.0,32.09000015258789,640900.0,22.068817138671875
2002-02-07,32.400001525878906,31.649999618530273,32.06999969482422,32.29999923706055,473800.0,22.21323585510254
2002-02-08,32.25,31.6299991607666,32.099998474121094,32.18000030517578,264200.0,22.130699157714844
2002-02-11,32.9900016784668,32.119998931884766,32.16999816894531,32.90999984741211,353600.0,22.63274383544922
2002-02-12,33.54999923706055,32.5099983215332,32.70000076293945,33.47999954223633,734200.0,23.024734497070312
2002-02-13,33.619998931884766,32.400001525878906,33.349998474121094,32.9900016784668,716700.0,22.687755584716797
2002-02-14,33.099998474121094,32.5,33.0,32.790000915527344,420800.0,22.550209045410156
2002-02-15,33.41999816894531,32.70000076293945,33.0,33.209999084472656,288900.0,22.83905029296875
2002-02-19,33.189998626708984,32.77000045776367,33.099998474121094,33.150001525878906,216500.0,22.79778480529785
2002-02-20,33.400001525878906,32.54999923706055,33.02000045776367,33.349998474121094,299100.0,22.93533706665039
2002-02-21,33.68000030517578,33.0,33.36000061035156,33.459999084472656,348700.0,23.010986328125
2002-02-22,34.29999923706055,33.5,33.5099983215332,34.029998779296875,353500.0,23.40298080444336
2002-02-25,34.54999923706055,33.65999984741211,34.099998474121094,34.0,573600.0,23.382352828979492
2002-02-26,34.0,33.5,34.0,33.66999816894531,404300.0,23.15540885925293
2002-02-27,34.15999984741211,33.599998474121094,33.650001525878906,33.970001220703125,257600.0,23.36172103881836
2002-02-28,34.56999969482422,33.70000076293945,33.70000076293945,34.45000076293945,392400.0,23.691818237304688
2002-03-01,34.90999984741211,34.29999923706055,34.459999084472656,34.90999984741211,288100.0,24.00816535949707
2002-03-04,35.5,34.7599983215332,34.95000076293945,35.22999954223633,441900.0,24.228235244750977
2002-03-05,35.11000061035156,34.20000076293945,35.099998474121094,34.5099983215332,250100.0,23.733083724975586
2002-03-06,34.779998779296875,34.25,34.650001525878906,34.65999984741211,517100.0,23.83624839782715
2002-03-07,34.65999984741211,34.20000076293945,34.65999984741211,34.45000076293945,635300.0,23.691818237304688
2002-03-08,34.650001525878906,33.56999969482422,34.5,33.88999938964844,686600.0,23.306697845458984
2002-03-11,33.93000030517578,33.349998474121094,33.88999938964844,33.900001525878906,258100.0,23.313579559326172
2002-03-12,33.79999923706055,33.36000061035156,33.79999923706055,33.58000183105469,360200.0,23.09351348876953
2002-03-13,34.029998779296875,33.36000061035156,33.58000183105469,33.650001525878906,439700.0,23.14164924621582
2002-03-14,34.0099983215332,33.650001525878906,33.650001525878906,33.959999084472656,538400.0,23.354841232299805
2002-03-15,35.310001373291016,33.9900016784668,34.029998779296875,35.099998474121094,546000.0,24.138832092285156
2002-03-18,35.279998779296875,34.70000076293945,34.75,35.02000045776367,425300.0,24.08382225036621
2002-03-19,35.599998474121094,34.79999923706055,35.029998779296875,35.400001525878906,295700.0,24.34516143798828
2002-03-20,35.95000076293945,35.20000076293945,35.54999923706055,35.29999923706055,290700.0,24.276382446289062
2002-03-21,35.470001220703125,34.77000045776367,35.310001373291016,35.06999969482422,462300.0,24.118206024169922
2002-03-22,35.20000076293945,34.599998474121094,35.040000915527344,34.90999984741211,177000.0,24.111303329467773
2002-03-25,35.0,34.47999954223633,35.0,34.61000061035156,151100.0,23.90410041809082
2002-03-26,34.900001525878906,33.849998474121094,34.150001525878906,34.880001068115234,235500.0,24.090585708618164
2002-03-27,35.099998474121094,34.75,34.88999938964844,35.0,154700.0,24.173460006713867
2002-03-28,35.20000076293945,34.79999923706055,34.900001525878906,34.970001220703125,181000.0,24.152738571166992
2002-04-01,35.400001525878906,34.5099983215332,34.97999954223633,35.22999954223633,363200.0,24.332311630249023
2002-04-02,35.900001525878906,34.97999954223633,35.150001525878906,35.7400016784668,457200.0,24.684553146362305
2002-04-03,35.79999923706055,34.970001220703125,35.79999923706055,35.04999923706055,251800.0,24.207988739013672
2002-04-04,35.56999969482422,35.0,35.04999923706055,35.31999969482422,402900.0,24.39447784423828
2002-04-05,35.900001525878906,35.33000183105469,35.400001525878906,35.560001373291016,269900.0,24.560230255126953
2002-04-08,36.0,35.400001525878906,35.400001525878906,35.93000030517578,235800.0,24.815786361694336
2002-04-09,36.16999816894531,35.630001068115234,35.70000076293945,35.97999954223633,481700.0,24.850311279296875
2002-04-10,37.16999816894531,36.040000915527344,36.040000915527344,36.97999954223633,254200.0,25.540990829467773
2002-04-11,37.45000076293945,36.790000915527344,36.97999954223633,37.029998779296875,245600.0,25.575511932373047
2002-04-12,37.36000061035156,36.52000045776367,36.9900016784668,37.31999969482422,243200.0,25.775821685791016
2002-04-15,37.25,36.58000183105469,37.25,36.7599983215332,271200.0,25.3890438079834
2002-04-16,36.79999923706055,36.119998931884766,36.5,36.5,718800.0,25.209476470947266
2002-04-17,36.29999923706055,35.75,36.29999923706055,35.81999969482422,476800.0,24.73980712890625
2002-04-18,35.900001525878906,34.900001525878906,35.83000183105469,35.619998931884766,629400.0,24.6016845703125
2002-04-19,36.099998474121094,35.619998931884766,35.849998474121094,36.029998779296875,228900.0,24.884851455688477
2002-04-22,36.0,35.34000015258789,36.0,35.470001220703125,373600.0,24.498075485229492
2002-04-23,35.36000061035156,35.04999923706055,35.29999923706055,35.150001525878906,276800.0,24.277050018310547
2002-04-24,35.59000015258789,35.09000015258789,35.5,35.209999084472656,186000.0,24.318500518798828
2002-04-25,34.5,30.610000610351562,34.5,32.150001525878906,2198800.0,22.205047607421875
2002-04-26,32.7599983215332,31.889999389648438,32.15999984741211,32.33000183105469,844100.0,22.329368591308594
2002-04-29,32.5,31.850000381469727,32.20000076293945,32.13999938964844,337400.0,22.198144912719727
2002-04-30,32.47999954223633,31.850000381469727,31.989999771118164,32.20000076293945,474200.0,22.239591598510742
2002-05-01,32.599998474121094,31.850000381469727,32.2400016784668,32.47999954223633,423100.0,22.432971954345703
2002-05-02,33.400001525878906,32.43000030517578,32.5,33.08000183105469,378100.0,22.847366333007812
2002-05-03,33.2400016784668,32.630001068115234,33.099998474121094,33.13999938964844,215500.0,22.888811111450195
2002-05-06,33.290000915527344,32.77000045776367,33.20000076293945,32.81999969482422,339800.0,22.667800903320312
2002-05-07,33.099998474121094,32.56999969482422,32.83000183105469,32.81999969482422,190700.0,22.667800903320312
2002-05-08,33.5099983215332,32.599998474121094,32.95000076293945,33.470001220703125,531200.0,23.116735458374023
2002-05-09,33.9900016784668,33.369998931884766,33.459999084472656,33.7599983215332,350500.0,23.317026138305664
2002-05-10,33.900001525878906,33.25,33.79999923706055,33.56999969482422,276900.0,23.185810089111328
2002-05-13,33.72999954223633,33.439998626708984,33.5,33.72999954223633,298000.0,23.296314239501953
2002-05-14,33.97999954223633,33.5,33.900001525878906,33.7599983215332,307900.0,23.317026138305664
2002-05-15,33.95000076293945,33.470001220703125,33.79999923706055,33.599998474121094,207800.0,23.206525802612305
2002-05-16,34.150001525878906,33.70000076293945,33.70000076293945,34.11000061035156,341100.0,23.558767318725586
2002-05-17,34.25,33.810001373291016,34.150001525878906,34.18000030517578,299000.0,23.60710906982422
2002-05-20,34.18000030517578,33.900001525878906,34.18000030517578,33.97999954223633,261200.0,23.468982696533203
2002-05-21,34.25,33.91999816894531,34.029998779296875,34.04999923706055,262500.0,23.517330169677734
2002-05-22,34.220001220703125,33.959999084472656,34.099998474121094,34.04999923706055,232300.0,23.517330169677734
2002-05-23,34.04999923706055,33.61000061035156,34.04999923706055,33.779998779296875,379700.0,23.330839157104492
2002-05-24,34.099998474121094,33.72999954223633,33.7599983215332,33.84000015258789,429800.0,23.372282028198242
2002-05-28,33.95000076293945,33.349998474121094,33.900001525878906,33.7400016784668,258300.0,23.3032169342041
2002-05-29,33.88999938964844,32.95000076293945,33.75,33.27000045776367,721400.0,22.978607177734375
2002-05-30,33.75,33.209999084472656,33.279998779296875,33.599998474121094,325500.0,23.206525802612305
2002-05-31,34.22999954223633,33.689998626708984,33.70000076293945,34.060001373291016,311300.0,23.52422523498535
2002-06-03,34.4900016784668,33.95000076293945,34.0,34.04999923706055,542600.0,23.517330169677734
2002-06-04,34.33000183105469,33.869998931884766,34.029998779296875,34.0,469300.0,23.482791900634766
2002-06-05,35.099998474121094,34.0,34.25,34.90999984741211,312100.0,24.111303329467773
2002-06-06,35.09000015258789,34.290000915527344,35.0,34.4900016784668,264500.0,23.821226119995117
2002-06-07,34.79999923706055,34.02000045776367,34.5,34.2400016784668,328300.0,23.648548126220703
2002-06-10,34.369998931884766,33.79999923706055,34.20000076293945,34.20000076293945,244200.0,23.620925903320312
2002-06-11,34.779998779296875,34.06999969482422,34.45000076293945,34.18000030517578,277400.0,23.60710906982422
2002-06-12,35.20000076293945,34.189998626708984,34.189998626708984,35.119998931884766,317800.0,24.256336212158203
2002-06-13,35.08000183105469,34.54999923706055,35.08000183105469,34.630001068115234,335300.0,23.917911529541016
2002-06-14,34.540000915527344,33.83000183105469,34.5,34.119998931884766,358300.0,23.565683364868164
2002-06-17,35.15999984741211,33.7400016784668,34.16999816894531,35.09000015258789,326400.0,24.235624313354492
2002-06-18,35.0,34.310001373291016,34.70000076293945,34.40999984741211,262600.0,23.76596450805664
2002-06-19,35.0,34.2599983215332,34.5,34.2599983215332,184700.0,23.662363052368164
2002-06-20,34.09000015258789,32.59000015258789,34.040000915527344,33.08000183105469,880500.0,22.847366333007812
2002-06-21,33.099998474121094,32.54999923706055,32.70000076293945,32.91999816894531,928100.0,22.736854553222656
2002-06-24,33.189998626708984,32.5099983215332,32.77000045776367,32.75,459300.0,22.722978591918945
2002-06-25,32.93000030517578,31.700000762939453,32.52000045776367,31.799999237060547,518000.0,22.063854217529297
2002-06-26,32.040000915527344,31.139999389648438,31.809999465942383,31.969999313354492,463000.0,22.181798934936523
2002-06-27,32.2599983215332,31.549999237060547,31.950000762939453,32.2599983215332,444700.0,22.383010864257812
2002-06-28,32.95000076293945,32.310001373291016,32.369998931884766,32.4900016784668,816800.0,22.542587280273438
2002-07-01,32.599998474121094,31.860000610351562,32.599998474121094,32.31999969482422,299100.0,22.424646377563477
2002-07-02,32.310001373291016,31.299999237060547,32.310001373291016,31.31999969482422,253000.0,21.730810165405273
2002-07-03,31.799999237060547,30.06999969482422,31.299999237060547,30.899999618530273,366400.0,21.439401626586914
2002-07-05,32.02000045776367,30.790000915527344,30.799999237060547,31.899999618530273,155700.0,22.133228302001953
2002-07-08,32.20000076293945,31.65999984741211,31.950000762939453,31.950000762939453,193800.0,22.167926788330078
2002-07-09,32.650001525878906,31.950000762939453,31.950000762939453,32.150001525878906,408800.0,22.30669593811035
2002-07-10,32.59000015258789,31.469999313354492,32.20000076293945,31.540000915527344,357500.0,21.883455276489258
2002-07-11,31.59000015258789,30.510000228881836,31.450000762939453,31.059999465942383,450100.0,21.550413131713867
2002-07-12,31.520000457763672,30.360000610351562,31.059999465942383,30.719999313354492,221900.0,21.314512252807617
2002-07-15,30.690000534057617,28.950000762939453,30.690000534057617,30.200000762939453,349200.0,20.953723907470703
2002-07-16,30.229999542236328,28.84000015258789,30.170000076293945,29.450000762939453,324800.0,20.433353424072266
2002-07-17,30.270000457763672,29.600000381469727,29.950000762939453,29.829999923706055,390000.0,20.69700050354004
2002-07-18,30.420000076293945,29.420000076293945,30.0,29.540000915527344,367000.0,20.49578857421875
2002-07-19,29.200000762939453,28.030000686645508,28.979999542236328,28.15999984741211,406200.0,19.53830337524414
2002-07-22,29.25,27.510000228881836,27.75,27.520000457763672,674500.0,19.094242095947266
2002-07-23,28.950000762939453,27.520000457763672,27.520000457763672,28.170000076293945,539900.0,19.54524040222168
2002-07-24,29.559999465942383,27.0,27.170000076293945,29.489999771118164,848800.0,20.461105346679688
2002-07-25,30.299999237060547,28.950000762939453,29.299999237060547,29.90999984741211,612900.0,20.752506256103516
2002-07-26,30.079999923706055,29.25,29.950000762939453,29.690000534057617,315900.0,20.59986114501953
2002-07-29,30.469999313354492,29.760000228881836,30.0,30.299999237060547,430900.0,21.02309799194336
2002-07-30,30.360000610351562,29.3700008392334,30.200000762939453,29.59000015258789,392900.0,20.530485153198242
2002-07-31,30.670000076293945,29.700000762939453,29.799999237060547,30.59000015258789,351700.0,21.22430992126465
2002-08-01,30.59000015258789,26.049999237060547,26.5,29.420000076293945,2170300.0,20.41252899169922
2002-08-02,29.450000762939453,28.579999923706055,29.170000076293945,28.850000381469727,530300.0,20.017045974731445
2002-08-05,29.0,28.149999618530273,28.510000228881836,28.229999542236328,397400.0,19.586870193481445
2002-08-06,30.0,28.479999542236328,28.479999542236328,29.40999984741211,744300.0,20.40559196472168
2002-08-07,30.010000228881836,29.3799991607666,29.440000534057617,29.850000381469727,379200.0,20.71087646484375
2002-08-08,30.290000915527344,29.68000030517578,29.860000610351562,29.81999969482422,755400.0,20.690061569213867
2002-08-09,30.739999771118164,29.799999237060547,29.829999923706055,30.309999465942383,288100.0,21.03003692626953
2002-08-12,30.520000457763672,30.049999237060547,30.280000686645508,30.299999237060547,189800.0,21.02309799194336
2002-08-13,31.0,30.030000686645508,30.149999618530273,30.5,370600.0,21.161863327026367
2002-08-14,31.989999771118164,30.299999237060547,30.5,31.790000915527344,704700.0,22.056907653808594
2002-08-15,32.34000015258789,31.510000228881836,31.799999237060547,31.899999618530273,657900.0,22.133228302001953
2002-08-16,32.25,31.5,31.899999618530273,31.860000610351562,264600.0,22.105478286743164
2002-08-19,32.54999923706055,31.799999237060547,31.860000610351562,32.349998474121094,318500.0,22.445457458496094
2002-08-20,32.5,31.709999084472656,32.33000183105469,32.060001373291016,254500.0,22.244245529174805
2002-08-21,32.380001068115234,31.889999389648438,32.099998474121094,32.150001525878906,305300.0,22.30669593811035
2002-08-22,32.900001525878906,32.13999938964844,32.349998474121094,32.779998779296875,255600.0,22.743804931640625
2002-08-23,32.779998779296875,32.13999938964844,32.779998779296875,32.16999816894531,279100.0,22.3205623626709
2002-08-26,32.58000183105469,32.0,32.369998931884766,32.349998474121094,288200.0,22.445457458496094
2002-08-27,32.83000183105469,32.22999954223633,32.75,32.59000015258789,293300.0,22.61197280883789
2002-08-28,32.77000045776367,32.0,32.59000015258789,32.0,304300.0,22.202611923217773
2002-08-29,32.34000015258789,31.700000762939453,31.969999313354492,32.16999816894531,263900.0,22.3205623626709
2002-08-30,32.7400016784668,31.969999313354492,32.099998474121094,32.25,295300.0,22.376075744628906
2002-09-03,32.0,31.209999084472656,32.0,31.299999237060547,255300.0,21.716934204101562
2002-09-04,32.20000076293945,31.25,31.450000762939453,32.20000076293945,238000.0,22.34137725830078
2002-09-05,32.150001525878906,31.799999237060547,32.04999923706055,32.0,316000.0,22.202611923217773
2002-09-06,32.349998474121094,31.739999771118164,32.150001525878906,32.11000061035156,201000.0,22.278940200805664
2002-09-09,32.40999984741211,31.75,32.09000015258789,32.220001220703125,278900.0,22.355253219604492
2002-09-10,32.290000915527344,31.600000381469727,32.0,32.02000045776367,656100.0,22.216493606567383
2002-09-11,32.25,31.860000610351562,32.060001373291016,32.040000915527344,241700.0,22.230363845825195
2002-09-12,31.90999984741211,31.149999618530273,31.899999618530273,31.239999771118164,355400.0,21.675296783447266
2002-09-13,31.200000762939453,30.59000015258789,31.200000762939453,31.09000015258789,402800.0,21.57122802734375
2002-09-16,31.600000381469727,30.979999542236328,31.200000762939453,31.399999618530273,384300.0,21.786319732666016
2002-09-17,31.899999618530273,30.850000381469727,31.899999618530273,30.989999771118164,317200.0,21.501848220825195
2002-09-18,31.0,30.309999465942383,30.959999084472656,30.920000076293945,317700.0,21.453277587890625
2002-09-19,31.700000762939453,30.84000015258789,30.969999313354492,31.100000381469727,491900.0,21.57816505432129
2002-09-20,31.530000686645508,31.079999923706055,31.25,31.459999084472656,591000.0,21.827945709228516
2002-09-23,31.309999465942383,30.799999237060547,30.950000762939453,31.100000381469727,237100.0,21.57816505432129
2002-09-24,30.809999465942383,29.719999313354492,30.799999237060547,29.739999771118164,324100.0,20.734560012817383
2002-09-25,31.0,29.920000076293945,29.989999771118164,30.780000686645508,512200.0,21.45964813232422
2002-09-26,32.20000076293945,30.719999313354492,30.899999618530273,32.15999984741211,505300.0,22.421768188476562
2002-09-27,32.45000076293945,31.700000762939453,32.15999984741211,31.8799991607666,459300.0,22.226552963256836
2002-09-30,31.950000762939453,31.079999923706055,31.75,31.850000381469727,464000.0,22.205644607543945
2002-10-01,33.029998779296875,32.130001068115234,32.20000076293945,33.029998779296875,520800.0,23.02832794189453
2002-10-02,33.27000045776367,32.29999923706055,33.040000915527344,32.5,523200.0,22.658817291259766
2002-10-03,33.599998474121094,32.54999923706055,32.54999923706055,32.91999816894531,443400.0,22.951635360717773
2002-10-04,33.13999938964844,32.08000183105469,32.849998474121094,32.40999984741211,506000.0,22.596073150634766
2002-10-07,33.939998626708984,32.54999923706055,32.54999923706055,33.65999984741211,860000.0,23.467567443847656
2002-10-08,34.25,33.349998474121094,33.75,33.560001373291016,735600.0,23.397846221923828
2002-10-09,33.91999816894531,33.09000015258789,33.560001373291016,33.459999084472656,496800.0,23.328128814697266
2002-10-10,34.0099983215332,33.20000076293945,33.54999923706055,33.75,762700.0,23.53031349182129
2002-10-11,33.75,33.29999923706055,33.400001525878906,33.75,1066900.0,23.53031349182129
2002-10-14,34.689998626708984,33.650001525878906,33.75,34.689998626708984,332800.0,24.185678482055664
2002-10-15,35.900001525878906,34.63999938964844,35.849998474121094,34.77000045776367,831800.0,24.241456985473633
2002-10-16,35.2400016784668,34.209999084472656,34.779998779296875,34.529998779296875,356000.0,24.074119567871094
2002-10-17,35.310001373291016,34.75,35.0,34.7599983215332,547800.0,24.23447608947754
2002-10-18,35.040000915527344,34.52000045776367,34.7599983215332,34.79999923706055,419200.0,24.262371063232422
2002-10-21,35.130001068115234,34.58000183105469,34.77000045776367,35.130001068115234,442600.0,24.492441177368164
2002-10-22,35.18000030517578,33.70000076293945,35.130001068115234,34.16999816894531,376500.0,23.823131561279297
2002-10-23,34.45000076293945,33.75,34.0,34.34000015258789,286400.0,23.941654205322266
2002-10-24,34.790000915527344,33.27000045776367,34.75,33.349998474121094,398300.0,23.251426696777344
2002-10-25,33.599998474121094,32.84000015258789,33.36000061035156,33.380001068115234,561700.0,23.2723445892334
2002-10-28,33.54999923706055,32.75,33.54999923706055,32.93000030517578,498700.0,22.958616256713867
2002-10-29,34.25,32.93000030517578,32.93000030517578,34.0,662100.0,23.704618453979492
2002-10-30,34.29999923706055,33.7599983215332,34.04999923706055,33.86000061035156,398000.0,23.606998443603516
2002-10-31,34.0,33.4900016784668,33.849998474121094,33.54999923706055,327400.0,23.390869140625
2002-11-01,34.04999923706055,33.349998474121094,33.529998779296875,33.970001220703125,475800.0,23.683691024780273
2002-11-04,34.45000076293945,33.20000076293945,34.45000076293945,33.20000076293945,495000.0,23.1468563079834
2002-11-05,33.779998779296875,32.95000076293945,32.95000076293945,33.650001525878906,430000.0,23.460594177246094
2002-11-06,33.66999816894531,32.900001525878906,33.66999816894531,33.400001525878906,408400.0,23.28629493713379
2002-11-07,33.41999816894531,32.83000183105469,33.369998931884766,33.08000183105469,313100.0,23.06319236755371
2002-11-08,33.900001525878906,33.13999938964844,33.279998779296875,33.18000030517578,316700.0,23.13290786743164
2002-11-11,33.630001068115234,32.43000030517578,33.02000045776367,32.47999954223633,193300.0,22.64487648010254
2002-11-12,33.08000183105469,32.400001525878906,32.540000915527344,32.4900016784668,316600.0,22.65184211730957
2002-11-13,32.90999984741211,32.25,32.5,32.5,316500.0,22.658817291259766
2002-11-14,33.4900016784668,32.61000061035156,32.650001525878906,33.31999969482422,203200.0,23.230518341064453
2002-11-15,33.70000076293945,33.130001068115234,33.25,33.56999969482422,191100.0,23.404817581176758
2002-11-18,33.56999969482422,32.95000076293945,33.56999969482422,33.04999923706055,229100.0,23.04227638244629
2002-11-19,33.5,33.029998779296875,33.060001373291016,33.09000015258789,278600.0,23.07016372680664
2002-11-20,33.13999938964844,32.68000030517578,33.099998474121094,33.06999969482422,297700.0,23.056222915649414
2002-11-21,33.65999984741211,32.869998931884766,33.20000076293945,33.599998474121094,387700.0,23.425735473632812
2002-11-22,33.79999923706055,33.400001525878906,33.599998474121094,33.59000015258789,230500.0,23.418760299682617
2002-11-25,33.869998931884766,33.310001373291016,33.75,33.709999084472656,215100.0,23.502424240112305
2002-11-26,33.709999084472656,33.040000915527344,33.709999084472656,33.189998626708984,210100.0,23.139881134033203
2002-11-27,33.20000076293945,32.47999954223633,32.599998474121094,32.900001525878906,458600.0,22.937692642211914
2002-11-29,33.20000076293945,32.400001525878906,32.400001525878906,33.02000045776367,167400.0,23.021358489990234
2002-12-02,33.099998474121094,32.18000030517578,33.04999923706055,32.54999923706055,332000.0,22.693679809570312
2002-12-03,33.189998626708984,32.5,32.599998474121094,32.84000015258789,242400.0,22.8958683013916
2002-12-04,33.5,32.77000045776367,32.84000015258789,33.15999984741211,281600.0,23.118968963623047
2002-12-05,33.290000915527344,32.560001373291016,33.04999923706055,32.72999954223633,196900.0,22.819175720214844
2002-12-06,33.15999984741211,32.58000183105469,32.599998474121094,33.130001068115234,199300.0,23.098054885864258
2002-12-09,33.2599983215332,32.79999923706055,32.95000076293945,32.86000061035156,396400.0,22.909812927246094
2002-12-10,33.439998626708984,32.83000183105469,33.04999923706055,33.43000030517578,331000.0,23.307207107543945
2002-12-11,33.380001068115234,33.0,33.29999923706055,33.189998626708984,276400.0,23.139881134033203
2002-12-12,33.29999923706055,32.709999084472656,33.29999923706055,32.88999938964844,152800.0,22.930715560913086
2002-12-13,33.18000030517578,32.5,32.52000045776367,32.97999954223633,229200.0,22.993473052978516
2002-12-16,33.70000076293945,32.7599983215332,33.150001525878906,33.599998474121094,295000.0,23.425735473632812
2002-12-17,33.58000183105469,33.20000076293945,33.52000045776367,33.20000076293945,231500.0,23.1468563079834
2002-12-18,33.560001373291016,33.18000030517578,33.209999084472656,33.47999954223633,278200.0,23.342071533203125
2002-12-19,33.599998474121094,33.25,33.47999954223633,33.470001220703125,310000.0,23.335092544555664
2002-12-20,34.25,33.5,33.5,34.099998474121094,458200.0,23.88135528564453
2002-12-23,34.150001525878906,33.84000015258789,34.150001525878906,34.040000915527344,329100.0,23.839338302612305
2002-12-24,34.150001525878906,33.79999923706055,33.79999923706055,34.0,60100.0,23.811323165893555
2002-12-26,34.4900016784668,34.0099983215332,34.099998474121094,34.43000030517578,162200.0,24.112470626831055
2002-12-27,34.54999923706055,34.20000076293945,34.43000030517578,34.41999816894531,410700.0,24.105453491210938
2002-12-30,35.220001220703125,34.4900016784668,34.66999816894531,35.08000183105469,426000.0,24.567689895629883
2002-12-31,35.27000045776367,34.709999084472656,35.08000183105469,35.099998474121094,301000.0,24.581693649291992
2003-01-02,35.849998474121094,35.15999984741211,35.20000076293945,35.779998779296875,596500.0,25.057910919189453
2003-01-03,35.849998474121094,35.5,35.779998779296875,35.79999923706055,433600.0,25.071928024291992
2003-01-06,36.61000061035156,35.70000076293945,35.75,36.56999969482422,394500.0,25.611177444458008
2003-01-07,36.5,35.849998474121094,36.349998474121094,36.0,324300.0,25.21199607849121
2003-01-08,36.099998474121094,35.59000015258789,36.0,35.70000076293945,403600.0,25.001890182495117
2003-01-09,36.29999923706055,35.650001525878906,35.650001525878906,36.29999923706055,273800.0,25.422094345092773
2003-01-10,36.31999969482422,36.02000045776367,36.20000076293945,36.31999969482422,415100.0,25.43610191345215
2003-01-13,36.5,35.470001220703125,36.380001068115234,35.560001373291016,374600.0,24.903841018676758
2003-01-14,35.540000915527344,34.91999816894531,35.5,35.150001525878906,320400.0,24.61670684814453
2003-01-15,35.25,34.5099983215332,35.189998626708984,34.779998779296875,193600.0,24.357576370239258
2003-01-16,35.4900016784668,34.849998474121094,35.0,35.25,292200.0,24.686744689941406
2003-01-17,35.459999084472656,34.63999938964844,35.150001525878906,34.66999816894531,314600.0,24.280532836914062
2003-01-21,34.79999923706055,34.31999969482422,34.400001525878906,34.349998474121094,284200.0,24.056440353393555
2003-01-22,34.5,33.88999938964844,34.349998474121094,33.9900016784668,331800.0,23.804319381713867
2003-01-23,34.04999923706055,33.68000030517578,33.970001220703125,33.779998779296875,357000.0,23.657241821289062
2003-01-24,33.81999969482422,32.849998474121094,33.779998779296875,32.90999984741211,365300.0,23.04796600341797
2003-01-27,32.95000076293945,32.31999969482422,32.7599983215332,32.400001525878906,526800.0,22.690797805786133
2003-01-28,33.0,32.630001068115234,32.75,32.79999923706055,364800.0,22.970924377441406
2003-01-29,32.79999923706055,32.040000915527344,32.79999923706055,32.599998474121094,323600.0,22.83086395263672
2003-01-30,32.619998931884766,31.969999313354492,32.599998474121094,32.060001373291016,319800.0,22.452672958374023
2003-01-31,32.099998474121094,31.549999237060547,31.899999618530273,31.770000457763672,833900.0,22.249591827392578
2003-02-03,32.18000030517578,31.719999313354492,31.809999465942383,32.0,505000.0,22.410659790039062
2003-02-04,32.20000076293945,31.65999984741211,31.899999618530273,32.11000061035156,254800.0,22.48769187927246
2003-02-05,32.709999084472656,31.93000030517578,32.310001373291016,32.0099983215332,218100.0,22.417659759521484
2003-02-06,32.560001373291016,31.799999237060547,32.0099983215332,32.41999816894531,300600.0,22.70479393005371
2003-02-07,32.72999954223633,31.670000076293945,32.5,31.829999923706055,242700.0,22.291593551635742
2003-02-10,32.439998626708984,31.68000030517578,31.93000030517578,32.06999969482422,174600.0,22.459674835205078
2003-02-11,32.630001068115234,31.459999084472656,32.45000076293945,31.700000762939453,438700.0,22.2005615234375
2003-02-12,32.09000015258789,31.469999313354492,31.65999984741211,31.75,428000.0,22.23556900024414
2003-02-13,31.81999969482422,31.239999771118164,31.75,31.600000381469727,271500.0,22.130523681640625
2003-02-14,32.0,31.329999923706055,31.5,31.829999923706055,237500.0,22.291593551635742
2003-02-18,32.310001373291016,31.739999771118164,31.829999923706055,31.979999542236328,285900.0,22.396650314331055
2003-02-19,32.04999923706055,31.450000762939453,32.04999923706055,31.770000457763672,190200.0,22.249591827392578
2003-02-20,32.02000045776367,31.280000686645508,32.02000045776367,31.450000762939453,205100.0,22.025474548339844
2003-02-21,32.08000183105469,31.229999542236328,31.299999237060547,32.029998779296875,325500.0,22.431669235229492
2003-02-24,31.950000762939453,31.299999237060547,31.950000762939453,31.329999923706055,154900.0,21.941438674926758
2003-02-25,31.5,30.860000610351562,31.25,31.450000762939453,297200.0,22.025474548339844
2003-02-26,31.600000381469727,30.989999771118164,31.600000381469727,31.030000686645508,168800.0,21.73133087158203
2003-02-27,31.639999389648438,31.040000915527344,31.1200008392334,31.3700008392334,168100.0,21.969446182250977
2003-02-28,31.670000076293945,31.200000762939453,31.600000381469727,31.360000610351562,253300.0,21.962448120117188
2003-03-03,31.780000686645508,31.09000015258789,31.399999618530273,31.260000228881836,230800.0,21.892410278320312
2003-03-04,31.3700008392334,29.90999984741211,31.200000762939453,30.010000228881836,577300.0,21.01699447631836
2003-03-05,30.270000457763672,29.540000915527344,29.950000762939453,30.270000457763672,527700.0,21.199077606201172
2003-03-06,30.299999237060547,29.739999771118164,30.18000030517578,30.100000381469727,592400.0,21.080020904541016
2003-03-07,30.31999969482422,29.809999465942383,29.969999313354492,30.299999237060547,341500.0,21.220090866088867
2003-03-10,30.329999923706055,29.649999618530273,30.25,29.65999984741211,193000.0,20.771881103515625
2003-03-11,29.979999542236328,29.469999313354492,29.700000762939453,29.860000610351562,398100.0,20.911949157714844
2003-03-12,29.899999618530273,29.389999389648438,29.860000610351562,29.860000610351562,203300.0,20.911949157714844
2003-03-13,30.3700008392334,30.0,30.049999237060547,30.239999771118164,441400.0,21.178071975708008
2003-03-14,30.719999313354492,30.0,30.299999237060547,30.010000228881836,804600.0,21.01699447631836
2003-03-17,30.860000610351562,29.799999237060547,29.950000762939453,30.809999465942383,731300.0,21.577259063720703
2003-03-18,31.100000381469727,30.360000610351562,30.950000762939453,30.540000915527344,670100.0,21.388166427612305
2003-03-19,30.809999465942383,30.399999618530273,30.639999389648438,30.790000915527344,327000.0,21.56325340270996
2003-03-20,30.8799991607666,30.360000610351562,30.790000915527344,30.700000762939453,464500.0,21.50022315979004
2003-03-21,31.600000381469727,30.899999618530273,31.100000381469727,31.56999969482422,320200.0,22.109514236450195
2003-03-24,31.309999465942383,30.420000076293945,31.260000228881836,30.670000076293945,348200.0,21.581758499145508
2003-03-25,31.0,30.149999618530273,30.399999618530273,30.729999542236328,456000.0,21.62397003173828
2003-03-26,30.84000015258789,30.280000686645508,30.729999542236328,30.469999313354492,264500.0,21.441020965576172
2003-03-27,30.899999618530273,30.139999389648438,30.450000762939453,30.809999465942383,384000.0,21.680269241333008
2003-03-28,31.25,30.68000030517578,30.809999465942383,31.219999313354492,356300.0,21.968772888183594
2003-03-31,31.43000030517578,30.75,31.219999313354492,31.09000015258789,373100.0,21.877300262451172
2003-04-01,31.739999771118164,30.81999969482422,31.200000762939453,31.209999084472656,490800.0,21.96174430847168
2003-04-02,31.8799991607666,31.329999923706055,31.559999465942383,31.729999542236328,235700.0,22.327651977539062
2003-04-03,31.649999618530273,31.200000762939453,31.610000610351562,31.270000457763672,314700.0,22.003965377807617
2003-04-04,31.81999969482422,31.329999923706055,31.399999618530273,31.489999771118164,355200.0,22.15876579284668
2003-04-07,32.34000015258789,31.540000915527344,31.760000228881836,31.600000381469727,662000.0,22.236175537109375
2003-04-08,31.75,31.309999465942383,31.75,31.459999084472656,404000.0,22.137662887573242
2003-04-09,31.84000015258789,31.110000610351562,31.530000686645508,31.25,370900.0,21.989885330200195
2003-04-10,31.610000610351562,31.229999542236328,31.299999237060547,31.59000015258789,343800.0,22.22913360595703
2003-04-11,32.0,31.360000610351562,31.649999618530273,31.610000610351562,324900.0,22.24320411682129
2003-04-14,32.150001525878906,31.75,31.75,32.13999938964844,226700.0,22.61615562438965
2003-04-15,32.400001525878906,31.829999923706055,32.13999938964844,32.349998474121094,242500.0,22.76392936706543
2003-04-16,32.45000076293945,31.829999923706055,32.400001525878906,31.889999389648438,365700.0,22.440244674682617
2003-04-17,32.22999954223633,31.899999618530273,31.950000762939453,32.16999816894531,234400.0,22.637264251708984
2003-04-21,32.439998626708984,31.950000762939453,32.27000045776367,32.08000183105469,176700.0,22.57394027709961
2003-04-22,33.22999954223633,31.860000610351562,31.90999984741211,33.22999954223633,427300.0,23.3831729888916
2003-04-23,33.15999984741211,32.75,33.02000045776367,33.11000061035156,307600.0,23.29872703552246
2003-04-24,33.599998474121094,33.09000015258789,33.11000061035156,33.40999984741211,356600.0,23.509830474853516
2003-04-25,33.47999954223633,32.81999969482422,33.349998474121094,33.02000045776367,401500.0,23.235393524169922
2003-04-28,33.099998474121094,32.0,32.150001525878906,32.77000045776367,1080000.0,23.059484481811523
2003-04-29,32.7599983215332,32.09000015258789,32.720001220703125,32.20000076293945,571500.0,22.65837860107422
2003-04-30,32.209999084472656,31.780000686645508,32.20000076293945,31.780000686645508,765800.0,22.362836837768555
2003-05-01,32.0,31.389999389648438,31.950000762939453,31.799999237060547,439700.0,22.376911163330078
2003-05-02,32.349998474121094,31.59000015258789,31.860000610351562,32.279998779296875,529000.0,22.714672088623047
2003-05-05,32.29999923706055,31.920000076293945,32.279998779296875,32.0,317500.0,22.517650604248047
2003-05-06,32.0,31.489999771118164,32.0,31.6299991607666,607700.0,22.257282257080078
2003-05-07,31.8700008392334,31.440000534057617,31.549999237060547,31.81999969482422,323400.0,22.390981674194336
2003-05-08,31.770000457763672,31.200000762939453,31.600000381469727,31.459999084472656,223700.0,22.137662887573242
2003-05-09,31.719999313354492,31.299999237060547,31.5,31.719999313354492,572700.0,22.320619583129883
2003-05-12,32.25,31.719999313354492,31.799999237060547,32.150001525878906,424900.0,22.623197555541992
2003-05-13,32.290000915527344,31.940000534057617,32.209999084472656,32.18000030517578,338400.0,22.644311904907227
2003-05-14,32.40999984741211,31.950000762939453,32.20000076293945,32.38999938964844,397200.0,22.79207992553711
2003-05-15,32.880001068115234,32.369998931884766,32.5,32.849998474121094,305700.0,23.115766525268555
2003-05-16,32.970001220703125,32.54999923706055,32.849998474121094,32.720001220703125,350300.0,23.02429962158203
2003-05-19,32.560001373291016,31.969999313354492,32.5,31.979999542236328,236500.0,22.50357437133789
2003-05-20,31.889999389648438,30.8799991607666,31.549999237060547,31.360000610351562,943900.0,22.067293167114258
2003-05-21,31.65999984741211,30.950000762939453,31.200000762939453,31.389999389648438,414600.0,22.08840560913086
2003-05-22,31.899999618530273,31.200000762939453,31.450000762939453,31.670000076293945,222100.0,22.285425186157227
2003-05-23,31.68000030517578,31.239999771118164,31.549999237060547,31.3799991607666,343400.0,22.081363677978516
2003-05-27,31.799999237060547,31.1299991607666,31.200000762939453,31.670000076293945,325000.0,22.285425186157227
2003-05-28,31.799999237060547,31.399999618530273,31.75,31.59000015258789,383100.0,22.22913360595703
2003-05-29,31.670000076293945,31.25,31.649999618530273,31.479999542236328,944100.0,22.15174102783203
2003-05-30,31.719999313354492,31.290000915527344,31.649999618530273,31.389999389648438,741800.0,22.08840560913086
2003-06-02,31.450000762939453,30.84000015258789,31.399999618530273,30.920000076293945,948100.0,21.757673263549805
2003-06-03,31.350000381469727,30.760000228881836,31.34000015258789,31.049999237060547,543700.0,21.849149703979492
2003-06-04,31.399999618530273,30.920000076293945,31.100000381469727,31.149999618530273,527100.0,21.91951560974121
2003-06-05,31.149999618530273,30.3700008392334,31.139999389648438,30.75,634200.0,21.638051986694336
2003-06-06,31.34000015258789,30.75,30.799999237060547,31.010000228881836,736500.0,21.82100486755371
2003-06-09,31.100000381469727,30.600000381469727,31.0,30.719999313354492,372900.0,21.616943359375
2003-06-10,31.1299991607666,30.760000228881836,30.799999237060547,31.040000915527344,446700.0,21.842121124267578
2003-06-11,31.280000686645508,30.8799991607666,31.0,31.25,395300.0,21.989885330200195
2003-06-12,32.02000045776367,31.280000686645508,31.75,31.899999618530273,619500.0,22.44727325439453
2003-06-13,32.09000015258789,31.510000228881836,32.0,31.549999237060547,421900.0,22.200990676879883
2003-06-16,32.709999084472656,31.510000228881836,31.799999237060547,32.709999084472656,566100.0,23.017257690429688
2003-06-17,32.91999816894531,32.439998626708984,32.79999923706055,32.72999954223633,541200.0,23.031328201293945
2003-06-18,32.97999954223633,32.20000076293945,32.72999954223633,32.79999923706055,764400.0,23.08058738708496
2003-06-19,32.709999084472656,32.189998626708984,32.70000076293945,32.38999938964844,545100.0,22.79207992553711
2003-06-20,32.650001525878906,32.279998779296875,32.54999923706055,32.63999938964844,439500.0,22.967992782592773
2003-06-23,32.70000076293945,31.8700008392334,32.63999938964844,32.11000061035156,306600.0,22.595046997070312
2003-06-24,32.29999923706055,31.899999618530273,32.150001525878906,32.29999923706055,411700.0,22.84256935119629
2003-06-25,32.2599983215332,31.3700008392334,32.25,31.459999084472656,722700.0,22.24852180480957
2003-06-26,31.649999618530273,31.239999771118164,31.459999084472656,31.639999389648438,717200.0,22.375808715820312
2003-06-27,31.889999389648438,31.40999984741211,31.649999618530273,31.59000015258789,433500.0,22.3404541015625
2003-06-30,32.209999084472656,31.649999618530273,31.649999618530273,31.93000030517578,552000.0,22.580913543701172
2003-07-01,31.920000076293945,31.40999984741211,31.899999618530273,31.700000762939453,407100.0,22.41825294494629
2003-07-02,31.950000762939453,31.579999923706055,31.719999313354492,31.790000915527344,430600.0,22.481904983520508
2003-07-03,32.060001373291016,31.719999313354492,31.790000915527344,32.0,356100.0,22.630407333374023
2003-07-07,32.36000061035156,32.0,32.0,32.119998931884766,508500.0,22.715280532836914
2003-07-08,32.119998931884766,30.5,32.119998931884766,30.770000457763672,2304400.0,21.760555267333984
2003-07-09,30.600000381469727,29.899999618530273,30.5,29.950000762939453,2104600.0,21.180652618408203
2003-07-10,30.040000915527344,29.729999542236328,29.979999542236328,29.889999389648438,1146100.0,21.138219833374023
2003-07-11,30.079999923706055,29.739999771118164,29.950000762939453,29.739999771118164,930000.0,21.032135009765625
2003-07-14,30.200000762939453,29.700000762939453,30.200000762939453,30.0,695700.0,21.216014862060547
2003-07-15,30.149999618530273,29.75,30.100000381469727,29.799999237060547,570900.0,21.074565887451172
2003-07-16,30.040000915527344,29.540000915527344,29.950000762939453,29.670000076293945,546300.0,20.98263168334961
2003-07-17,30.06999969482422,29.59000015258789,29.670000076293945,29.899999618530273,928800.0,21.145292282104492
2003-07-18,30.190000534057617,29.81999969482422,30.0,30.100000381469727,385300.0,21.286727905273438
2003-07-21,30.3700008392334,29.790000915527344,30.200000762939453,30.059999465942383,567200.0,21.25843620300293
2003-07-22,30.3700008392334,29.860000610351562,29.940000534057617,30.360000610351562,402700.0,21.47060203552246
2003-07-23,30.360000610351562,30.0,30.350000381469727,30.1200008392334,406700.0,21.300874710083008
2003-07-24,30.399999618530273,29.93000030517578,30.149999618530273,29.959999084472656,598100.0,21.187721252441406
2003-07-25,30.229999542236328,29.809999465942383,30.200000762939453,30.049999237060547,390900.0,21.25136947631836
2003-07-28,30.299999237060547,29.920000076293945,30.030000686645508,30.280000686645508,518400.0,21.414024353027344
2003-07-29,30.25,30.0,30.1299991607666,30.079999923706055,792300.0,21.2725830078125
2003-07-30,30.25,30.06999969482422,30.200000762939453,30.200000762939453,819500.0,21.35744857788086
2003-07-31,30.450000762939453,30.100000381469727,30.450000762939453,30.149999618530273,912600.0,21.322086334228516
2003-08-01,30.239999771118164,29.920000076293945,30.15999984741211,30.059999465942383,445000.0,21.25843620300293
2003-08-04,30.010000228881836,29.6299991607666,29.959999084472656,29.75,716600.0,21.039209365844727
2003-08-05,29.8799991607666,29.18000030517578,29.780000686645508,29.799999237060547,1506000.0,21.074565887451172
2003-08-06,30.559999465942383,29.670000076293945,29.950000762939453,30.149999618530273,794600.0,21.322086334228516
2003-08-07,30.3799991607666,30.010000228881836,30.1200008392334,30.270000457763672,320500.0,21.406953811645508
2003-08-08,30.260000228881836,29.860000610351562,30.1200008392334,30.209999084472656,403000.0,21.364519119262695
2003-08-11,30.34000015258789,30.100000381469727,30.110000610351562,30.290000915527344,291700.0,21.421098709106445
2003-08-12,30.5,30.049999237060547,30.5,30.469999313354492,649300.0,21.548397064208984
2003-08-13,30.6299991607666,30.25,30.3700008392334,30.31999969482422,311800.0,21.442312240600586
2003-08-14,30.559999465942383,30.270000457763672,30.5,30.3700008392334,339600.0,21.477678298950195
2003-08-15,30.450000762939453,30.219999313354492,30.450000762939453,30.25,337900.0,21.39280891418457
2003-08-18,30.3799991607666,30.0,30.149999618530273,30.170000076293945,807500.0,21.336233139038086
2003-08-19,30.18000030517578,29.959999084472656,30.149999618530273,30.06999969482422,310600.0,21.265518188476562
2003-08-20,30.079999923706055,29.8700008392334,30.06999969482422,30.030000686645508,420900.0,21.237226486206055
2003-08-21,30.190000534057617,29.969999313354492,30.030000686645508,30.15999984741211,805400.0,21.329160690307617
2003-08-22,30.299999237060547,30.190000534057617,30.209999084472656,30.219999313354492,764400.0,21.37159538269043
2003-08-25,30.299999237060547,30.079999923706055,30.190000534057617,30.280000686645508,453600.0,21.414024353027344
2003-08-26,30.479999542236328,30.030000686645508,30.260000228881836,30.450000762939453,774100.0,21.53424835205078
2003-08-27,30.610000610351562,30.350000381469727,30.350000381469727,30.420000076293945,678300.0,21.513032913208008
2003-08-28,31.260000228881836,30.25,30.549999237060547,31.25,1149000.0,22.100013732910156
2003-08-29,31.5,31.0,31.260000228881836,31.5,576900.0,22.276819229125977
2003-09-02,31.829999923706055,31.489999771118164,31.5,31.780000686645508,526000.0,22.474828720092773
2003-09-03,32.099998474121094,31.639999389648438,31.780000686645508,32.06999969482422,442400.0,22.67991065979004
2003-09-04,32.91999816894531,31.989999771118164,32.0,32.91999816894531,1081400.0,23.28103256225586
2003-09-05,32.900001525878906,32.5,32.630001068115234,32.54999923706055,723300.0,23.01937484741211
2003-09-08,33.45000076293945,32.70000076293945,33.400001525878906,33.08000183105469,555000.0,23.39419174194336
2003-09-09,33.119998931884766,32.65999984741211,33.119998931884766,32.70000076293945,378100.0,23.12544822692871
2003-09-10,32.61000061035156,32.279998779296875,32.40999984741211,32.59000015258789,500800.0,23.047657012939453
2003-09-11,32.79999923706055,32.459999084472656,32.79999923706055,32.56999969482422,291100.0,23.033512115478516
2003-09-12,32.68000030517578,32.209999084472656,32.5,32.68000030517578,237400.0,23.111305236816406
2003-09-15,32.779998779296875,32.310001373291016,32.58000183105469,32.650001525878906,310800.0,23.0900936126709
2003-09-16,32.97999954223633,32.52000045776367,32.63999938964844,32.900001525878906,318000.0,23.266891479492188
2003-09-17,32.849998474121094,32.599998474121094,32.849998474121094,32.650001525878906,313100.0,23.0900936126709
2003-09-18,33.130001068115234,32.599998474121094,32.849998474121094,33.130001068115234,340000.0,23.429550170898438
2003-09-19,33.20000076293945,32.91999816894531,33.130001068115234,33.13999938964844,421000.0,23.43661117553711
2003-09-22,33.22999954223633,32.86000061035156,33.0,33.150001525878906,318900.0,23.44368553161621
2003-09-23,33.02000045776367,32.70000076293945,32.91999816894531,32.939998626708984,292100.0,23.408159255981445
2003-09-24,33.099998474121094,32.36000061035156,33.099998474121094,32.40999984741211,291800.0,23.03152847290039
2003-09-25,33.220001220703125,32.689998626708984,32.79999923706055,33.0099983215332,373300.0,23.457901000976562
2003-09-26,33.150001525878906,32.61000061035156,33.0,32.88999938964844,307900.0,23.37262535095215
2003-09-29,33.18000030517578,32.7599983215332,32.849998474121094,33.18000030517578,239000.0,23.578712463378906
2003-09-30,33.22999954223633,32.59000015258789,33.099998474121094,33.08000183105469,325000.0,23.50765609741211
2003-10-01,33.25,32.849998474121094,33.20000076293945,33.25,659000.0,23.62845802307129
2003-10-02,33.56999969482422,32.95000076293945,33.2400016784668,33.40999984741211,325900.0,23.742158889770508
2003-10-03,34.310001373291016,33.650001525878906,33.70000076293945,33.810001373291016,370100.0,24.02640151977539
2003-10-06,34.70000076293945,33.790000915527344,33.900001525878906,34.70000076293945,449600.0,24.65887451171875
2003-10-07,35.0,34.5,34.900001525878906,34.970001220703125,460700.0,24.850746154785156
2003-10-08,35.59000015258789,34.61000061035156,34.900001525878906,34.650001525878906,261500.0,24.623329162597656
2003-10-09,34.97999954223633,34.45000076293945,34.849998474121094,34.599998474121094,402400.0,24.587800979614258
2003-10-10,34.88999938964844,34.58000183105469,34.720001220703125,34.709999084472656,161200.0,24.66596221923828
2003-10-13,35.04999923706055,34.709999084472656,34.709999084472656,35.04999923706055,206400.0,24.9075870513916
2003-10-14,35.04999923706055,34.41999816894531,35.04999923706055,34.70000076293945,296200.0,24.65887451171875
2003-10-15,34.810001373291016,34.5,34.79999923706055,34.689998626708984,186200.0,24.651763916015625
2003-10-16,35.540000915527344,34.689998626708984,34.689998626708984,35.47999954223633,339700.0,25.213165283203125
2003-10-17,35.75,34.66999816894531,35.75,34.869998931884766,248100.0,24.779685974121094
2003-10-20,35.59000015258789,34.72999954223633,34.900001525878906,35.54999923706055,439400.0,25.262903213500977
2003-10-21,35.63999938964844,35.04999923706055,35.439998626708984,35.099998474121094,235400.0,24.94312286376953
2003-10-22,35.119998931884766,34.38999938964844,35.0,34.59000015258789,472000.0,24.580707550048828
2003-10-23,34.59000015258789,31.399999618530273,34.59000015258789,31.950000762939453,1921300.0,22.70463752746582
2003-10-24,32.40999984741211,31.399999618530273,31.93000030517578,32.20000076293945,837100.0,22.882293701171875
2003-10-27,32.47999954223633,32.06999969482422,32.15999984741211,32.08000183105469,534300.0,22.79701805114746
2003-10-28,32.349998474121094,31.770000457763672,32.25,32.13999938964844,442700.0,22.839651107788086
2003-10-29,32.689998626708984,31.93000030517578,32.0,32.52000045776367,705800.0,23.109691619873047
2003-10-30,32.70000076293945,32.02000045776367,32.70000076293945,32.36000061035156,527600.0,22.995990753173828
2003-10-31,33.349998474121094,32.400001525878906,32.400001525878906,33.099998474121094,389800.0,23.5218563079834
2003-11-03,33.45000076293945,32.900001525878906,32.900001525878906,33.13999938964844,473200.0,23.550277709960938
2003-11-04,33.13999938964844,32.400001525878906,33.13999938964844,32.529998779296875,461800.0,23.116804122924805
2003-11-05,32.43000030517578,31.75,32.380001068115234,31.90999984741211,594300.0,22.67621421813965
2003-11-06,32.43000030517578,31.809999465942383,31.920000076293945,32.40999984741211,665500.0,23.03152847290039
2003-11-07,32.58000183105469,32.16999816894531,32.349998474121094,32.2400016784668,337400.0,22.91071891784668
2003-11-10,32.13999938964844,31.559999465942383,32.0,31.649999618530273,264500.0,22.491455078125
2003-11-11,31.709999084472656,31.5,31.700000762939453,31.59000015258789,356000.0,22.44880485534668
2003-11-12,32.0,31.489999771118164,31.59000015258789,32.0,244600.0,22.74016761779785
2003-11-13,31.969999313354492,31.40999984741211,31.850000381469727,31.969999313354492,326300.0,22.718847274780273
2003-11-14,32.09000015258789,31.639999389648438,31.969999313354492,31.729999542236328,391800.0,22.548295974731445
2003-11-17,31.950000762939453,31.440000534057617,31.649999618530273,31.829999923706055,259600.0,22.619356155395508
2003-11-18,32.20000076293945,31.530000686645508,31.829999923706055,31.549999237060547,270800.0,22.42038345336914
2003-11-19,31.700000762939453,31.31999969482422,31.700000762939453,31.420000076293945,217900.0,22.3279972076416
2003-11-20,31.5,31.010000228881836,31.25,31.219999313354492,386500.0,22.185871124267578
2003-11-21,31.65999984741211,31.229999542236328,31.350000381469727,31.639999389648438,526400.0,22.484333038330078
2003-11-24,32.16999816894531,31.700000762939453,31.75,31.8700008392334,198600.0,22.647789001464844
2003-11-25,32.58000183105469,31.799999237060547,32.0,32.5099983215332,353400.0,23.10258674621582
2003-11-26,32.7599983215332,32.349998474121094,32.45000076293945,32.52000045776367,264900.0,23.109691619873047
2003-11-28,32.689998626708984,32.380001068115234,32.52000045776367,32.470001220703125,108700.0,23.074155807495117
2003-12-01,33.27000045776367,32.599998474121094,32.619998931884766,33.150001525878906,308000.0,23.557388305664062
2003-12-02,34.20000076293945,32.959999084472656,33.29999923706055,34.0,661800.0,24.16143226623535
2003-12-03,34.130001068115234,33.560001373291016,33.93000030517578,33.689998626708984,280900.0,23.941133499145508
2003-12-04,33.93000030517578,33.54999923706055,33.56999969482422,33.7599983215332,255700.0,23.990873336791992
2003-12-05,33.75,33.33000183105469,33.70000076293945,33.459999084472656,308400.0,23.777690887451172
2003-12-08,33.5099983215332,33.189998626708984,33.5,33.5,223300.0,23.806114196777344
2003-12-09,33.7599983215332,33.31999969482422,33.5,33.61000061035156,229500.0,23.8842830657959
2003-12-10,33.61000061035156,33.08000183105469,33.61000061035156,33.16999816894531,273200.0,23.571598052978516
2003-12-11,33.65999984741211,33.15999984741211,33.25,33.619998931884766,195700.0,23.891382217407227
2003-12-12,33.75,33.400001525878906,33.75,33.61000061035156,256800.0,23.8842830657959
2003-12-15,33.939998626708984,33.38999938964844,33.810001373291016,33.54999923706055,230800.0,23.841636657714844
2003-12-16,33.81999969482422,33.06999969482422,33.54999923706055,33.81999969482422,272300.0,24.03351402282715
2003-12-17,34.0,33.72999954223633,34.0,33.88999938964844,299800.0,24.083248138427734
2003-12-18,34.130001068115234,33.7400016784668,33.790000915527344,34.09000015258789,396000.0,24.225374221801758
2003-12-19,34.08000183105469,33.66999816894531,33.93000030517578,33.880001068115234,282600.0,24.189685821533203
2003-12-22,34.31999969482422,34.0,34.08000183105469,34.31999969482422,186300.0,24.503835678100586
2003-12-23,34.5,34.029998779296875,34.380001068115234,34.22999954223633,166200.0,24.4395809173584
2003-12-24,34.33000183105469,33.900001525878906,33.97999954223633,34.20000076293945,54000.0,24.418148040771484
2003-12-26,34.349998474121094,34.0,34.349998474121094,34.2400016784668,56300.0,24.446718215942383
2003-12-29,34.97999954223633,34.369998931884766,34.400001525878906,34.959999084472656,199600.0,24.960783004760742
2003-12-30,34.959999084472656,34.7599983215332,34.900001525878906,34.95000076293945,201900.0,24.953649520874023
2003-12-31,35.189998626708984,34.81999969482422,34.95000076293945,34.91999816894531,316500.0,24.93222427368164
2004-01-02,35.22999954223633,34.34000015258789,34.849998474121094,34.38999938964844,300900.0,24.55381202697754
2004-01-05,35.790000915527344,34.38999938964844,34.38999938964844,35.7400016784668,658000.0,25.517698287963867
2004-01-06,35.599998474121094,35.040000915527344,35.34000015258789,35.4900016784668,424500.0,25.33919906616211
2004-01-07,35.61000061035156,34.810001373291016,35.25,35.560001373291016,600700.0,25.389177322387695
2004-01-08,35.880001068115234,35.16999816894531,35.849998474121094,35.65999984741211,264000.0,25.460575103759766
2004-01-09,35.75,35.15999984741211,35.5,35.52000045776367,351600.0,25.360620498657227
2004-01-12,35.4900016784668,35.13999938964844,35.349998474121094,35.2599983215332,316200.0,25.174985885620117
2004-01-13,35.41999816894531,35.0,35.279998779296875,35.130001068115234,221500.0,25.082155227661133
2004-01-14,35.209999084472656,34.560001373291016,34.560001373291016,34.75,575100.0,24.810853958129883
2004-01-15,34.900001525878906,34.56999969482422,34.849998474121094,34.59000015258789,564300.0,24.696619033813477
2004-01-16,35.20000076293945,34.79999923706055,34.84000015258789,34.900001525878906,280900.0,24.917949676513672
2004-01-20,35.70000076293945,34.91999816894531,35.099998474121094,35.31999969482422,403800.0,25.217815399169922
2004-01-21,35.41999816894531,34.849998474121094,35.31999969482422,35.06999969482422,387300.0,25.039323806762695
2004-01-22,35.22999954223633,34.66999816894531,35.0,34.779998779296875,242900.0,24.832265853881836
2004-01-23,35.349998474121094,34.599998474121094,34.95000076293945,34.61000061035156,211700.0,24.710891723632812
2004-01-26,35.880001068115234,34.79999923706055,34.79999923706055,35.779998779296875,322900.0,25.546239852905273
2004-01-27,35.90999984741211,35.400001525878906,35.5,35.70000076293945,223900.0,25.48912811279297
2004-01-28,37.20000076293945,35.70000076293945,35.95000076293945,35.939998626708984,724600.0,25.660490036010742
2004-01-29,37.290000915527344,35.900001525878906,35.95000076293945,36.560001373291016,463700.0,26.103147506713867
2004-01-30,37.06999969482422,36.400001525878906,36.599998474121094,36.65999984741211,487900.0,26.174560546875
2004-02-02,37.099998474121094,36.45000076293945,36.45000076293945,36.75,379000.0,26.238807678222656
2004-02-03,37.27000045776367,36.400001525878906,36.75,37.25,394600.0,26.595802307128906
2004-02-04,38.150001525878906,37.130001068115234,37.25,37.68000030517578,578000.0,26.902816772460938
2004-02-05,37.900001525878906,37.29999923706055,37.75,37.630001068115234,419800.0,26.867107391357422
2004-02-06,38.209999084472656,37.36000061035156,37.459999084472656,37.959999084472656,328200.0,27.102737426757812
2004-02-09,37.779998779296875,36.97999954223633,37.779998779296875,37.040000915527344,546200.0,26.445865631103516
2004-02-10,37.5,36.75,37.08000183105469,37.43000030517578,477500.0,26.724315643310547
2004-02-11,37.5,36.849998474121094,37.5,37.310001373291016,514400.0,26.638635635375977
2004-02-12,37.58000183105469,37.119998931884766,37.29999923706055,37.310001373291016,307300.0,26.638635635375977
2004-02-13,37.470001220703125,37.0099983215332,37.25,37.06999969482422,234500.0,26.4672908782959
2004-02-17,37.790000915527344,37.400001525878906,37.599998474121094,37.790000915527344,292400.0,26.981353759765625
2004-02-18,37.849998474121094,37.150001525878906,37.790000915527344,37.20000076293945,276900.0,26.560100555419922
2004-02-19,37.47999954223633,37.0,37.400001525878906,37.119998931884766,322700.0,26.50298500061035
2004-02-20,37.400001525878906,36.59000015258789,37.33000183105469,36.91999816894531,298300.0,26.360197067260742
2004-02-23,37.02000045776367,36.599998474121094,37.0,36.790000915527344,243500.0,26.26736068725586
2004-02-24,36.959999084472656,36.41999816894531,36.70000076293945,36.56999969482422,346500.0,26.11029624938965
2004-02-25,36.779998779296875,36.310001373291016,36.400001525878906,36.560001373291016,213400.0,26.103147506713867
2004-02-26,36.68000030517578,36.220001220703125,36.5,36.59000015258789,230700.0,26.124574661254883
2004-02-27,36.779998779296875,36.439998626708984,36.70000076293945,36.59000015258789,346400.0,26.124574661254883
2004-03-01,37.439998626708984,36.5,36.5,37.290000915527344,371600.0,26.624366760253906
2004-03-02,37.75,37.209999084472656,37.349998474121094,37.47999954223633,372200.0,26.760013580322266
2004-03-03,38.20000076293945,37.189998626708984,37.47999954223633,38.20000076293945,400200.0,27.274080276489258
2004-03-04,38.310001373291016,37.81999969482422,38.02000045776367,38.16999816894531,325800.0,27.252666473388672
2004-03-05,38.13999938964844,37.70000076293945,38.0,38.0,432700.0,27.131284713745117
2004-03-08,38.290000915527344,37.83000183105469,37.849998474121094,38.09000015258789,210700.0,27.195545196533203
2004-03-09,38.27000045776367,37.79999923706055,38.27000045776367,38.040000915527344,237500.0,27.159847259521484
2004-03-10,38.130001068115234,37.58000183105469,37.900001525878906,37.619998931884766,389300.0,26.85997772216797
2004-03-11,38.400001525878906,37.119998931884766,37.75,37.70000076293945,684500.0,26.917089462280273
2004-03-12,37.959999084472656,37.0,37.75,37.08000183105469,392500.0,26.47441864013672
2004-03-15,37.09000015258789,36.36000061035156,37.09000015258789,36.65999984741211,311000.0,26.174560546875
2004-03-16,37.70000076293945,36.630001068115234,36.65999984741211,37.11000061035156,450000.0,26.4958553314209
2004-03-17,37.189998626708984,36.91999816894531,37.15999984741211,37.0,287800.0,26.41731071472168
2004-03-18,37.310001373291016,36.599998474121094,36.79999923706055,37.09000015258789,289100.0,26.481571197509766
2004-03-19,37.06999969482422,36.650001525878906,36.900001525878906,36.849998474121094,167200.0,26.424190521240234
2004-03-22,34.97999954223633,33.59000015258789,34.0,34.0,1437700.0,24.38053321838379
2004-03-23,34.650001525878906,33.95000076293945,34.0099983215332,33.95000076293945,941800.0,24.34467315673828
2004-03-24,33.959999084472656,32.77000045776367,33.95000076293945,33.25,1396200.0,23.84273338317871
2004-03-25,34.84000015258789,33.45000076293945,33.5099983215332,34.68000030517578,813900.0,24.868148803710938
2004-03-26,34.68000030517578,33.560001373291016,34.68000030517578,34.34000015258789,527100.0,24.62433624267578
2004-03-29,35.060001373291016,34.349998474121094,34.349998474121094,35.029998779296875,534600.0,25.119123458862305
2004-03-30,35.08000183105469,34.29999923706055,35.029998779296875,34.75,363800.0,24.918346405029297
2004-03-31,35.54999923706055,34.900001525878906,35.0,35.5,491000.0,25.456140518188477
2004-04-01,36.099998474121094,35.369998931884766,35.650001525878906,35.86000061035156,564700.0,25.714292526245117
2004-04-02,36.189998626708984,35.689998626708984,35.7599983215332,35.7599983215332,296100.0,25.64259147644043
2004-04-05,36.0099983215332,35.099998474121094,35.5099983215332,35.900001525878906,414300.0,25.742979049682617
2004-04-06,36.0,35.70000076293945,35.70000076293945,35.900001525878906,330900.0,25.742979049682617
2004-04-07,35.900001525878906,35.150001525878906,35.900001525878906,35.2400016784668,414100.0,25.26970863342285
2004-04-08,35.849998474121094,35.2599983215332,35.4900016784668,35.38999938964844,216100.0,25.377267837524414
2004-04-12,35.459999084472656,35.04999923706055,35.25,35.130001068115234,377600.0,25.190824508666992
2004-04-13,35.36000061035156,34.75,35.25,34.959999084472656,393800.0,25.068925857543945
2004-04-14,35.470001220703125,34.91999816894531,34.959999084472656,35.380001068115234,542400.0,25.370101928710938
2004-04-15,35.630001068115234,35.2400016784668,35.599998474121094,35.59000015258789,393400.0,25.520689010620117
2004-04-16,36.15999984741211,35.54999923706055,35.849998474121094,36.029998779296875,320200.0,25.83620262145996
2004-04-19,36.349998474121094,35.58000183105469,35.849998474121094,36.290000915527344,291100.0,26.022640228271484
2004-04-20,36.29999923706055,35.86000061035156,36.290000915527344,35.900001525878906,488400.0,25.742979049682617
2004-04-21,36.189998626708984,35.79999923706055,36.150001525878906,36.02000045776367,193700.0,25.829029083251953
2004-04-22,36.56999969482422,35.810001373291016,35.81999969482422,36.45000076293945,221200.0,26.137378692626953
2004-04-23,36.529998779296875,35.869998931884766,36.29999923706055,36.400001525878906,165400.0,26.10151481628418
2004-04-26,36.43000030517578,36.099998474121094,36.29999923706055,36.369998931884766,213500.0,26.07999610900879
2004-04-27,36.91999816894531,36.20000076293945,36.25,36.54999923706055,310200.0,26.209077835083008
2004-04-28,36.66999816894531,35.599998474121094,36.66999816894531,35.79999923706055,259900.0,25.671276092529297
2004-04-29,37.25,35.79999923706055,35.900001525878906,36.939998626708984,783300.0,26.488725662231445
2004-04-30,37.25,36.209999084472656,36.900001525878906,36.25,474100.0,25.99396324157715
2004-05-03,36.709999084472656,36.189998626708984,36.25,36.619998931884766,252100.0,26.2592716217041
2004-05-04,36.63999938964844,36.09000015258789,36.439998626708984,36.38999938964844,400300.0,26.094345092773438
2004-05-05,36.4900016784668,36.0099983215332,36.20000076293945,36.18000030517578,299500.0,25.94375228881836
2004-05-06,36.20000076293945,35.54999923706055,36.150001525878906,36.09000015258789,341900.0,25.879220962524414
2004-05-07,36.029998779296875,35.099998474121094,35.84000015258789,35.25,493600.0,25.27688217163086
2004-05-10,35.599998474121094,34.939998626708984,35.209999084472656,34.9900016784668,529900.0,25.090444564819336
2004-05-11,35.22999954223633,34.810001373291016,34.939998626708984,35.0,428200.0,25.097620010375977
2004-05-12,35.0,34.65999984741211,34.900001525878906,34.81999969482422,434700.0,24.968542098999023
2004-05-13,35.0,34.5,34.599998474121094,34.7599983215332,463300.0,24.925506591796875
2004-05-14,35.08000183105469,34.400001525878906,34.7599983215332,34.75,837500.0,24.918346405029297
2004-05-17,34.79999923706055,34.369998931884766,34.599998474121094,34.65999984741211,518000.0,24.853816986083984
2004-05-18,34.970001220703125,34.61000061035156,34.61000061035156,34.720001220703125,423200.0,24.89682960510254
2004-05-19,35.5,34.86000061035156,34.869998931884766,34.900001525878906,365100.0,25.025903701782227
2004-05-20,35.220001220703125,34.83000183105469,34.849998474121094,35.0099983215332,175200.0,25.104782104492188
2004-05-21,35.84000015258789,35.119998931884766,35.189998626708984,35.349998474121094,287400.0,25.348590850830078
2004-05-24,35.59000015258789,35.25,35.400001525878906,35.4900016784668,193900.0,25.448978424072266
2004-05-25,36.25,35.16999816894531,35.54999923706055,36.09000015258789,306800.0,25.879220962524414
2004-05-26,36.25,35.720001220703125,36.09000015258789,36.08000183105469,207700.0,25.872055053710938
2004-05-27,37.11000061035156,36.08000183105469,36.08000183105469,36.68000030517578,315600.0,26.302288055419922
2004-05-28,36.70000076293945,35.900001525878906,36.70000076293945,35.97999954223633,313600.0,25.800344467163086
2004-06-01,36.29999923706055,35.79999923706055,35.9900016784668,36.16999816894531,185200.0,25.93659019470215
2004-06-02,37.02000045776367,36.25,36.29999923706055,37.02000045776367,279900.0,26.546100616455078
2004-06-03,37.0,36.45000076293945,37.0,36.47999954223633,281500.0,26.15888786315918
2004-06-04,36.939998626708984,36.400001525878906,36.54999923706055,36.59000015258789,137700.0,26.237760543823242
2004-06-07,37.15999984741211,36.619998931884766,36.619998931884766,37.060001373291016,174800.0,26.574790954589844
2004-06-08,37.34000015258789,36.91999816894531,37.150001525878906,37.33000183105469,281000.0,26.768404006958008
2004-06-09,37.869998931884766,37.33000183105469,37.4900016784668,37.470001220703125,316300.0,26.86878204345703
2004-06-10,37.5,37.13999938964844,37.470001220703125,37.20000076293945,184200.0,26.675172805786133
2004-06-14,37.38999938964844,36.84000015258789,37.0,37.0,215000.0,26.531766891479492
2004-06-15,37.400001525878906,36.900001525878906,37.150001525878906,37.18000030517578,362100.0,26.660839080810547
2004-06-16,37.33000183105469,37.040000915527344,37.29999923706055,37.16999816894531,128200.0,26.653661727905273
2004-06-17,37.400001525878906,36.70000076293945,37.099998474121094,37.38999938964844,228000.0,26.811429977416992
2004-06-18,37.63999938964844,36.9900016784668,37.63999938964844,37.0099983215332,357000.0,26.538928985595703
2004-06-21,37.18000030517578,37.0099983215332,37.04999923706055,37.11000061035156,168500.0,26.61064338684082
2004-06-22,37.130001068115234,36.810001373291016,36.93000030517578,36.97999954223633,397100.0,26.64305877685547
2004-06-23,37.36000061035156,36.93000030517578,37.08000183105469,37.29999923706055,261700.0,26.873615264892578
2004-06-24,37.29999923706055,36.75,37.29999923706055,36.97999954223633,256400.0,26.64305877685547
2004-06-25,37.439998626708984,36.79999923706055,37.099998474121094,36.93000030517578,439700.0,26.607027053833008
2004-06-28,37.56999969482422,36.959999084472656,37.18000030517578,37.09000015258789,210700.0,26.72231674194336
2004-06-29,37.4900016784668,37.04999923706055,37.220001220703125,37.45000076293945,295400.0,26.981678009033203
2004-06-30,37.43000030517578,36.91999816894531,37.29999923706055,37.400001525878906,295800.0,26.945659637451172
2004-07-01,37.439998626708984,36.75,37.18000030517578,37.09000015258789,339300.0,26.72231674194336
2004-07-02,37.25,36.66999816894531,37.04999923706055,37.18000030517578,121400.0,26.787155151367188
2004-07-06,37.279998779296875,36.86000061035156,37.18000030517578,36.900001525878906,223900.0,26.58542823791504
2004-07-07,37.5,36.709999084472656,36.75,37.29999923706055,263300.0,26.873615264892578
2004-07-08,37.45000076293945,36.90999984741211,37.150001525878906,36.959999084472656,290500.0,26.628646850585938
2004-07-09,37.2599983215332,36.290000915527344,36.77000045776367,37.18000030517578,457600.0,26.787155151367188
2004-07-12,37.2400016784668,36.93000030517578,37.18000030517578,37.0,291400.0,26.657470703125
2004-07-13,37.099998474121094,36.880001068115234,37.0,36.88999938964844,166400.0,26.57821273803711
2004-07-14,37.040000915527344,36.709999084472656,36.95000076293945,37.0,280200.0,26.657470703125
2004-07-15,37.099998474121094,36.90999984741211,37.099998474121094,36.95000076293945,169100.0,26.621444702148438
2004-07-16,37.18000030517578,36.81999969482422,37.0,37.060001373291016,182400.0,26.70069694519043
2004-07-19,37.38999938964844,37.0099983215332,37.20000076293945,37.099998474121094,83500.0,26.729509353637695
2004-07-20,37.290000915527344,36.939998626708984,37.20000076293945,37.290000915527344,178200.0,26.866411209106445
2004-07-21,37.41999816894531,36.91999816894531,37.349998474121094,36.9900016784668,238000.0,26.650257110595703
2004-07-22,37.0,36.349998474121094,36.79999923706055,36.709999084472656,233200.0,26.44852638244629
2004-07-23,36.86000061035156,36.04999923706055,36.779998779296875,36.58000183105469,205000.0,26.35486602783203
2004-07-26,36.59000015258789,36.0,36.59000015258789,36.0,196800.0,25.93699836730957
2004-07-27,36.369998931884766,35.970001220703125,36.099998474121094,36.150001525878906,326600.0,26.045055389404297
2004-07-28,36.060001373291016,35.2400016784668,36.060001373291016,35.900001525878906,358600.0,25.864946365356445
2004-07-29,36.61000061035156,36.0,36.0,36.56999969482422,409300.0,26.347665786743164
2004-07-30,36.68000030517578,36.290000915527344,36.63999938964844,36.540000915527344,196700.0,26.326051712036133
2004-08-02,37.36000061035156,36.56999969482422,36.59000015258789,37.36000061035156,286600.0,26.91683578491211
2004-08-03,37.27000045776367,36.849998474121094,37.150001525878906,37.11000061035156,354800.0,26.736726760864258
2004-08-04,37.560001373291016,36.70000076293945,37.11000061035156,37.16999816894531,307100.0,26.779949188232422
2004-08-05,37.06999969482422,36.43000030517578,37.06999969482422,36.5099983215332,385500.0,26.304433822631836
2004-08-06,36.540000915527344,36.0,36.400001525878906,36.130001068115234,284500.0,26.030656814575195
2004-08-09,36.34000015258789,36.0099983215332,36.29999923706055,36.209999084472656,193100.0,26.088289260864258
2004-08-10,36.68000030517578,36.099998474121094,36.16999816894531,36.619998931884766,268900.0,26.38368797302246
2004-08-11,37.11000061035156,36.18000030517578,36.59000015258789,37.099998474121094,202400.0,26.729509353637695
2004-08-12,36.97999954223633,36.58000183105469,36.95000076293945,36.81999969482422,179500.0,26.52778434753418
2004-08-13,37.150001525878906,36.61000061035156,36.95000076293945,36.7599983215332,234300.0,26.484561920166016
2004-08-16,38.08000183105469,36.959999084472656,36.959999084472656,37.88999938964844,535100.0,27.298690795898438
2004-08-17,38.25,37.66999816894531,37.79999923706055,37.880001068115234,496200.0,27.29149055480957
2004-08-18,38.380001068115234,37.7400016784668,37.880001068115234,38.2400016784668,372900.0,27.55085563659668
2004-08-19,38.38999938964844,38.0,38.0,38.150001525878906,201700.0,27.48601531982422
2004-08-20,38.779998779296875,38.09000015258789,38.150001525878906,38.5099983215332,277700.0,27.745376586914062
2004-08-23,38.900001525878906,38.439998626708984,38.650001525878906,38.4900016784668,212000.0,27.730968475341797
2004-08-24,38.689998626708984,38.09000015258789,38.380001068115234,38.150001525878906,326000.0,27.48601531982422
2004-08-25,38.54999923706055,38.119998931884766,38.189998626708984,38.5,398500.0,27.738182067871094
2004-08-26,38.7400016784668,38.2599983215332,38.29999923706055,38.470001220703125,211300.0,27.716575622558594
2004-08-27,38.7599983215332,38.31999969482422,38.599998474121094,38.47999954223633,213900.0,27.723764419555664
2004-08-30,38.619998931884766,38.0,38.5,38.040000915527344,217000.0,27.406763076782227
2004-08-31,38.529998779296875,37.9900016784668,38.040000915527344,38.529998779296875,420200.0,27.759803771972656
2004-09-01,38.91999816894531,38.09000015258789,38.349998474121094,38.279998779296875,293100.0,27.579683303833008
2004-09-02,39.08000183105469,38.2599983215332,38.45000076293945,39.0099983215332,274700.0,28.105613708496094
2004-09-03,39.25,38.790000915527344,38.81999969482422,38.849998474121094,225200.0,27.990339279174805
2004-09-07,39.970001220703125,39.099998474121094,39.099998474121094,39.810001373291016,536800.0,28.681991577148438
2004-09-08,39.61000061035156,38.90999984741211,39.560001373291016,38.90999984741211,377900.0,28.033573150634766
2004-09-09,39.150001525878906,38.7599983215332,39.11000061035156,38.79999923706055,167500.0,27.954313278198242
2004-09-10,38.72999954223633,38.22999954223633,38.650001525878906,38.619998931884766,172100.0,27.824642181396484
2004-09-13,38.880001068115234,38.58000183105469,38.77000045776367,38.709999084472656,183500.0,27.88947296142578
2004-09-14,38.70000076293945,38.40999984741211,38.619998931884766,38.4900016784668,213400.0,27.730968475341797
2004-09-15,38.689998626708984,38.06999969482422,38.599998474121094,38.08000183105469,197500.0,27.435585021972656
2004-09-16,38.779998779296875,38.279998779296875,38.279998779296875,38.66999816894531,185200.0,27.86065673828125
2004-09-17,39.0,38.61000061035156,38.79999923706055,38.70000076293945,176000.0,27.88225555419922
2004-09-20,38.47999954223633,37.33000183105469,38.47999954223633,37.33000183105469,464900.0,26.895231246948242
2004-09-21,37.61000061035156,36.689998626708984,37.150001525878906,37.58000183105469,518200.0,27.2028751373291
2004-09-22,37.54999923706055,37.0,37.5,37.29999923706055,455100.0,27.000185012817383
2004-09-23,37.41999816894531,36.97999954223633,37.29999923706055,37.209999084472656,342300.0,26.935035705566406
2004-09-24,37.72999954223633,37.11000061035156,37.310001373291016,37.529998779296875,254300.0,27.166669845581055
2004-09-27,37.81999969482422,37.2599983215332,37.5,37.540000915527344,328000.0,27.173913955688477
2004-09-28,38.0,37.4900016784668,37.75,37.7599983215332,268500.0,27.333154678344727
2004-09-29,37.900001525878906,37.63999938964844,37.77000045776367,37.810001373291016,282300.0,27.369338989257812
2004-09-30,38.20000076293945,37.79999923706055,37.810001373291016,38.20000076293945,480400.0,27.65165901184082
2004-10-01,38.77000045776367,38.189998626708984,38.20000076293945,38.77000045776367,328800.0,28.06427001953125
2004-10-04,38.84000015258789,38.5,38.75,38.75,364600.0,28.049781799316406
2004-10-05,38.91999816894531,38.630001068115234,38.630001068115234,38.709999084472656,267300.0,28.020837783813477
2004-10-06,38.86000061035156,38.59000015258789,38.720001220703125,38.75,121300.0,28.049781799316406
2004-10-07,38.7599983215332,38.34000015258789,38.7599983215332,38.40999984741211,199900.0,27.803665161132812
2004-10-08,38.56999969482422,37.97999954223633,38.20000076293945,38.29999923706055,256400.0,27.724048614501953
2004-10-11,38.560001373291016,38.25,38.310001373291016,38.41999816894531,181300.0,27.810914993286133
2004-10-12,38.470001220703125,38.150001525878906,38.349998474121094,38.36000061035156,413200.0,27.767480850219727
2004-10-13,38.400001525878906,37.84000015258789,38.400001525878906,37.939998626708984,400400.0,27.463464736938477
2004-10-14,38.119998931884766,37.7599983215332,37.79999923706055,37.88999938964844,248100.0,27.427265167236328
2004-10-15,38.72999954223633,38.02000045776367,38.150001525878906,38.08000183105469,225500.0,27.56479835510254
2004-10-18,38.130001068115234,37.560001373291016,37.95000076293945,38.0,175000.0,27.506887435913086
2004-10-19,38.04999923706055,37.2400016784668,37.900001525878906,37.33000183105469,309100.0,27.02191162109375
2004-10-20,37.65999984741211,37.040000915527344,37.41999816894531,37.61000061035156,179300.0,27.224586486816406
2004-10-21,37.900001525878906,37.22999954223633,37.47999954223633,37.72999954223633,124200.0,27.311452865600586
2004-10-22,38.209999084472656,37.70000076293945,37.83000183105469,38.060001373291016,266600.0,27.550315856933594
2004-10-25,38.20000076293945,37.47999954223633,37.900001525878906,38.099998474121094,225200.0,27.57927703857422
2004-10-26,39.060001373291016,37.95000076293945,38.25,39.029998779296875,1637800.0,28.25248146057129
2004-10-27,39.34000015258789,38.650001525878906,38.95000076293945,39.2599983215332,371800.0,28.4189510345459
2004-10-28,39.15999984741211,36.119998931884766,39.150001525878906,37.79999923706055,923000.0,27.36210823059082
2004-10-29,39.099998474121094,37.79999923706055,37.849998474121094,39.04999923706055,582100.0,28.26694679260254
2004-11-01,38.95000076293945,37.58000183105469,38.95000076293945,38.47999954223633,553400.0,27.85434913635254
2004-11-02,38.970001220703125,38.34000015258789,38.47999954223633,38.400001525878906,456300.0,27.796443939208984
2004-11-03,38.88999938964844,38.16999816894531,38.599998474121094,38.40999984741211,271900.0,27.803665161132812
2004-11-04,39.0,38.220001220703125,38.29999923706055,38.97999954223633,290500.0,28.216270446777344
2004-11-05,39.58000183105469,39.20000076293945,39.20000076293945,39.400001525878906,667200.0,28.520301818847656
2004-11-08,39.20000076293945,38.91999816894531,39.150001525878906,39.0,367100.0,28.23076057434082
2004-11-09,39.380001068115234,38.900001525878906,38.9900016784668,39.349998474121094,396600.0,28.48410415649414
2004-11-10,39.83000183105469,39.130001068115234,39.349998474121094,39.709999084472656,469900.0,28.744701385498047
2004-11-11,40.400001525878906,39.630001068115234,39.630001068115234,40.349998474121094,847300.0,29.207977294921875
2004-11-12,41.099998474121094,40.209999084472656,40.43000030517578,41.04999923706055,571900.0,29.714683532714844
2004-11-15,41.08000183105469,40.59000015258789,40.84000015258789,40.86000061035156,424100.0,29.577150344848633
2004-11-16,41.040000915527344,40.33000183105469,40.900001525878906,40.58000183105469,322000.0,29.37445640563965
2004-11-17,41.099998474121094,40.5,40.58000183105469,40.939998626708984,346900.0,29.635046005249023
2004-11-18,41.130001068115234,40.650001525878906,41.08000183105469,41.06999969482422,292600.0,29.729154586791992
2004-11-19,40.56999969482422,39.79999923706055,40.5,40.349998474121094,788800.0,29.207977294921875
2004-11-22,40.369998931884766,40.0,40.13999938964844,40.310001373291016,300700.0,29.17902183532715
2004-11-23,40.52000045776367,40.040000915527344,40.5,40.33000183105469,323800.0,29.193496704101562
2004-11-24,40.58000183105469,40.060001373291016,40.29999923706055,40.4900016784668,447400.0,29.3093204498291
2004-11-26,40.61000061035156,40.25,40.4900016784668,40.36000061035156,97200.0,29.215208053588867
2004-11-29,40.7599983215332,40.119998931884766,40.54999923706055,40.61000061035156,478600.0,29.39618682861328
2004-11-30,40.75,40.130001068115234,40.45000076293945,40.5,372100.0,29.31655502319336
2004-12-01,41.22999954223633,40.529998779296875,40.72999954223633,41.20000076293945,657500.0,29.823274612426758
2004-12-02,41.20000076293945,40.93000030517578,40.95000076293945,41.13999938964844,586200.0,29.779829025268555
2004-12-03,41.220001220703125,40.939998626708984,41.18000030517578,41.150001525878906,344500.0,29.78706932067871
2004-12-06,41.189998626708984,40.75,41.150001525878906,41.02000045776367,311800.0,29.692962646484375
2004-12-07,41.150001525878906,40.90999984741211,41.099998474121094,41.0,635600.0,29.678491592407227
2004-12-08,41.209999084472656,40.90999984741211,41.0099983215332,41.08000183105469,331800.0,29.736398696899414
2004-12-09,41.459999084472656,40.97999954223633,41.099998474121094,41.439998626708984,630300.0,29.99698257446289
2004-12-10,41.599998474121094,41.060001373291016,41.369998931884766,41.38999938964844,373700.0,29.960792541503906
2004-12-13,41.5,40.939998626708984,41.38999938964844,41.400001525878906,213700.0,29.968032836914062
2004-12-14,42.189998626708984,41.349998474121094,41.5,42.09000015258789,314500.0,30.46749496459961
2004-12-15,42.06999969482422,41.290000915527344,41.900001525878906,42.04999923706055,385600.0,30.43854522705078
2004-12-16,42.599998474121094,41.81999969482422,41.83000183105469,42.560001373291016,497400.0,30.80771827697754
2004-12-17,42.5,42.15999984741211,42.29999923706055,42.400001525878906,406300.0,30.691904067993164
2004-12-20,42.849998474121094,42.459999084472656,42.4900016784668,42.689998626708984,391500.0,30.901811599731445
2004-12-21,42.529998779296875,41.93000030517578,42.529998779296875,42.459999084472656,196700.0,30.86185646057129
2004-12-22,42.779998779296875,42.22999954223633,42.650001525878906,42.310001373291016,335200.0,30.75281524658203
2004-12-23,42.66999816894531,41.77000045776367,42.5,42.63999938964844,223800.0,30.9926815032959
2004-12-27,42.900001525878906,42.27000045776367,42.63999938964844,42.52000045776367,180000.0,30.905454635620117
2004-12-28,43.08000183105469,42.400001525878906,42.400001525878906,42.900001525878906,171000.0,31.18166160583496
2004-12-29,42.880001068115234,42.33000183105469,42.70000076293945,42.77000045776367,174700.0,31.087162017822266
2004-12-30,43.20000076293945,42.63999938964844,43.02000045776367,43.04999923706055,207400.0,31.290666580200195
2004-12-31,43.11000061035156,42.599998474121094,43.0,42.84000015258789,148700.0,31.138042449951172
2005-01-03,42.900001525878906,41.97999954223633,42.79999923706055,42.099998474121094,277100.0,30.600168228149414
2005-01-04,42.5,40.79999923706055,42.29999923706055,40.900001525878906,527900.0,29.72797393798828
2005-01-05,41.20000076293945,40.63999938964844,41.0,40.849998474121094,368800.0,29.691619873046875
2005-01-06,41.380001068115234,40.349998474121094,40.70000076293945,41.08000183105469,456900.0,29.85880470275879
2005-01-07,41.61000061035156,40.93000030517578,41.029998779296875,41.400001525878906,213100.0,30.09138298034668
2005-01-10,42.040000915527344,41.0,41.29999923706055,41.91999816894531,330900.0,30.46935272216797
2005-01-11,41.720001220703125,41.2400016784668,41.70000076293945,41.439998626708984,279900.0,30.120454788208008
2005-01-12,41.58000183105469,41.150001525878906,41.58000183105469,41.38999938964844,348300.0,30.084125518798828
2005-01-13,41.56999969482422,40.849998474121094,41.25,40.970001220703125,231300.0,29.778841018676758
2005-01-14,41.54999923706055,40.86000061035156,40.970001220703125,41.47999954223633,195100.0,30.1495361328125
2005-01-18,42.0,40.900001525878906,41.2400016784668,42.0,235200.0,30.527490615844727
2005-01-19,42.220001220703125,41.689998626708984,41.779998779296875,41.72999954223633,181200.0,30.331239700317383
2005-01-20,41.959999084472656,41.25,41.400001525878906,41.7599983215332,179200.0,30.35304832458496
2005-01-21,41.68000030517578,41.2400016784668,41.630001068115234,41.36000061035156,149100.0,30.062313079833984
2005-01-24,41.45000076293945,40.709999084472656,41.27000045776367,40.91999816894531,253700.0,29.742511749267578
2005-01-25,41.2400016784668,40.66999816894531,40.91999816894531,40.84000015258789,298400.0,29.684356689453125
2005-01-26,41.25,40.2599983215332,40.84000015258789,41.060001373291016,584600.0,29.844263076782227
2005-01-27,42.099998474121094,41.060001373291016,41.060001373291016,42.029998779296875,270900.0,30.549301147460938
2005-01-28,42.29999923706055,41.400001525878906,42.150001525878906,42.040000915527344,325500.0,30.55657196044922
2005-01-31,42.25,41.650001525878906,42.099998474121094,42.220001220703125,254200.0,30.68739891052246
2005-02-01,42.599998474121094,41.709999084472656,42.31999969482422,42.400001525878906,293100.0,30.818246841430664
2005-02-02,42.4900016784668,42.16999816894531,42.400001525878906,42.45000076293945,241600.0,30.854557037353516
2005-02-03,42.689998626708984,41.959999084472656,42.5,42.099998474121094,278800.0,30.600168228149414
2005-02-04,42.31999969482422,41.93000030517578,42.13999938964844,42.25,222300.0,30.70920181274414
2005-02-07,42.5,42.09000015258789,42.099998474121094,42.150001525878906,173900.0,30.636520385742188
2005-02-08,42.209999084472656,41.849998474121094,42.18000030517578,42.0,318400.0,30.527490615844727
2005-02-09,42.0099983215332,41.33000183105469,41.83000183105469,41.369998931884766,248700.0,30.069570541381836
2005-02-10,41.869998931884766,41.290000915527344,41.290000915527344,41.849998474121094,183500.0,30.418460845947266
2005-02-11,42.220001220703125,41.529998779296875,42.04999923706055,41.939998626708984,200200.0,30.48387908935547
2005-02-14,41.959999084472656,41.65999984741211,41.900001525878906,41.7599983215332,154900.0,30.35304832458496
2005-02-15,42.02000045776367,41.689998626708984,41.900001525878906,41.900001525878906,222600.0,30.454809188842773
2005-02-16,41.95000076293945,41.310001373291016,41.75,41.790000915527344,242000.0,30.374862670898438
2005-02-17,42.029998779296875,41.459999084472656,41.70000076293945,41.900001525878906,339200.0,30.454809188842773
2005-02-18,42.18000030517578,41.5099983215332,42.0,41.59000015258789,276300.0,30.22950553894043
2005-02-22,41.47999954223633,40.630001068115234,41.150001525878906,40.630001068115234,267700.0,29.53170394897461
2005-02-23,41.029998779296875,40.599998474121094,40.880001068115234,40.869998931884766,321700.0,29.706165313720703
2005-02-24,41.290000915527344,40.709999084472656,40.95000076293945,41.279998779296875,302300.0,30.00415802001953
2005-02-25,41.560001373291016,40.97999954223633,41.25,41.560001373291016,259700.0,30.20768165588379
2005-02-28,41.52000045776367,41.029998779296875,41.45000076293945,41.290000915527344,321000.0,30.011442184448242
2005-03-01,41.97999954223633,41.29999923706055,41.29999923706055,41.70000076293945,255300.0,30.309438705444336
2005-03-02,41.7599983215332,41.060001373291016,41.630001068115234,41.349998474121094,339400.0,30.055042266845703
2005-03-03,41.81999969482422,41.06999969482422,41.369998931884766,41.709999084472656,268400.0,30.316699981689453
2005-03-04,41.959999084472656,41.65999984741211,41.959999084472656,41.91999816894531,251400.0,30.46935272216797
2005-03-07,42.150001525878906,41.84000015258789,42.099998474121094,41.97999954223633,175600.0,30.51294708251953
2005-03-08,42.22999954223633,41.709999084472656,42.029998779296875,42.119998931884766,191800.0,30.61471176147461
2005-03-09,41.869998931884766,40.970001220703125,41.869998931884766,40.9900016784668,307700.0,29.793386459350586
2005-03-10,41.0099983215332,40.63999938964844,41.0,40.939998626708984,263300.0,29.75702667236328
2005-03-11,41.4900016784668,40.459999084472656,40.939998626708984,40.619998931884766,261700.0,29.52443504333496
2005-03-14,41.13999938964844,40.61000061035156,40.630001068115234,41.13999938964844,237700.0,29.902408599853516
2005-03-15,41.5,40.75,41.45000076293945,40.84000015258789,225000.0,29.684356689453125
2005-03-16,40.70000076293945,40.0,40.70000076293945,40.09000015258789,284900.0,29.139219284057617
2005-03-17,40.25,39.43000030517578,39.86000061035156,40.150001525878906,314100.0,29.182823181152344
2005-03-18,40.220001220703125,39.45000076293945,39.9900016784668,40.0099983215332,605600.0,29.20838165283203
2005-03-21,40.130001068115234,39.72999954223633,39.97999954223633,39.91999816894531,203900.0,29.142675399780273
2005-03-22,40.220001220703125,39.63999938964844,39.81999969482422,39.720001220703125,241100.0,28.996665954589844
2005-03-23,40.060001373291016,39.7400016784668,39.7400016784668,40.040000915527344,307300.0,29.230281829833984
2005-03-24,40.130001068115234,39.869998931884766,40.0,39.900001525878906,189500.0,29.12807273864746
2005-03-28,40.27000045776367,39.5,40.150001525878906,39.599998474121094,273300.0,28.90906524658203
2005-03-29,39.779998779296875,38.959999084472656,39.400001525878906,39.0,297100.0,28.471059799194336
2005-03-30,39.84000015258789,38.81999969482422,38.95000076293945,39.72999954223633,451400.0,29.003984451293945
2005-03-31,39.91999816894531,39.470001220703125,39.54999923706055,39.5,360200.0,28.836069107055664
2005-04-01,40.150001525878906,39.650001525878906,39.75,39.849998474121094,470100.0,29.09157371520996
2005-04-04,40.380001068115234,39.47999954223633,39.599998474121094,40.209999084472656,341000.0,29.354372024536133
2005-04-05,40.369998931884766,40.0,40.209999084472656,40.310001373291016,210300.0,29.427379608154297
2005-04-06,40.63999938964844,40.02000045776367,40.36000061035156,40.130001068115234,238300.0,29.29598617553711
2005-04-07,40.29999923706055,39.7599983215332,39.900001525878906,40.16999816894531,186600.0,29.325191497802734
2005-04-08,40.70000076293945,40.119998931884766,40.400001525878906,40.22999954223633,382800.0,29.368989944458008
2005-04-11,40.279998779296875,39.9900016784668,40.22999954223633,40.099998474121094,202200.0,29.274084091186523
2005-04-12,41.290000915527344,39.68000030517578,39.95000076293945,40.90999984741211,531600.0,29.865398406982422
2005-04-13,40.90999984741211,40.13999938964844,40.90999984741211,40.2400016784668,313300.0,29.376285552978516
2005-04-14,40.189998626708984,39.290000915527344,39.900001525878906,39.29999923706055,491300.0,28.6900634765625
2005-04-15,39.43000030517578,38.52000045776367,39.119998931884766,38.619998931884766,345000.0,28.193653106689453
2005-04-18,39.02000045776367,38.5,38.75,38.88999938964844,235500.0,28.390750885009766
2005-04-19,39.20000076293945,38.70000076293945,38.95000076293945,39.099998474121094,259400.0,28.544055938720703
2005-04-20,38.970001220703125,38.150001525878906,38.70000076293945,38.5,625100.0,28.106040954589844
2005-04-21,39.470001220703125,38.56999969482422,38.75,39.45000076293945,442800.0,28.799558639526367
2005-04-22,39.63999938964844,39.04999923706055,39.45000076293945,39.470001220703125,434900.0,28.81415367126465
2005-04-25,39.47999954223633,38.79999923706055,39.459999084472656,39.45000076293945,421000.0,28.799558639526367
2005-04-26,39.77000045776367,39.27000045776367,39.459999084472656,39.45000076293945,498200.0,28.799558639526367
2005-04-27,38.5099983215332,36.0099983215332,38.5,36.29999923706055,1799200.0,26.499982833862305
2005-04-28,36.849998474121094,35.849998474121094,36.0,36.529998779296875,758300.0,26.66788101196289
2005-04-29,38.060001373291016,36.619998931884766,36.619998931884766,37.900001525878906,794700.0,27.668031692504883
2005-05-02,38.2400016784668,37.52000045776367,37.900001525878906,37.72999954223633,422600.0,27.543920516967773
2005-05-03,38.0,37.43000030517578,37.650001525878906,37.47999954223633,511500.0,27.361404418945312
2005-05-04,38.029998779296875,37.400001525878906,37.4900016784668,37.900001525878906,445800.0,27.668031692504883
2005-05-05,37.869998931884766,37.40999984741211,37.75,37.599998474121094,430400.0,27.449010848999023
2005-05-06,37.939998626708984,37.27000045776367,37.849998474121094,37.310001373291016,230200.0,27.2373046875
2005-05-09,37.720001220703125,37.060001373291016,37.150001525878906,37.650001525878906,429700.0,27.485509872436523
2005-05-10,37.560001373291016,37.04999923706055,37.25,37.16999816894531,326700.0,27.13511085510254
2005-05-11,37.70000076293945,37.20000076293945,37.369998931884766,37.70000076293945,371800.0,27.522018432617188
2005-05-12,38.470001220703125,36.790000915527344,37.630001068115234,36.95000076293945,368700.0,26.97449493408203
2005-05-13,37.18000030517578,36.380001068115234,37.11000061035156,36.68000030517578,394400.0,26.777381896972656
2005-05-16,37.34000015258789,36.650001525878906,36.75,37.20000076293945,355800.0,27.15699577331543
2005-05-17,37.369998931884766,36.77000045776367,37.04999923706055,37.27000045776367,452500.0,27.20810890197754
2005-05-18,38.279998779296875,37.04999923706055,37.400001525878906,38.2599983215332,707800.0,27.930828094482422
2005-05-19,38.369998931884766,37.779998779296875,38.25,38.06999969482422,223900.0,27.792129516601562
2005-05-20,38.5,37.65999984741211,38.209999084472656,38.0,192700.0,27.741029739379883
2005-05-23,38.16999816894531,37.79999923706055,38.0,37.95000076293945,118800.0,27.70452117919922
2005-05-24,38.34000015258789,37.45000076293945,38.06999969482422,37.470001220703125,606900.0,27.354106903076172
2005-05-25,37.599998474121094,37.16999816894531,37.459999084472656,37.33000183105469,259700.0,27.251916885375977
2005-05-26,37.5,37.099998474121094,37.5,37.2599983215332,374800.0,27.2007999420166
2005-05-27,37.5,37.119998931884766,37.2599983215332,37.29999923706055,304100.0,27.230009078979492
2005-05-31,37.5099983215332,37.09000015258789,37.29999923706055,37.09000015258789,498500.0,27.076709747314453
2005-06-01,37.599998474121094,37.09000015258789,37.09000015258789,37.58000183105469,736900.0,27.434425354003906
2005-06-02,37.630001068115234,37.22999954223633,37.560001373291016,37.290000915527344,239200.0,27.222707748413086
2005-06-03,37.470001220703125,36.849998474121094,37.2599983215332,36.86000061035156,265200.0,26.908802032470703
2005-06-06,36.84000015258789,36.0,36.70000076293945,36.79999923706055,377400.0,26.864992141723633
2005-06-07,37.5,36.75,36.900001525878906,37.400001525878906,452200.0,27.303001403808594
2005-06-08,37.91999816894531,37.349998474121094,37.75,37.439998626708984,401200.0,27.332212448120117
2005-06-09,37.45000076293945,36.81999969482422,37.45000076293945,37.029998779296875,264800.0,27.032899856567383
2005-06-10,37.38999938964844,36.91999816894531,36.970001220703125,37.349998474121094,170100.0,27.26651382446289
2005-06-13,37.599998474121094,37.11000061035156,37.29999923706055,37.540000915527344,186300.0,27.40521812438965
2005-06-14,37.56999969482422,37.16999816894531,37.400001525878906,37.5,186000.0,27.37601089477539
2005-06-15,37.70000076293945,36.619998931884766,37.04999923706055,37.70000076293945,554500.0,27.522018432617188
2005-06-16,37.790000915527344,37.4900016784668,37.790000915527344,37.630001068115234,306200.0,27.47090721130371
2005-06-17,38.0,37.400001525878906,38.0,37.61000061035156,321300.0,27.456317901611328
2005-06-20,37.529998779296875,37.09000015258789,37.40999984741211,37.369998931884766,299600.0,27.28112030029297
2005-06-21,37.130001068115234,36.70000076293945,37.06999969482422,36.790000915527344,461000.0,26.991313934326172
2005-06-22,36.900001525878906,36.380001068115234,36.689998626708984,36.380001068115234,441600.0,26.690523147583008
2005-06-23,36.45000076293945,36.0099983215332,36.34000015258789,36.0099983215332,629900.0,26.4190616607666
2005-06-24,36.099998474121094,35.59000015258789,36.0,35.59000015258789,751800.0,26.11092758178711
2005-06-27,35.650001525878906,34.900001525878906,35.650001525878906,35.18000030517578,773000.0,25.81011962890625
2005-06-28,36.34000015258789,35.27000045776367,35.29999923706055,36.29999923706055,472000.0,26.631813049316406
2005-06-29,36.650001525878906,36.150001525878906,36.27000045776367,36.540000915527344,442100.0,26.80789566040039
2005-06-30,36.720001220703125,36.09000015258789,36.540000915527344,36.220001220703125,676100.0,26.57312774658203
2005-07-01,36.45000076293945,36.040000915527344,36.31999969482422,36.29999923706055,311400.0,26.631813049316406
2005-07-05,36.22999954223633,35.869998931884766,36.099998474121094,35.880001068115234,415100.0,26.32368278503418
2005-07-06,36.060001373291016,35.630001068115234,35.630001068115234,35.790000915527344,671000.0,26.257648468017578
2005-07-07,36.060001373291016,35.38999938964844,35.45000076293945,36.0,414600.0,26.41172218322754
2005-07-08,36.84000015258789,36.0,36.0,36.790000915527344,409000.0,26.991313934326172
2005-07-11,37.18000030517578,36.59000015258789,36.59000015258789,36.959999084472656,239200.0,27.11603546142578
2005-07-12,37.02000045776367,36.630001068115234,36.88999938964844,36.900001525878906,149200.0,27.072023391723633
2005-07-13,37.0,36.5,36.849998474121094,37.0,192400.0,27.14537811279297
2005-07-14,37.47999954223633,36.540000915527344,37.349998474121094,36.65999984741211,306900.0,26.895944595336914
2005-07-15,37.06999969482422,36.470001220703125,36.65999984741211,36.939998626708984,222600.0,27.10135269165039
2005-07-18,37.25,36.59000015258789,36.790000915527344,36.75,334000.0,26.96197509765625
2005-07-19,36.939998626708984,36.5099983215332,36.75,36.70000076293945,509000.0,26.92528533935547
2005-07-20,37.459999084472656,36.63999938964844,36.84000015258789,37.119998931884766,413300.0,27.233417510986328
2005-07-21,37.40999984741211,37.04999923706055,37.06999969482422,37.2400016784668,207000.0,27.321468353271484
2005-07-22,37.59000015258789,37.15999984741211,37.29999923706055,37.400001525878906,196200.0,27.438846588134766
2005-07-25,37.59000015258789,37.25,37.349998474121094,37.4900016784668,235600.0,27.504880905151367
2005-07-26,37.599998474121094,37.150001525878906,37.47999954223633,37.38999938964844,611300.0,27.431509017944336
2005-07-27,38.599998474121094,37.599998474121094,37.70000076293945,38.560001373291016,937500.0,28.289899826049805
2005-07-28,38.849998474121094,37.95000076293945,38.70000076293945,38.02000045776367,764700.0,27.893707275390625
2005-07-29,38.290000915527344,37.7400016784668,37.810001373291016,37.91999816894531,331300.0,27.820344924926758
2005-08-01,37.97999954223633,37.40999984741211,37.72999954223633,37.709999084472656,411000.0,27.666276931762695
2005-08-02,38.099998474121094,37.599998474121094,37.72999954223633,37.77000045776367,264700.0,27.710302352905273
2005-08-03,38.040000915527344,37.650001525878906,37.650001525878906,37.970001220703125,306100.0,27.857025146484375
2005-08-04,37.9900016784668,37.66999816894531,37.900001525878906,37.939998626708984,210000.0,27.835018157958984
2005-08-05,37.970001220703125,37.63999938964844,37.75,37.849998474121094,232200.0,27.768991470336914
2005-08-08,38.0,37.470001220703125,37.86000061035156,37.599998474121094,224100.0,27.585569381713867
2005-08-09,38.06999969482422,37.599998474121094,37.70000076293945,37.97999954223633,274500.0,27.864370346069336
2005-08-10,38.099998474121094,37.47999954223633,38.0,37.619998931884766,403200.0,27.600252151489258
2005-08-11,37.79999923706055,37.459999084472656,37.70000076293945,37.72999954223633,240300.0,27.680952072143555
2005-08-12,37.689998626708984,37.11000061035156,37.650001525878906,37.15999984741211,289500.0,27.262765884399414
2005-08-15,37.40999984741211,36.86000061035156,37.08000183105469,37.400001525878906,205800.0,27.438846588134766
2005-08-16,37.31999969482422,36.790000915527344,37.31999969482422,36.79999923706055,164200.0,26.998645782470703
2005-08-17,37.119998931884766,36.54999923706055,36.66999816894531,37.119998931884766,235700.0,27.233417510986328
2005-08-18,37.38999938964844,36.5099983215332,36.90999984741211,36.95000076293945,583900.0,27.108692169189453
2005-08-19,37.27000045776367,36.779998779296875,37.189998626708984,36.880001068115234,220200.0,27.057336807250977
2005-08-22,37.150001525878906,36.66999816894531,36.79999923706055,36.849998474121094,230400.0,27.03534507751465
2005-08-23,36.959999084472656,36.220001220703125,36.849998474121094,36.380001068115234,775600.0,26.690523147583008
2005-08-24,36.75,35.970001220703125,36.38999938964844,35.97999954223633,268100.0,26.397050857543945
2005-08-25,36.29999923706055,35.970001220703125,36.06999969482422,36.04999923706055,209700.0,26.448408126831055
2005-08-26,36.119998931884766,35.77000045776367,35.93000030517578,35.779998779296875,182700.0,26.250320434570312
2005-08-29,36.34000015258789,35.560001373291016,35.790000915527344,36.13999938964844,544300.0,26.514436721801758
2005-08-30,36.29999923706055,35.849998474121094,36.18000030517578,36.0,404400.0,26.41172218322754
2005-08-31,36.310001373291016,35.81999969482422,36.099998474121094,36.099998474121094,313400.0,26.48508644104004
2005-09-01,36.45000076293945,35.77000045776367,36.0099983215332,35.900001525878906,379000.0,26.33835792541504
2005-09-02,36.130001068115234,35.65999984741211,35.9900016784668,35.70000076293945,270100.0,26.191621780395508
2005-09-06,36.09000015258789,35.779998779296875,35.900001525878906,36.040000915527344,192000.0,26.441057205200195
2005-09-07,36.150001525878906,35.68000030517578,35.9900016784668,35.959999084472656,406700.0,26.382368087768555
2005-09-08,35.9900016784668,35.540000915527344,35.900001525878906,35.59000015258789,437700.0,26.11092758178711
2005-09-09,35.900001525878906,35.38999938964844,35.75,35.779998779296875,606900.0,26.250320434570312
2005-09-12,35.7400016784668,35.459999084472656,35.58000183105469,35.560001373291016,519200.0,26.08892059326172
2005-09-13,35.90999984741211,35.36000061035156,35.36000061035156,35.66999816894531,368300.0,26.16961669921875
2005-09-14,35.95000076293945,35.060001373291016,35.66999816894531,35.22999954223633,385900.0,25.846803665161133
2005-09-15,35.400001525878906,34.959999084472656,35.2400016784668,35.16999816894531,519200.0,25.802783966064453
2005-09-16,36.040000915527344,35.27000045776367,35.45000076293945,35.900001525878906,823600.0,26.33835792541504
2005-09-19,35.93000030517578,35.31999969482422,35.93000030517578,35.43000030517578,553700.0,25.993534088134766
2005-09-20,35.75,34.849998474121094,35.29999923706055,35.04999923706055,1132300.0,25.849735260009766
2005-09-21,35.040000915527344,34.38999938964844,34.970001220703125,34.66999816894531,1003000.0,25.569467544555664
2005-09-22,35.06999969482422,34.540000915527344,34.70000076293945,34.900001525878906,392700.0,25.73909568786621
2005-09-23,35.0,34.599998474121094,34.900001525878906,34.81999969482422,392100.0,25.68010139465332
2005-09-26,35.2599983215332,34.4900016784668,35.06999969482422,34.77000045776367,365800.0,25.643226623535156
2005-09-27,35.220001220703125,34.849998474121094,34.849998474121094,35.060001373291016,517300.0,25.857105255126953
2005-09-28,35.209999084472656,34.61000061035156,35.15999984741211,34.72999954223633,429900.0,25.613712310791016
2005-09-29,34.93000030517578,34.34000015258789,34.75,34.529998779296875,367900.0,25.46621322631836
2005-09-30,35.709999084472656,34.47999954223633,34.47999954223633,35.63999938964844,431900.0,26.28485679626465
2005-10-03,35.720001220703125,34.70000076293945,35.63999938964844,34.79999923706055,565600.0,25.665340423583984
2005-10-04,35.119998931884766,34.630001068115234,34.900001525878906,34.630001068115234,390700.0,25.539974212646484
2005-10-05,34.59000015258789,33.81999969482422,34.529998779296875,33.95000076293945,326300.0,25.03845977783203
2005-10-06,34.36000061035156,33.86000061035156,33.91999816894531,33.970001220703125,487600.0,25.053211212158203
2005-10-07,34.75,34.0,34.20000076293945,34.599998474121094,347600.0,25.517841339111328
2005-10-10,34.95000076293945,34.349998474121094,34.7400016784668,34.40999984741211,476400.0,25.37771987915039
2005-10-11,34.470001220703125,33.900001525878906,34.400001525878906,34.0099983215332,315800.0,25.082712173461914
2005-10-12,34.18000030517578,33.54999923706055,33.900001525878906,33.58000183105469,404800.0,24.765592575073242
2005-10-13,34.16999816894531,33.72999954223633,33.72999954223633,34.09000015258789,217200.0,25.141712188720703
2005-10-14,34.20000076293945,33.869998931884766,34.11000061035156,34.0,373500.0,25.075334548950195
2005-10-17,34.099998474121094,33.650001525878906,33.90999984741211,33.97999954223633,280700.0,25.060583114624023
2005-10-18,34.130001068115234,33.7400016784668,34.02000045776367,33.790000915527344,262100.0,24.920467376708984
2005-10-19,33.880001068115234,33.540000915527344,33.79999923706055,33.849998474121094,306400.0,24.96470832824707
2005-10-20,33.88999938964844,33.43000030517578,33.86000061035156,33.54999923706055,632500.0,24.74345588684082
2005-10-21,33.81999969482422,33.029998779296875,33.75,33.099998474121094,720900.0,24.411575317382812
2005-10-24,33.91999816894531,33.25,33.25,33.91999816894531,391200.0,25.01634407043457
2005-10-25,34.13999938964844,33.25,33.75,33.369998931884766,496100.0,24.61071014404297
2005-10-26,33.9900016784668,32.52000045776367,33.380001068115234,33.189998626708984,610500.0,24.477954864501953
2005-10-27,33.08000183105469,32.220001220703125,33.08000183105469,32.2400016784668,439300.0,23.777324676513672
2005-10-28,32.709999084472656,32.18000030517578,32.34000015258789,32.709999084472656,961900.0,24.12394905090332
2005-10-31,33.060001373291016,32.5099983215332,32.709999084472656,32.9900016784668,507600.0,24.33045196533203
2005-11-01,32.91999816894531,32.5099983215332,32.90999984741211,32.650001525878906,682900.0,24.079700469970703
2005-11-02,32.77000045776367,32.2400016784668,32.689998626708984,32.45000076293945,764900.0,23.93219757080078
2005-11-03,32.29999923706055,31.399999618530273,32.25,32.18000030517578,1207200.0,23.733074188232422
2005-11-04,32.45000076293945,32.18000030517578,32.20000076293945,32.40999984741211,375000.0,23.902700424194336
2005-11-07,32.650001525878906,32.380001068115234,32.56999969482422,32.58000183105469,278700.0,24.028076171875
2005-11-08,32.4900016784668,32.06999969482422,32.400001525878906,32.459999084472656,358300.0,23.939571380615234
2005-11-09,32.810001373291016,32.2400016784668,32.349998474121094,32.56999969482422,276000.0,24.020692825317383
2005-11-10,33.130001068115234,32.439998626708984,32.540000915527344,32.90999984741211,357600.0,24.271459579467773
2005-11-11,32.93000030517578,32.130001068115234,32.869998931884766,32.400001525878906,1357800.0,23.895320892333984
2005-11-14,32.599998474121094,32.150001525878906,32.45000076293945,32.41999816894531,442800.0,23.910066604614258
2005-11-15,32.849998474121094,32.18000030517578,32.540000915527344,32.349998474121094,426000.0,23.85844612121582
2005-11-16,32.45000076293945,31.889999389648438,32.45000076293945,32.02000045776367,272200.0,23.615070343017578
2005-11-17,32.189998626708984,31.68000030517578,32.150001525878906,32.150001525878906,569400.0,23.710947036743164
2005-11-18,33.29999923706055,32.27000045776367,32.5,32.61000061035156,361600.0,24.05019760131836
2005-11-21,32.65999984741211,31.190000534057617,32.599998474121094,31.950000762939453,2319700.0,23.56344223022461
2005-11-22,32.70000076293945,32.27000045776367,32.45000076293945,32.650001525878906,1009700.0,24.079700469970703
2005-11-23,33.29999923706055,32.470001220703125,32.599998474121094,33.060001373291016,681400.0,24.38206672668457
2005-11-25,33.209999084472656,32.900001525878906,33.150001525878906,33.09000015258789,123200.0,24.40420150756836
2005-11-28,33.15999984741211,32.83000183105469,33.060001373291016,32.84000015258789,331200.0,24.219831466674805
2005-11-29,33.150001525878906,32.72999954223633,32.939998626708984,32.900001525878906,337800.0,24.26407814025879
2005-11-30,33.15999984741211,32.529998779296875,32.77000045776367,32.540000915527344,495500.0,23.998571395874023
2005-12-01,33.16999816894531,32.540000915527344,32.7599983215332,33.02000045776367,439500.0,24.352582931518555
2005-12-02,34.0,32.91999816894531,33.029998779296875,33.43000030517578,635800.0,24.654964447021484
2005-12-05,33.29999923706055,33.0,33.22999954223633,33.27000045776367,391400.0,24.53695297241211
2005-12-06,33.59000015258789,33.25,33.349998474121094,33.400001525878906,425600.0,24.63283348083496
2005-12-07,33.540000915527344,33.22999954223633,33.43000030517578,33.4900016784668,422800.0,24.699209213256836
2005-12-08,33.68000030517578,33.36000061035156,33.5,33.56999969482422,510000.0,24.758203506469727
2005-12-09,33.79999923706055,33.29999923706055,33.619998931884766,33.31999969482422,486800.0,24.573837280273438
2005-12-12,33.599998474121094,33.209999084472656,33.279998779296875,33.38999938964844,358600.0,24.62546157836914
2005-12-13,33.91999816894531,33.38999938964844,33.38999938964844,33.77000045776367,480400.0,24.905712127685547
2005-12-14,33.88999938964844,33.380001068115234,33.560001373291016,33.40999984741211,272000.0,24.640207290649414
2005-12-15,33.689998626708984,33.0099983215332,33.599998474121094,33.20000076293945,373800.0,24.48533821105957
2005-12-16,33.70000076293945,33.45000076293945,33.5,33.5,507500.0,24.70658302307129
2005-12-19,33.560001373291016,32.90999984741211,33.560001373291016,32.91999816894531,553200.0,24.278818130493164
2005-12-20,33.130001068115234,32.54999923706055,32.66999816894531,33.029998779296875,690800.0,24.49762535095215
2005-12-21,33.41999816894531,32.9900016784668,33.040000915527344,33.36000061035156,567000.0,24.742372512817383
2005-12-22,33.84000015258789,33.310001373291016,33.38999938964844,33.66999816894531,356600.0,24.972291946411133
2005-12-23,33.79999923706055,33.5,33.63999938964844,33.72999954223633,123600.0,25.01679801940918
2005-12-27,33.970001220703125,33.70000076293945,33.79999923706055,33.70000076293945,375100.0,24.994544982910156
2005-12-28,34.09000015258789,33.63999938964844,33.70000076293945,33.939998626708984,316400.0,25.172544479370117
2005-12-29,34.09000015258789,33.70000076293945,33.939998626708984,33.83000183105469,283400.0,25.090965270996094
2005-12-30,33.790000915527344,33.40999984741211,33.619998931884766,33.5,367000.0,24.846210479736328
2006-01-03,33.86000061035156,33.029998779296875,33.689998626708984,33.75,398200.0,25.03162956237793
2006-01-04,33.95000076293945,33.619998931884766,33.77000045776367,33.88999938964844,298200.0,25.13546371459961
2006-01-05,34.060001373291016,33.540000915527344,33.88999938964844,33.689998626708984,280400.0,24.987131118774414
2006-01-06,34.0099983215332,33.720001220703125,33.900001525878906,33.900001525878906,241000.0,25.142879486083984
2006-01-09,34.22999954223633,33.599998474121094,33.70000076293945,34.130001068115234,297000.0,25.31346321105957
2006-01-10,34.349998474121094,33.65999984741211,33.79999923706055,34.34000015258789,406500.0,25.46922492980957
2006-01-11,34.54999923706055,34.220001220703125,34.400001525878906,34.470001220703125,543900.0,25.56563949584961
2006-01-12,34.470001220703125,34.0,34.29999923706055,34.150001525878906,380300.0,25.328304290771484
2006-01-13,34.400001525878906,34.08000183105469,34.09000015258789,34.369998931884766,445200.0,25.49146842956543
2006-01-17,34.349998474121094,34.040000915527344,34.119998931884766,34.290000915527344,433300.0,25.43213653564453
2006-01-18,34.459999084472656,33.83000183105469,34.29999923706055,33.959999084472656,429800.0,25.187387466430664
2006-01-19,34.310001373291016,33.849998474121094,34.0099983215332,34.06999969482422,363100.0,25.268972396850586
2006-01-20,34.279998779296875,33.689998626708984,34.189998626708984,33.7599983215332,366200.0,25.039039611816406
2006-01-23,34.4900016784668,33.880001068115234,33.900001525878906,34.119998931884766,306100.0,25.306055068969727
2006-01-24,34.119998931884766,33.4900016784668,34.11000061035156,33.75,618500.0,25.03162956237793
2006-01-25,33.689998626708984,32.810001373291016,33.650001525878906,33.29999923706055,1624000.0,24.6978816986084
2006-01-26,33.70000076293945,33.29999923706055,33.400001525878906,33.560001373291016,843300.0,24.890714645385742
2006-01-27,33.75,33.06999969482422,33.560001373291016,33.599998474121094,1567400.0,24.920377731323242
2006-01-30,33.540000915527344,32.869998931884766,33.540000915527344,32.970001220703125,1006900.0,24.453125
2006-01-31,33.099998474121094,32.68000030517578,32.900001525878906,32.959999084472656,765100.0,24.445716857910156
2006-02-01,33.150001525878906,32.689998626708984,32.79999923706055,33.11000061035156,694800.0,24.556955337524414
2006-02-02,33.220001220703125,32.79999923706055,32.95000076293945,33.20000076293945,792100.0,24.62371826171875
2006-02-03,33.380001068115234,32.79999923706055,33.04999923706055,33.040000915527344,703200.0,24.505037307739258
2006-02-06,33.150001525878906,32.810001373291016,32.959999084472656,32.97999954223633,543000.0,24.46054458618164
2006-02-07,33.150001525878906,32.75,32.83000183105469,32.849998474121094,632900.0,24.364120483398438
2006-02-08,33.11000061035156,32.650001525878906,33.040000915527344,33.02000045776367,513900.0,24.49021339416504
2006-02-09,33.459999084472656,33.0,33.119998931884766,33.0,465200.0,24.47536849975586
2006-02-10,33.29999923706055,32.529998779296875,32.880001068115234,33.15999984741211,694100.0,24.59404182434082
2006-02-13,33.15999984741211,32.7599983215332,33.150001525878906,32.84000015258789,1239900.0,24.356708526611328
2006-02-14,33.540000915527344,32.790000915527344,32.79999923706055,33.34000015258789,407300.0,24.727535247802734
2006-02-15,33.7599983215332,33.220001220703125,33.380001068115234,33.70000076293945,385700.0,24.994544982910156
2006-02-16,34.099998474121094,33.59000015258789,33.7599983215332,34.099998474121094,373900.0,25.291217803955078
2006-02-17,34.91999816894531,34.20000076293945,34.290000915527344,34.63999938964844,708700.0,25.691720962524414
2006-02-21,34.66999816894531,34.33000183105469,34.63999938964844,34.400001525878906,376700.0,25.513723373413086
2006-02-22,34.650001525878906,34.13999938964844,34.349998474121094,34.439998626708984,493500.0,25.543386459350586
2006-02-23,34.7599983215332,34.02000045776367,34.2400016784668,34.560001373291016,509500.0,25.632394790649414
2006-02-24,34.540000915527344,34.18000030517578,34.43000030517578,34.45000076293945,336100.0,25.550800323486328
2006-02-27,34.66999816894531,34.34000015258789,34.43000030517578,34.5,361400.0,25.5878963470459
2006-02-28,34.70000076293945,34.20000076293945,34.38999938964844,34.630001068115234,513000.0,25.68431282043457
2006-03-01,34.79999923706055,34.459999084472656,34.630001068115234,34.75,721000.0,25.773303985595703
2006-03-02,35.02000045776367,34.54999923706055,34.70000076293945,34.88999938964844,551100.0,25.87714385986328
2006-03-03,36.029998779296875,34.88999938964844,34.88999938964844,35.66999816894531,991500.0,26.455652236938477
2006-03-06,35.650001525878906,35.16999816894531,35.61000061035156,35.36000061035156,559700.0,26.22573471069336
2006-03-07,35.29999923706055,34.95000076293945,35.25,35.060001373291016,457700.0,26.003238677978516
2006-03-08,35.2400016784668,34.70000076293945,35.060001373291016,34.79999923706055,791900.0,25.810394287109375
2006-03-09,35.13999938964844,34.25,34.689998626708984,34.7400016784668,345800.0,25.765897750854492
2006-03-10,35.08000183105469,34.68000030517578,34.70000076293945,34.9900016784668,277100.0,25.95130157470703
2006-03-13,35.18000030517578,34.790000915527344,34.970001220703125,34.88999938964844,302600.0,25.87714385986328
2006-03-14,35.15999984741211,34.630001068115234,34.779998779296875,35.02000045776367,330600.0,25.973562240600586
2006-03-15,35.209999084472656,34.86000061035156,34.880001068115234,34.959999084472656,556800.0,25.929065704345703
2006-03-16,35.150001525878906,34.470001220703125,34.83000183105469,34.68000030517578,495400.0,25.72139549255371
2006-03-17,34.90999984741211,34.52000045776367,34.72999954223633,34.83000183105469,463000.0,25.97119140625
2006-03-20,35.400001525878906,34.70000076293945,34.779998779296875,35.18000030517578,427000.0,26.232160568237305
2006-03-21,35.130001068115234,34.369998931884766,35.099998474121094,34.5,513200.0,25.725126266479492
2006-03-22,34.939998626708984,34.52000045776367,34.540000915527344,34.83000183105469,341000.0,25.97119140625
2006-03-23,35.02000045776367,34.5,34.77000045776367,34.84000015258789,410700.0,25.978647232055664
2006-03-24,35.0,34.459999084472656,34.79999923706055,34.7599983215332,439500.0,25.918991088867188
2006-03-27,34.7400016784668,34.5099983215332,34.70000076293945,34.619998931884766,221600.0,25.81460189819336
2006-03-28,34.790000915527344,34.189998626708984,34.630001068115234,34.369998931884766,490700.0,25.628183364868164
2006-03-29,34.84000015258789,34.150001525878906,34.34000015258789,34.7599983215332,442300.0,25.918991088867188
2006-03-30,34.90999984741211,34.5099983215332,34.70000076293945,34.630001068115234,258100.0,25.822059631347656
2006-03-31,34.63999938964844,34.29999923706055,34.59000015258789,34.31999969482422,326300.0,25.590900421142578
2006-04-03,34.79999923706055,34.130001068115234,34.25,34.2400016784668,666500.0,25.531251907348633
2006-04-04,34.290000915527344,34.02000045776367,34.279998779296875,34.150001525878906,286100.0,25.464141845703125
2006-04-05,34.20000076293945,33.95000076293945,34.08000183105469,34.099998474121094,947800.0,25.42685890197754
2006-04-06,34.220001220703125,33.939998626708984,34.099998474121094,34.04999923706055,771300.0,25.389575958251953
2006-04-07,34.060001373291016,33.689998626708984,34.04999923706055,33.779998779296875,1105100.0,25.188251495361328
2006-04-10,33.88999938964844,33.630001068115234,33.779998779296875,33.79999923706055,303100.0,25.203157424926758
2006-04-11,34.09000015258789,33.459999084472656,33.880001068115234,33.630001068115234,469900.0,25.076400756835938
2006-04-12,33.79999923706055,33.61000061035156,33.65999984741211,33.650001525878906,336500.0,25.091312408447266
2006-04-13,33.880001068115234,33.650001525878906,33.650001525878906,33.790000915527344,240300.0,25.195709228515625
2006-04-17,34.04999923706055,33.709999084472656,33.790000915527344,33.83000183105469,280600.0,25.22553253173828
2006-04-18,34.349998474121094,33.790000915527344,33.88999938964844,34.27000045776367,486000.0,25.55361557006836
2006-04-19,34.61000061035156,34.18000030517578,34.25,34.61000061035156,311400.0,25.807147979736328
2006-04-20,34.849998474121094,34.25,34.61000061035156,34.540000915527344,232000.0,25.754947662353516
2006-04-21,35.75,34.779998779296875,34.849998474121094,35.599998474121094,931500.0,26.545339584350586
2006-04-24,35.91999816894531,35.529998779296875,35.599998474121094,35.90999984741211,588900.0,26.7764835357666
2006-04-25,36.349998474121094,35.86000061035156,36.0,36.349998474121094,967300.0,27.104576110839844
2006-04-26,36.400001525878906,35.040000915527344,36.29999923706055,35.720001220703125,1469900.0,26.63481903076172
2006-04-27,38.84000015258789,36.209999084472656,37.5,36.2599983215332,1669600.0,27.0374698638916
2006-04-28,36.2599983215332,35.31999969482422,36.150001525878906,35.33000183105469,882900.0,26.344017028808594
2006-05-01,35.90999984741211,35.380001068115234,35.45000076293945,35.58000183105469,404200.0,26.530424118041992
2006-05-02,35.81999969482422,35.5099983215332,35.529998779296875,35.599998474121094,259400.0,26.545339584350586
2006-05-03,35.650001525878906,35.349998474121094,35.54999923706055,35.599998474121094,544300.0,26.545339584350586
2006-05-04,36.099998474121094,35.59000015258789,35.66999816894531,35.66999816894531,344900.0,26.5975341796875
2006-05-05,36.25,35.599998474121094,35.68000030517578,36.18000030517578,623000.0,26.977828979492188
2006-05-08,36.400001525878906,35.9900016784668,36.20000076293945,36.040000915527344,286300.0,26.873428344726562
2006-05-09,36.18000030517578,35.7400016784668,36.08000183105469,36.0,403800.0,26.843605041503906
2006-05-10,36.150001525878906,35.900001525878906,36.0,35.970001220703125,389200.0,26.821231842041016
2006-05-11,36.18000030517578,35.95000076293945,35.95000076293945,36.06999969482422,471500.0,26.89579963684082
2006-05-12,36.06999969482422,35.72999954223633,36.06999969482422,35.7599983215332,381300.0,26.664642333984375
2006-05-15,35.959999084472656,35.5,35.75,35.91999816894531,351200.0,26.783960342407227
2006-05-16,35.93000030517578,35.65999984741211,35.849998474121094,35.75,400200.0,26.657182693481445
2006-05-17,35.81999969482422,35.400001525878906,35.650001525878906,35.400001525878906,507400.0,26.396215438842773
2006-05-18,35.72999954223633,35.25,35.349998474121094,35.5,335900.0,26.47077178955078
2006-05-19,35.68000030517578,35.2599983215332,35.5099983215332,35.540000915527344,401100.0,26.50060272216797
2006-05-22,35.68000030517578,35.279998779296875,35.5,35.400001525878906,647400.0,26.396215438842773
2006-05-23,35.709999084472656,35.029998779296875,35.5,35.029998779296875,562000.0,26.120309829711914
2006-05-24,35.59000015258789,34.70000076293945,35.0,35.4900016784668,730200.0,26.463321685791016
2006-05-25,35.619998931884766,35.06999969482422,35.560001373291016,35.20000076293945,488600.0,26.24707794189453
2006-05-26,35.75,35.310001373291016,35.310001373291016,35.619998931884766,264300.0,26.560251235961914
2006-05-30,35.650001525878906,35.2400016784668,35.45000076293945,35.290000915527344,317500.0,26.31418800354004
2006-05-31,35.75,35.150001525878906,35.279998779296875,35.59000015258789,629100.0,26.537883758544922
2006-06-01,35.7400016784668,35.29999923706055,35.54999923706055,35.7400016784668,352500.0,26.649738311767578
2006-06-02,35.83000183105469,35.36000061035156,35.599998474121094,35.52000045776367,351100.0,26.485687255859375
2006-06-05,35.529998779296875,34.970001220703125,35.52000045776367,35.0099983215332,262000.0,26.10540771484375
2006-06-06,35.0,34.15999984741211,35.0,34.439998626708984,656800.0,25.680374145507812
2006-06-07,34.90999984741211,34.2400016784668,34.5,34.7599983215332,590600.0,25.918991088867188
2006-06-08,35.130001068115234,34.11000061035156,34.77000045776367,34.9900016784668,762600.0,26.090482711791992
2006-06-09,35.13999938964844,34.66999816894531,34.95000076293945,34.86000061035156,485600.0,25.993553161621094
2006-06-12,35.20000076293945,34.59000015258789,34.970001220703125,34.68000030517578,390400.0,25.859338760375977
2006-06-13,35.06999969482422,34.34000015258789,34.68000030517578,34.77000045776367,568500.0,25.92644500732422
2006-06-14,35.0099983215332,34.41999816894531,34.7599983215332,34.720001220703125,491000.0,25.889162063598633
2006-06-15,35.33000183105469,34.650001525878906,34.720001220703125,35.290000915527344,281000.0,26.31418800354004
2006-06-16,35.38999938964844,34.70000076293945,35.20000076293945,34.7599983215332,404300.0,25.918991088867188
2006-06-19,34.779998779296875,34.040000915527344,34.77000045776367,34.439998626708984,465500.0,25.680374145507812
2006-06-20,34.45000076293945,34.060001373291016,34.209999084472656,34.099998474121094,264000.0,25.564184188842773
2006-06-21,35.08000183105469,33.849998474121094,34.04999923706055,34.880001068115234,407000.0,26.148937225341797
2006-06-22,34.9900016784668,34.65999984741211,34.81999969482422,34.810001373291016,240300.0,26.096460342407227
2006-06-23,35.13999938964844,34.619998931884766,34.70000076293945,34.77000045776367,215600.0,26.06647300720215
2006-06-26,35.150001525878906,34.75,34.77000045776367,34.9900016784668,157700.0,26.23139190673828
2006-06-27,35.130001068115234,34.70000076293945,35.0,34.900001525878906,237800.0,26.16392707824707
2006-06-28,35.13999938964844,34.52000045776367,34.970001220703125,34.720001220703125,348400.0,26.028987884521484
2006-06-29,35.599998474121094,34.779998779296875,34.79999923706055,35.540000915527344,226200.0,26.64373016357422
2006-06-30,35.630001068115234,35.2400016784668,35.560001373291016,35.2400016784668,308100.0,26.418819427490234
2006-07-03,35.40999984741211,35.220001220703125,35.33000183105469,35.33000183105469,95600.0,26.486289978027344
2006-07-05,35.209999084472656,34.880001068115234,35.20000076293945,35.029998779296875,184500.0,26.261375427246094
2006-07-06,35.099998474121094,34.54999923706055,35.040000915527344,34.720001220703125,464700.0,26.028987884521484
2006-07-07,34.95000076293945,34.459999084472656,34.72999954223633,34.650001525878906,220900.0,25.976516723632812
2006-07-10,35.02000045776367,34.52000045776367,34.650001525878906,34.880001068115234,163000.0,26.148937225341797
2006-07-11,34.97999954223633,34.58000183105469,34.79999923706055,34.93000030517578,145700.0,26.186412811279297
2006-07-12,35.119998931884766,34.529998779296875,34.939998626708984,34.630001068115234,221900.0,25.961515426635742
2006-07-13,35.040000915527344,34.5099983215332,34.650001525878906,34.7400016784668,386900.0,26.04397964477539
2006-07-14,34.77000045776367,34.349998474121094,34.720001220703125,34.58000183105469,333900.0,25.92402458190918
2006-07-17,34.779998779296875,34.459999084472656,34.4900016784668,34.58000183105469,249100.0,25.92402458190918
2006-07-18,34.869998931884766,34.560001373291016,34.59000015258789,34.790000915527344,223900.0,26.08146858215332
2006-07-19,35.33000183105469,34.599998474121094,34.869998931884766,35.2400016784668,420100.0,26.418819427490234
2006-07-20,35.43000030517578,34.560001373291016,35.20000076293945,34.599998474121094,261100.0,25.939023971557617
2006-07-21,34.72999954223633,34.31999969482422,34.72999954223633,34.529998779296875,282300.0,25.886539459228516
2006-07-24,35.06999969482422,34.56999969482422,34.650001525878906,34.9900016784668,215700.0,26.23139190673828
2006-07-25,35.31999969482422,34.75,35.029998779296875,35.25,278700.0,26.426319122314453
2006-07-26,37.5,35.25,35.25,37.0099983215332,1201300.0,27.745756149291992
2006-07-27,37.15999984741211,36.25,37.02000045776367,36.7599983215332,379400.0,27.558345794677734
2006-07-28,37.41999816894531,36.7599983215332,36.7599983215332,36.95000076293945,461800.0,27.700780868530273
2006-07-31,37.189998626708984,36.790000915527344,36.95000076293945,37.0,497600.0,27.738262176513672
2006-08-01,36.97999954223633,36.68000030517578,36.79999923706055,36.79999923706055,317800.0,27.588327407836914
2006-08-02,37.5,36.70000076293945,36.790000915527344,37.13999938964844,338300.0,27.843210220336914
2006-08-03,37.400001525878906,36.849998474121094,37.13999938964844,37.29999923706055,352400.0,27.96317481994629
2006-08-04,37.66999816894531,37.060001373291016,37.5,37.41999816894531,337100.0,28.05313491821289
2006-08-07,37.95000076293945,37.27000045776367,37.43000030517578,37.91999816894531,496800.0,28.427967071533203
2006-08-08,38.279998779296875,37.77000045776367,38.0,37.810001373291016,570200.0,28.34550666809082
2006-08-09,38.06999969482422,37.54999923706055,38.04999923706055,37.650001525878906,313700.0,28.22555160522461
2006-08-10,38.400001525878906,37.599998474121094,37.65999984741211,38.33000183105469,578000.0,28.735347747802734
2006-08-11,38.5,38.11000061035156,38.20000076293945,38.470001220703125,561700.0,28.840295791625977
2006-08-14,38.970001220703125,37.45000076293945,38.970001220703125,37.540000915527344,801200.0,28.14308738708496
2006-08-15,38.5,37.72999954223633,37.75,38.310001373291016,695200.0,28.720348358154297
2006-08-16,38.720001220703125,38.20000076293945,38.43000030517578,38.54999923706055,367600.0,28.9002685546875
2006-08-17,38.779998779296875,38.25,38.31999969482422,38.61000061035156,430600.0,28.94525146484375
2006-08-18,38.93000030517578,38.400001525878906,38.65999984741211,38.77000045776367,373600.0,29.065202713012695
2006-08-21,38.869998931884766,38.36000061035156,38.56999969482422,38.65999984741211,524900.0,28.98274803161621
2006-08-22,38.88999938964844,38.40999984741211,38.58000183105469,38.779998779296875,375600.0,29.072696685791016
2006-08-23,38.709999084472656,38.2599983215332,38.70000076293945,38.34000015258789,373600.0,28.742830276489258
2006-08-24,38.7400016784668,38.25,38.279998779296875,38.63999938964844,403200.0,28.967737197875977
2006-08-25,38.7599983215332,38.349998474121094,38.5,38.560001373291016,413600.0,28.907766342163086
2006-08-28,39.11000061035156,38.29999923706055,38.470001220703125,38.779998779296875,669400.0,29.072696685791016
2006-08-29,39.29999923706055,38.459999084472656,38.70000076293945,39.18000030517578,550100.0,29.37257194519043
2006-08-30,39.52000045776367,39.279998779296875,39.29999923706055,39.349998474121094,517800.0,29.500015258789062
2006-08-31,39.869998931884766,39.33000183105469,39.34000015258789,39.77000045776367,709000.0,29.814884185791016
2006-09-01,39.959999084472656,39.38999938964844,39.77000045776367,39.560001373291016,423200.0,29.65744972229004
2006-09-05,39.650001525878906,39.20000076293945,39.4900016784668,39.529998779296875,386500.0,29.63494873046875
2006-09-06,39.529998779296875,38.880001068115234,39.52000045776367,39.04999923706055,622500.0,29.275115966796875
2006-09-07,39.11000061035156,38.529998779296875,39.09000015258789,38.650001525878906,420400.0,28.975229263305664
2006-09-08,39.15999984741211,38.56999969482422,38.65999984741211,39.0,335400.0,29.23762321472168
2006-09-11,39.04999923706055,38.400001525878906,39.0,38.689998626708984,361000.0,29.005220413208008
2006-09-12,39.25,38.56999969482422,38.75,39.130001068115234,861200.0,29.33509063720703
2006-09-13,39.4900016784668,38.959999084472656,39.04999923706055,39.2400016784668,414500.0,29.417545318603516
2006-09-14,39.58000183105469,39.08000183105469,39.20000076293945,39.31999969482422,415400.0,29.477523803710938
2006-09-15,39.849998474121094,39.31999969482422,39.599998474121094,39.75,380100.0,29.799890518188477
2006-09-18,39.810001373291016,39.25,39.650001525878906,39.34000015258789,394300.0,29.492525100708008
2006-09-19,39.52000045776367,38.86000061035156,39.11000061035156,39.43000030517578,412100.0,29.699655532836914
2006-09-20,39.79999923706055,39.08000183105469,39.45000076293945,39.43000030517578,350100.0,29.699655532836914
2006-09-21,39.63999938964844,39.029998779296875,39.470001220703125,39.029998779296875,271000.0,29.39836883544922
2006-09-22,39.29999923706055,38.95000076293945,39.09000015258789,38.9900016784668,220000.0,29.368240356445312
2006-09-25,39.43000030517578,38.869998931884766,39.09000015258789,39.16999816894531,332600.0,29.503829956054688
2006-09-26,39.93000030517578,39.0,39.0,39.75,557200.0,29.9406795501709
2006-09-27,39.95000076293945,39.459999084472656,39.779998779296875,39.5,329000.0,29.75238609313965
2006-09-28,39.810001373291016,39.41999816894531,39.54999923706055,39.619998931884766,364200.0,29.842763900756836
2006-09-29,39.79999923706055,39.439998626708984,39.70000076293945,39.540000915527344,460600.0,29.782520294189453
2006-10-02,39.81999969482422,39.189998626708984,39.560001373291016,39.650001525878906,425200.0,29.8653621673584
2006-10-03,40.040000915527344,39.47999954223633,39.619998931884766,40.029998779296875,397700.0,30.151592254638672
2006-10-04,40.08000183105469,39.650001525878906,40.04999923706055,40.0,290900.0,30.128992080688477
2006-10-05,40.04999923706055,39.619998931884766,39.79999923706055,40.0099983215332,219100.0,30.13653564453125
2006-10-06,40.16999816894531,39.70000076293945,39.97999954223633,39.939998626708984,295100.0,30.083803176879883
2006-10-09,40.13999938964844,39.70000076293945,39.849998474121094,40.08000183105469,219400.0,30.18924331665039
2006-10-10,40.349998474121094,39.86000061035156,40.060001373291016,40.33000183105469,371400.0,30.377548217773438
2006-10-11,40.45000076293945,39.84000015258789,40.34000015258789,40.02000045776367,334300.0,30.144060134887695
2006-10-12,41.029998779296875,40.150001525878906,40.150001525878906,40.779998779296875,360800.0,30.71649742126465
2006-10-13,41.25,40.650001525878906,40.75,41.25,287800.0,31.070528030395508
2006-10-16,40.9900016784668,40.09000015258789,40.220001220703125,40.880001068115234,530900.0,30.791810989379883
2006-10-17,41.22999954223633,40.45000076293945,40.880001068115234,40.7599983215332,418600.0,30.701446533203125
2006-10-18,41.04999923706055,40.720001220703125,40.790000915527344,40.970001220703125,251700.0,30.859622955322266
2006-10-19,41.18000030517578,40.599998474121094,40.97999954223633,41.060001373291016,281600.0,30.927413940429688
2006-10-20,41.13999938964844,40.5,41.11000061035156,41.029998779296875,248900.0,30.904804229736328
2006-10-23,41.689998626708984,40.97999954223633,41.029998779296875,41.66999816894531,358000.0,31.38686752319336
2006-10-24,42.2599983215332,41.7599983215332,42.119998931884766,41.9900016784668,940000.0,31.6279239654541
2006-10-25,42.18000030517578,41.7599983215332,42.099998474121094,42.119998931884766,378300.0,31.725845336914062
2006-10-26,42.25,41.66999816894531,42.25,42.040000915527344,299900.0,31.665576934814453
2006-10-27,42.16999816894531,41.61000061035156,41.849998474121094,41.70000076293945,431600.0,31.40947914123535
2006-10-30,42.349998474121094,41.599998474121094,41.599998474121094,42.16999816894531,263800.0,31.763498306274414
2006-10-31,42.599998474121094,41.959999084472656,42.04999923706055,42.47999954223633,510200.0,31.996990203857422
2006-11-01,42.70000076293945,42.209999084472656,42.470001220703125,42.279998779296875,250700.0,31.846342086791992
2006-11-02,45.70000076293945,42.79999923706055,43.25,45.529998779296875,1068700.0,34.29432678222656
2006-11-03,46.220001220703125,45.0,45.349998474121094,45.2599983215332,1396800.0,34.0909538269043
2006-11-06,46.0,45.209999084472656,45.400001525878906,45.5,1090900.0,34.271724700927734
2006-11-07,45.9900016784668,45.29999923706055,45.400001525878906,45.5,719600.0,34.271724700927734
2006-11-08,46.36000061035156,45.380001068115234,45.43000030517578,46.119998931884766,616200.0,34.73873519897461
2006-11-09,46.189998626708984,45.720001220703125,46.0,45.97999954223633,954500.0,34.63328170776367
2006-11-10,46.060001373291016,45.599998474121094,45.599998474121094,46.0,649900.0,34.6483268737793
2006-11-13,46.68000030517578,45.779998779296875,45.900001525878906,46.470001220703125,688200.0,35.002357482910156
2006-11-14,47.0,45.68000030517578,46.4900016784668,46.08000183105469,925300.0,34.70859909057617
2006-11-15,46.849998474121094,46.06999969482422,46.06999969482422,46.29999923706055,880000.0,34.874305725097656
2006-11-16,47.099998474121094,46.459999084472656,46.5099983215332,46.84000015258789,754600.0,35.28104782104492
2006-11-17,47.099998474121094,46.439998626708984,46.95000076293945,46.790000915527344,642000.0,35.24339294433594
2006-11-20,47.13999938964844,46.400001525878906,46.900001525878906,46.61000061035156,714900.0,35.10780334472656
2006-11-21,46.970001220703125,46.439998626708984,46.65999984741211,46.75,696000.0,35.21324920654297
2006-11-22,47.560001373291016,46.810001373291016,46.849998474121094,47.31999969482422,603100.0,35.64259338378906
2006-11-24,47.7599983215332,47.2599983215332,47.33000183105469,47.68000030517578,243700.0,35.91374969482422
2006-11-27,47.79999923706055,46.779998779296875,47.68000030517578,46.95000076293945,594100.0,35.36391067504883
2006-11-28,47.220001220703125,46.77000045776367,46.79999923706055,47.0,681000.0,35.40156555175781
2006-11-29,47.52000045776367,46.91999816894531,47.099998474121094,47.4900016784668,739400.0,35.770652770996094
2006-11-30,47.4900016784668,46.90999984741211,47.4900016784668,47.11000061035156,720500.0,35.484413146972656
2006-12-01,47.5,46.91999816894531,46.91999816894531,47.400001525878906,859800.0,35.70286560058594
2006-12-04,48.029998779296875,47.459999084472656,47.54999923706055,47.709999084472656,1019900.0,35.93636703491211
2006-12-05,48.869998931884766,47.68000030517578,47.72999954223633,48.61000061035156,861600.0,36.614253997802734
2006-12-06,48.65999984741211,47.939998626708984,48.56999969482422,47.970001220703125,673000.0,36.1321907043457
2006-12-07,48.52000045776367,47.70000076293945,48.0,48.33000183105469,506500.0,36.40336608886719
2006-12-08,48.75,48.209999084472656,48.220001220703125,48.470001220703125,510000.0,36.508811950683594
2006-12-11,48.470001220703125,47.66999816894531,48.470001220703125,47.91999816894531,782500.0,36.09452438354492
2006-12-12,48.130001068115234,47.56999969482422,47.93000030517578,48.040000915527344,650400.0,36.1849250793457
2006-12-13,48.54999923706055,48.13999938964844,48.13999938964844,48.52000045776367,527300.0,36.54647445678711
2006-12-14,48.90999984741211,48.400001525878906,48.5099983215332,48.79999923706055,371100.0,36.757362365722656
2006-12-15,49.0,48.72999954223633,49.0,48.970001220703125,679600.0,36.88542556762695
2006-12-18,48.9900016784668,48.56999969482422,48.849998474121094,48.79999923706055,446300.0,36.757362365722656
2006-12-19,49.0099983215332,48.2400016784668,48.45000076293945,48.97999954223633,528700.0,37.05239486694336
2006-12-20,49.06999969482422,48.81999969482422,48.849998474121094,49.0,420200.0,37.067535400390625
2006-12-21,49.279998779296875,48.52000045776367,49.150001525878906,48.79999923706055,505900.0,36.91622543334961
2006-12-22,48.97999954223633,48.650001525878906,48.900001525878906,48.88999938964844,356900.0,36.98432159423828
2006-12-26,49.27000045776367,48.58000183105469,48.900001525878906,49.209999084472656,334700.0,37.22639083862305
2006-12-27,49.880001068115234,49.189998626708984,49.220001220703125,49.79999923706055,453600.0,37.67271041870117
2006-12-28,49.810001373291016,49.29999923706055,49.79999923706055,49.29999923706055,448000.0,37.29446792602539
2006-12-29,49.47999954223633,49.11000061035156,49.25,49.15999984741211,269200.0,37.18856430053711
2007-01-03,49.939998626708984,48.63999938964844,49.88999938964844,48.91999816894531,1291900.0,37.007022857666016
2007-01-04,48.939998626708984,48.119998931884766,48.849998474121094,48.38999938964844,665800.0,36.6060676574707
2007-01-05,48.939998626708984,48.189998626708984,48.38999938964844,48.779998779296875,718700.0,36.901100158691406
2007-01-08,48.90999984741211,48.58000183105469,48.75,48.7400016784668,513700.0,36.8708381652832
2007-01-09,49.36000061035156,48.599998474121094,48.72999954223633,49.27000045776367,476600.0,37.27177810668945
2007-01-10,49.63999938964844,48.93000030517578,49.08000183105469,49.59000015258789,361900.0,37.51384735107422
2007-01-11,50.27000045776367,49.650001525878906,49.75,49.79999923706055,512300.0,37.67271041870117
2007-01-12,50.150001525878906,49.650001525878906,49.66999816894531,49.939998626708984,344700.0,37.77861404418945
2007-01-16,50.38999938964844,49.849998474121094,49.9900016784668,50.040000915527344,238200.0,37.85425567626953
2007-01-17,50.18000030517578,49.560001373291016,49.869998931884766,50.150001525878906,320300.0,37.937477111816406
2007-01-18,50.400001525878906,49.65999984741211,50.29999923706055,49.790000915527344,320300.0,37.66514205932617
2007-01-19,50.27000045776367,49.86000061035156,49.97999954223633,50.209999084472656,383400.0,37.982872009277344
2007-01-22,50.20000076293945,49.5,50.0,49.779998779296875,310700.0,37.65757369995117
2007-01-23,50.77000045776367,49.619998931884766,49.630001068115234,50.77000045776367,518700.0,38.406490325927734
2007-01-24,50.90999984741211,50.349998474121094,50.689998626708984,50.58000183105469,401900.0,38.26276779174805
2007-01-25,51.0,49.900001525878906,50.68000030517578,50.029998779296875,359000.0,37.84669876098633
2007-01-26,50.25,49.83000183105469,50.040000915527344,50.189998626708984,428900.0,37.96773147583008
2007-01-29,50.880001068115234,50.22999954223633,50.349998474121094,50.61000061035156,719200.0,38.28545379638672
2007-01-30,50.0099983215332,47.27000045776367,50.0099983215332,48.119998931884766,2711500.0,36.401824951171875
2007-01-31,48.54999923706055,47.75,48.119998931884766,48.47999954223633,1146900.0,36.67416000366211
2007-02-01,49.2400016784668,48.47999954223633,48.599998474121094,49.22999954223633,803500.0,37.24152755737305
2007-02-02,49.45000076293945,49.0099983215332,49.45000076293945,49.16999816894531,613000.0,37.19613265991211
2007-02-05,49.209999084472656,48.7599983215332,49.18000030517578,48.93000030517578,532400.0,37.01456832885742
2007-02-06,49.34000015258789,48.84000015258789,49.099998474121094,49.2400016784668,636300.0,37.24909591674805
2007-02-07,49.369998931884766,48.689998626708984,49.34000015258789,48.75,467100.0,36.87841033935547
2007-02-08,48.75,47.880001068115234,48.75,48.2400016784668,848600.0,36.49259948730469
2007-02-09,49.029998779296875,48.380001068115234,48.380001068115234,48.650001525878906,646800.0,36.80276107788086
2007-02-12,48.86000061035156,48.43000030517578,48.599998474121094,48.45000076293945,453000.0,36.651458740234375
2007-02-13,49.0,48.54999923706055,48.630001068115234,48.91999816894531,478400.0,37.007022857666016
2007-02-14,49.459999084472656,48.470001220703125,48.9900016784668,48.58000183105469,729700.0,36.74980926513672
2007-02-15,48.97999954223633,48.45000076293945,48.66999816894531,48.88999938964844,445300.0,36.98432159423828
2007-02-16,48.939998626708984,48.54999923706055,48.7599983215332,48.7599983215332,374400.0,36.885986328125
2007-02-20,49.099998474121094,48.470001220703125,48.77000045776367,49.0,317500.0,37.067535400390625
2007-02-21,49.099998474121094,48.810001373291016,48.9900016784668,48.970001220703125,403500.0,37.04484176635742
2007-02-22,49.150001525878906,48.5099983215332,49.0,48.68000030517578,347200.0,36.82544708251953
2007-02-23,48.70000076293945,48.130001068115234,48.70000076293945,48.22999954223633,399800.0,36.485042572021484
2007-02-26,48.77000045776367,48.13999938964844,48.310001373291016,48.22999954223633,376500.0,36.485042572021484
2007-02-27,48.0,46.290000915527344,48.0,46.83000183105469,584700.0,35.42597198486328
2007-02-28,47.15999984741211,46.29999923706055,46.79999923706055,46.79999923706055,478300.0,35.40328598022461
2007-03-01,47.18000030517578,45.709999084472656,46.22999954223633,46.84000015258789,641900.0,35.433536529541016
2007-03-02,46.90999984741211,46.02000045776367,46.849998474121094,46.029998779296875,470500.0,34.82078170776367
2007-03-05,46.459999084472656,45.779998779296875,45.93000030517578,46.0,446300.0,34.798072814941406
2007-03-06,46.91999816894531,46.209999084472656,46.25,46.650001525878906,441200.0,35.289794921875
2007-03-07,46.939998626708984,46.34000015258789,46.45000076293945,46.349998474121094,419500.0,35.06284713745117
2007-03-08,46.9900016784668,46.38999938964844,46.38999938964844,46.65999984741211,420500.0,35.297367095947266
2007-03-09,46.900001525878906,46.540000915527344,46.75,46.720001220703125,430600.0,35.34274673461914
2007-03-12,47.029998779296875,46.52000045776367,46.52000045776367,46.900001525878906,355500.0,35.478904724121094
2007-03-13,46.959999084472656,46.20000076293945,46.81999969482422,46.220001220703125,593700.0,34.96451187133789
2007-03-14,46.650001525878906,45.77000045776367,46.22999954223633,46.45000076293945,618300.0,35.138511657714844
2007-03-15,47.08000183105469,46.33000183105469,46.33000183105469,46.66999816894531,527200.0,35.304927825927734
2007-03-16,46.84000015258789,46.13999938964844,46.72999954223633,46.220001220703125,606600.0,34.96451187133789
2007-03-19,46.349998474121094,45.880001068115234,45.880001068115234,46.08000183105469,999500.0,34.858604431152344
2007-03-20,46.900001525878906,45.90999984741211,46.130001068115234,46.810001373291016,1028200.0,35.572959899902344
2007-03-21,47.70000076293945,46.66999816894531,46.90999984741211,47.54999923706055,601200.0,36.13530731201172
2007-03-22,47.959999084472656,47.4900016784668,47.560001373291016,47.90999984741211,595900.0,36.408897399902344
2007-03-23,48.2599983215332,47.66999816894531,47.959999084472656,47.91999816894531,425700.0,36.41648483276367
2007-03-26,48.15999984741211,47.380001068115234,47.79999923706055,48.0099983215332,444500.0,36.48488235473633
2007-03-27,48.0099983215332,47.459999084472656,48.0099983215332,47.70000076293945,403700.0,36.24930953979492
2007-03-28,47.7400016784668,47.11000061035156,47.70000076293945,47.2599983215332,504100.0,35.9149284362793
2007-03-29,47.709999084472656,46.869998931884766,47.400001525878906,47.18000030517578,427000.0,35.854129791259766
2007-03-30,47.709999084472656,46.77000045776367,47.290000915527344,47.220001220703125,491300.0,35.88454055786133
2007-04-02,47.27000045776367,46.95000076293945,47.06999969482422,47.13999938964844,333000.0,35.823734283447266
2007-04-03,47.90999984741211,47.189998626708984,47.25,47.79999923706055,338000.0,36.32529067993164
2007-04-04,48.029998779296875,47.619998931884766,47.810001373291016,47.709999084472656,261000.0,36.25690460205078
2007-04-05,47.7599983215332,47.43000030517578,47.70000076293945,47.61000061035156,171900.0,36.1808967590332
2007-04-09,48.11000061035156,47.61000061035156,47.61000061035156,47.93000030517578,225700.0,36.4240837097168
2007-04-10,48.040000915527344,47.72999954223633,47.97999954223633,47.77000045776367,154300.0,36.30250549316406
2007-04-11,47.650001525878906,47.209999084472656,47.59000015258789,47.31999969482422,264400.0,35.96051788330078
2007-04-12,47.939998626708984,47.189998626708984,47.349998474121094,47.939998626708984,313300.0,36.43168258666992
2007-04-13,48.060001373291016,47.599998474121094,47.939998626708984,47.66999816894531,224400.0,36.22650909423828
2007-04-16,48.33000183105469,47.65999984741211,47.79999923706055,48.33000183105469,259600.0,36.72807312011719
2007-04-17,48.630001068115234,48.11000061035156,48.38999938964844,48.290000915527344,201100.0,36.69767761230469
2007-04-18,48.33000183105469,47.849998474121094,48.290000915527344,48.06999969482422,268200.0,36.53047180175781
2007-04-19,48.150001525878906,47.56999969482422,47.849998474121094,48.02000045776367,226000.0,36.49249267578125
2007-04-20,48.560001373291016,48.04999923706055,48.25,48.439998626708984,361600.0,36.81166458129883
2007-04-23,49.0,48.279998779296875,49.0,48.47999954223633,361900.0,36.842063903808594
2007-04-24,48.599998474121094,47.880001068115234,48.400001525878906,48.13999938964844,317400.0,36.58366394042969
2007-04-25,49.45000076293945,48.18000030517578,48.20000076293945,49.36000061035156,578700.0,37.51081085205078
2007-04-26,49.36000061035156,48.65999984741211,49.310001373291016,48.95000076293945,394000.0,37.19923400878906
2007-04-27,48.90999984741211,48.369998931884766,48.90999984741211,48.650001525878906,665800.0,36.971256256103516
2007-04-30,49.150001525878906,48.599998474121094,48.779998779296875,48.66999816894531,436900.0,36.986446380615234
2007-05-01,48.84000015258789,48.15999984741211,48.599998474121094,48.29999923706055,476200.0,36.70528030395508
2007-05-02,48.84000015258789,48.33000183105469,48.380001068115234,48.5,742600.0,36.857261657714844
2007-05-03,52.880001068115234,50.16999816894531,50.47999954223633,52.75,2622300.0,40.08702087402344
2007-05-04,52.9900016784668,51.529998779296875,52.9900016784668,51.86000061035156,922000.0,39.41067886352539
2007-05-07,52.630001068115234,51.81999969482422,51.81999969482422,52.06999969482422,618700.0,39.57025146484375
2007-05-08,52.189998626708984,51.56999969482422,52.08000183105469,51.779998779296875,553200.0,39.34986114501953
2007-05-09,52.02000045776367,51.31999969482422,51.75,51.72999954223633,611500.0,39.31186294555664
2007-05-10,51.7599983215332,50.939998626708984,51.68000030517578,51.06999969482422,489900.0,38.810302734375
2007-05-11,51.2400016784668,50.709999084472656,50.84000015258789,51.029998779296875,490500.0,38.779911041259766
2007-05-14,51.279998779296875,50.630001068115234,51.029998779296875,50.88999938964844,376700.0,38.673526763916016
2007-05-15,51.56999969482422,50.77000045776367,50.880001068115234,51.220001220703125,549500.0,38.9243049621582
2007-05-16,51.529998779296875,50.849998474121094,51.29999923706055,50.91999816894531,404800.0,38.69632339477539
2007-05-17,51.189998626708984,50.77000045776367,50.79999923706055,51.0,357200.0,38.75709533691406
2007-05-18,51.439998626708984,50.810001373291016,51.279998779296875,50.970001220703125,349300.0,38.73432159423828
2007-05-21,51.790000915527344,50.9900016784668,51.029998779296875,51.75,559200.0,39.32707214355469
2007-05-22,51.93000030517578,51.41999816894531,51.45000076293945,51.91999816894531,640600.0,39.456260681152344
2007-05-23,52.349998474121094,51.470001220703125,51.91999816894531,51.540000915527344,323900.0,39.167484283447266
2007-05-24,51.83000183105469,50.209999084472656,51.599998474121094,50.2599983215332,553200.0,38.19475555419922
2007-05-25,51.72999954223633,50.45000076293945,50.459999084472656,51.43000030517578,498000.0,39.083892822265625
2007-05-29,51.7400016784668,51.0099983215332,51.43000030517578,51.08000183105469,341900.0,38.817909240722656
2007-05-30,51.27000045776367,50.849998474121094,51.09000015258789,51.099998474121094,527200.0,38.83310317993164
2007-05-31,51.59000015258789,50.880001068115234,51.099998474121094,51.33000183105469,532100.0,39.00790023803711
2007-06-01,51.689998626708984,51.27000045776367,51.40999984741211,51.45000076293945,455700.0,39.09909439086914
2007-06-04,51.540000915527344,50.9900016784668,51.40999984741211,51.34000015258789,317800.0,39.015506744384766
2007-06-05,51.720001220703125,51.06999969482422,51.25,51.43000030517578,342300.0,39.083892822265625
2007-06-06,51.349998474121094,50.70000076293945,51.33000183105469,50.70000076293945,311000.0,38.52912902832031
2007-06-07,50.68000030517578,49.650001525878906,50.61000061035156,49.650001525878906,540900.0,37.731204986572266
2007-06-08,50.43000030517578,49.470001220703125,50.0,50.41999816894531,592600.0,38.31634521484375
2007-06-11,50.79999923706055,50.2400016784668,50.43000030517578,50.68000030517578,382200.0,38.51394271850586
2007-06-12,51.040000915527344,50.349998474121094,50.45000076293945,50.63999938964844,739100.0,38.48353576660156
2007-06-13,51.95000076293945,50.560001373291016,50.70000076293945,51.95000076293945,827300.0,39.47905731201172
2007-06-14,52.47999954223633,51.720001220703125,52.34000015258789,52.119998931884766,485600.0,39.608253479003906
2007-06-15,52.4900016784668,51.709999084472656,52.400001525878906,51.77000045776367,572200.0,39.34226608276367
2007-06-18,52.150001525878906,51.7400016784668,51.849998474121094,52.04999923706055,413800.0,39.555049896240234
2007-06-19,52.119998931884766,51.599998474121094,51.849998474121094,52.119998931884766,310200.0,39.768699645996094
2007-06-20,52.220001220703125,51.27000045776367,52.20000076293945,51.27000045776367,505900.0,39.12013626098633
2007-06-21,51.4900016784668,50.619998931884766,51.189998626708984,51.43000030517578,475400.0,39.24222183227539
2007-06-22,51.41999816894531,50.56999969482422,51.41999816894531,50.77000045776367,712900.0,38.738616943359375
2007-06-25,51.290000915527344,50.400001525878906,50.720001220703125,50.5,700900.0,38.532615661621094
2007-06-26,51.130001068115234,50.689998626708984,50.869998931884766,50.90999984741211,576100.0,38.8454475402832
2007-06-27,51.790000915527344,50.290000915527344,50.65999984741211,51.689998626708984,920200.0,39.44060134887695
2007-06-28,52.630001068115234,51.369998931884766,51.689998626708984,52.2400016784668,805300.0,39.86027526855469
2007-06-29,52.97999954223633,51.900001525878906,52.220001220703125,52.13999938964844,761200.0,39.783966064453125
2007-07-02,52.939998626708984,52.41999816894531,52.5,52.869998931884766,384900.0,40.340972900390625
2007-07-03,53.040000915527344,52.68000030517578,52.880001068115234,53.0099983215332,272300.0,40.44778823852539
2007-07-05,53.04999923706055,52.470001220703125,53.0,52.5099983215332,569800.0,40.0662727355957
2007-07-06,52.90999984741211,52.349998474121094,52.52000045776367,52.560001373291016,557500.0,40.104434967041016
2007-07-09,52.810001373291016,52.220001220703125,52.560001373291016,52.540000915527344,393800.0,40.08916473388672
2007-07-10,52.7400016784668,51.790000915527344,52.150001525878906,51.95000076293945,740600.0,39.63898468017578
2007-07-11,52.689998626708984,51.97999954223633,51.9900016784668,52.470001220703125,387500.0,40.03575897216797
2007-07-12,53.88999938964844,52.470001220703125,52.75,53.88999938964844,641800.0,41.1192512512207
2007-07-13,54.09000015258789,53.599998474121094,53.900001525878906,53.93000030517578,375300.0,41.149784088134766
2007-07-16,53.88999938964844,53.119998931884766,53.79999923706055,53.220001220703125,372200.0,40.608028411865234
2007-07-17,53.54999923706055,52.83000183105469,53.349998474121094,52.83000183105469,465500.0,40.310447692871094
2007-07-18,52.86000061035156,52.099998474121094,52.79999923706055,52.61000061035156,543400.0,40.14259338378906
2007-07-19,53.22999954223633,52.5099983215332,52.7400016784668,53.20000076293945,350200.0,40.5927734375
2007-07-20,53.2599983215332,51.810001373291016,53.189998626708984,51.84000015258789,669400.0,39.55504608154297
2007-07-23,52.34000015258789,51.900001525878906,52.06999969482422,52.09000015258789,338000.0,39.74581527709961
2007-07-24,52.22999954223633,50.83000183105469,51.91999816894531,50.880001068115234,451000.0,38.82254409790039
2007-07-25,51.0,49.599998474121094,51.0,50.06999969482422,745500.0,38.20450210571289
2007-07-26,50.720001220703125,49.66999816894531,50.2400016784668,50.349998474121094,1289700.0,38.41815185546875
2007-07-27,50.45000076293945,48.849998474121094,50.349998474121094,48.849998474121094,1056100.0,37.273624420166016
2007-07-30,49.43000030517578,48.63999938964844,48.849998474121094,49.369998931884766,807800.0,37.67038345336914
2007-07-31,51.31999969482422,50.11000061035156,50.75,50.11000061035156,1028900.0,38.23502731323242
2007-08-01,51.849998474121094,49.939998626708984,50.11000061035156,51.720001220703125,1213300.0,39.46348571777344
2007-08-02,52.099998474121094,51.349998474121094,51.79999923706055,51.63999938964844,750300.0,39.402462005615234
2007-08-03,51.91999816894531,49.83000183105469,51.7400016784668,49.83000183105469,1010400.0,38.021385192871094
2007-08-06,50.83000183105469,49.310001373291016,50.20000076293945,50.68000030517578,1074100.0,38.66995620727539
2007-08-07,51.099998474121094,46.88999938964844,50.52000045776367,47.45000076293945,1784100.0,36.20539474487305
2007-08-08,51.029998779296875,47.45000076293945,47.459999084472656,50.779998779296875,1712700.0,38.746253967285156
2007-08-09,52.31999969482422,49.33000183105469,50.779998779296875,49.34000015258789,1622900.0,37.64750671386719
2007-08-10,50.470001220703125,48.27000045776367,49.060001373291016,49.20000076293945,1031200.0,37.54068374633789
2007-08-13,50.18000030517578,49.2599983215332,49.849998474121094,49.93000030517578,598600.0,38.097686767578125
2007-08-14,50.27000045776367,49.59000015258789,50.06999969482422,49.59000015258789,675400.0,37.8382568359375
2007-08-15,50.290000915527344,48.5,49.70000076293945,48.58000183105469,646700.0,37.067604064941406
2007-08-16,49.54999923706055,47.04999923706055,48.83000183105469,49.439998626708984,1171900.0,37.72382354736328
2007-08-17,50.83000183105469,48.630001068115234,50.5,48.880001068115234,736500.0,37.2965087890625
2007-08-20,49.18000030517578,47.869998931884766,48.88999938964844,48.59000015258789,707000.0,37.07522964477539
2007-08-21,48.970001220703125,47.2599983215332,47.54999923706055,48.66999816894531,612200.0,37.136268615722656
2007-08-22,49.97999954223633,48.7599983215332,48.88999938964844,49.810001373291016,379700.0,38.00611877441406
2007-08-23,50.400001525878906,49.599998474121094,50.13999938964844,50.22999954223633,434000.0,38.32659912109375
2007-08-24,50.18000030517578,49.58000183105469,50.11000061035156,50.099998474121094,353300.0,38.22740173339844
2007-08-27,50.18000030517578,49.310001373291016,49.900001525878906,49.540000915527344,292400.0,37.80009460449219
2007-08-28,49.380001068115234,48.29999923706055,49.349998474121094,48.34000015258789,421500.0,36.88449478149414
2007-08-29,50.0099983215332,48.33000183105469,48.47999954223633,50.0,394800.0,38.151092529296875
2007-08-30,50.470001220703125,49.59000015258789,49.77000045776367,49.81999969482422,352100.0,38.01374435424805
2007-08-31,50.709999084472656,49.84000015258789,50.099998474121094,50.22999954223633,357500.0,38.32659912109375
2007-09-04,50.58000183105469,49.91999816894531,50.439998626708984,50.279998779296875,307100.0,38.36474609375
2007-09-05,50.34000015258789,49.59000015258789,49.900001525878906,50.099998474121094,402800.0,38.22740173339844
2007-09-06,50.59000015258789,49.9900016784668,50.189998626708984,50.20000076293945,319700.0,38.303707122802734
2007-09-07,49.86000061035156,48.709999084472656,49.849998474121094,48.7400016784668,654600.0,37.189697265625
2007-09-10,48.95000076293945,47.959999084472656,48.869998931884766,48.599998474121094,533800.0,37.082855224609375
2007-09-11,49.58000183105469,48.619998931884766,48.869998931884766,48.939998626708984,677600.0,37.34229278564453
2007-09-12,49.59000015258789,48.54999923706055,49.13999938964844,48.939998626708984,640600.0,37.34229278564453
2007-09-13,49.279998779296875,47.72999954223633,49.11000061035156,48.349998474121094,1119800.0,36.89210510253906
2007-09-14,48.9900016784668,47.900001525878906,48.099998474121094,48.66999816894531,600900.0,37.136268615722656
2007-09-17,50.400001525878906,48.619998931884766,48.900001525878906,49.900001525878906,1066700.0,38.07478713989258
2007-09-18,51.369998931884766,49.720001220703125,49.959999084472656,51.369998931884766,957300.0,39.3779296875
2007-09-19,52.720001220703125,51.470001220703125,51.47999954223633,52.459999084472656,1018600.0,40.21348571777344
2007-09-20,52.90999984741211,52.099998474121094,52.7599983215332,52.63999938964844,921000.0,40.351463317871094
2007-09-21,53.2400016784668,52.099998474121094,53.22999954223633,52.29999923706055,2339800.0,40.09082794189453
2007-09-24,52.90999984741211,51.970001220703125,52.18000030517578,52.36000061035156,787800.0,40.136837005615234
2007-09-25,52.560001373291016,51.54999923706055,52.310001373291016,51.720001220703125,985400.0,39.6462287902832
2007-09-26,52.810001373291016,51.79999923706055,51.88999938964844,52.68000030517578,701900.0,40.382118225097656
2007-09-27,53.31999969482422,52.709999084472656,52.7400016784668,53.13999938964844,638900.0,40.73473358154297
2007-09-28,53.11000061035156,52.38999938964844,52.849998474121094,52.86000061035156,554800.0,40.52010726928711
2007-10-01,53.90999984741211,52.83000183105469,52.86000061035156,53.7400016784668,568400.0,41.19467544555664
2007-10-02,53.900001525878906,53.189998626708984,53.849998474121094,53.41999816894531,459100.0,40.94935607910156
2007-10-03,53.310001373291016,52.63999938964844,53.16999816894531,52.7599983215332,500700.0,40.443450927734375
2007-10-04,53.459999084472656,52.560001373291016,52.91999816894531,53.369998931884766,467100.0,40.911048889160156
2007-10-05,54.75,53.2400016784668,54.75,53.869998931884766,558900.0,41.294315338134766
2007-10-08,54.11000061035156,53.52000045776367,54.11000061035156,53.77000045776367,321100.0,41.2176628112793
2007-10-09,54.380001068115234,53.70000076293945,54.0099983215332,54.20000076293945,474800.0,41.54729080200195
2007-10-10,54.41999816894531,53.04999923706055,54.41999816894531,53.189998626708984,1135300.0,40.773075103759766
2007-10-11,53.779998779296875,52.5,53.060001373291016,52.66999816894531,561700.0,40.37446594238281
2007-10-12,53.119998931884766,52.709999084472656,52.79999923706055,53.0099983215332,412600.0,40.63508605957031
2007-10-15,53.31999969482422,51.70000076293945,52.72999954223633,51.959999084472656,763800.0,39.8302001953125
2007-10-16,52.189998626708984,51.33000183105469,52.189998626708984,51.7400016784668,708200.0,39.66156768798828
2007-10-17,52.209999084472656,51.470001220703125,51.970001220703125,51.72999954223633,674000.0,39.65390396118164
2007-10-18,52.36000061035156,51.279998779296875,51.59000015258789,51.959999084472656,450100.0,39.8302001953125
2007-10-19,52.220001220703125,50.9900016784668,51.91999816894531,51.0099983215332,781300.0,39.10197067260742
2007-10-22,51.279998779296875,50.20000076293945,50.77000045776367,51.09000015258789,870900.0,39.163299560546875
2007-10-23,51.68000030517578,50.86000061035156,50.86000061035156,51.470001220703125,474400.0,39.45458221435547
2007-10-24,51.97999954223633,50.599998474121094,51.41999816894531,51.810001373291016,813900.0,39.71521759033203
2007-10-25,51.91999816894531,51.15999984741211,51.91999816894531,51.380001068115234,737000.0,39.3856201171875
2007-10-26,52.4900016784668,51.5,51.83000183105469,52.02000045776367,575200.0,39.876197814941406
2007-10-29,52.47999954223633,51.86000061035156,52.060001373291016,52.22999954223633,373000.0,40.03718185424805
2007-10-30,53.099998474121094,51.84000015258789,52.45000076293945,51.880001068115234,665400.0,39.76887893676758
2007-10-31,53.72999954223633,50.72999954223633,53.72999954223633,52.209999084472656,1437200.0,40.021846771240234
2007-11-01,52.08000183105469,50.27000045776367,51.599998474121094,51.04999923706055,943600.0,39.13263702392578
2007-11-02,51.869998931884766,50.790000915527344,51.41999816894531,51.400001525878906,792200.0,39.40093231201172
2007-11-05,51.290000915527344,50.5,51.290000915527344,50.880001068115234,654200.0,39.002323150634766
2007-11-06,51.81999969482422,50.869998931884766,50.88999938964844,51.56999969482422,644700.0,39.53125
2007-11-07,51.45000076293945,50.4900016784668,51.16999816894531,50.4900016784668,1049200.0,38.703372955322266
2007-11-08,50.650001525878906,48.95000076293945,50.650001525878906,50.06999969482422,2305000.0,38.38140869140625
2007-11-09,50.2400016784668,49.20000076293945,49.310001373291016,49.5,827900.0,37.944480895996094
2007-11-12,49.79999923706055,48.88999938964844,49.15999984741211,49.2599983215332,921400.0,37.76050567626953
2007-11-13,49.95000076293945,49.22999954223633,49.56999969482422,49.79999923706055,709800.0,38.174442291259766
2007-11-14,50.290000915527344,49.459999084472656,50.04999923706055,49.709999084472656,628900.0,38.10544967651367
2007-11-15,49.849998474121094,48.66999816894531,49.56999969482422,49.20000076293945,800100.0,37.714515686035156
2007-11-16,49.5099983215332,48.459999084472656,49.34000015258789,48.84000015258789,930200.0,37.43855285644531
2007-11-19,48.810001373291016,47.7599983215332,48.72999954223633,47.810001373291016,1210100.0,36.64902877807617
2007-11-20,48.43000030517578,47.470001220703125,47.95000076293945,48.130001068115234,874300.0,36.8942985534668
2007-11-21,48.20000076293945,47.25,47.63999938964844,47.7400016784668,1064200.0,36.595340728759766
2007-11-23,48.38999938964844,47.630001068115234,47.779998779296875,48.279998779296875,296000.0,37.009281158447266
2007-11-26,49.459999084472656,47.869998931884766,47.91999816894531,47.869998931884766,913700.0,36.69498825073242
2007-11-27,49.119998931884766,47.91999816894531,48.02000045776367,48.70000076293945,1076600.0,37.331233978271484
2007-11-28,49.70000076293945,48.75,49.0,49.58000183105469,968000.0,38.00580596923828
2007-11-29,50.11000061035156,49.33000183105469,49.619998931884766,49.43000030517578,747200.0,37.89081573486328
2007-11-30,50.34000015258789,49.38999938964844,50.34000015258789,50.13999938964844,808200.0,38.43507385253906
2007-12-03,50.150001525878906,49.5099983215332,50.150001525878906,49.5099983215332,719000.0,37.952144622802734
2007-12-04,49.72999954223633,48.959999084472656,48.959999084472656,49.16999816894531,584500.0,37.6915168762207
2007-12-05,49.83000183105469,48.459999084472656,49.630001068115234,48.869998931884766,1108300.0,37.461544036865234
2007-12-06,49.5099983215332,48.869998931884766,48.869998931884766,49.5,608700.0,37.944480895996094
2007-12-07,49.93000030517578,49.5,49.66999816894531,49.77000045776367,510900.0,38.151451110839844
2007-12-10,50.060001373291016,49.63999938964844,49.77000045776367,49.959999084472656,403400.0,38.297088623046875
2007-12-11,49.9900016784668,48.75,49.83000183105469,48.77000045776367,802600.0,37.38489532470703
2007-12-12,49.77000045776367,48.40999984741211,49.77000045776367,49.060001373291016,863400.0,37.60719680786133
2007-12-13,49.099998474121094,48.4900016784668,48.75,49.0099983215332,659000.0,37.568870544433594
2007-12-14,48.790000915527344,48.34000015258789,48.65999984741211,48.43000030517578,606600.0,37.124263763427734
2007-12-17,48.22999954223633,47.31999969482422,48.22999954223633,47.33000183105469,692200.0,36.281063079833984
2007-12-18,48.040000915527344,47.58000183105469,47.58000183105469,47.81999969482422,876300.0,36.65668487548828
2007-12-19,47.91999816894531,47.11000061035156,47.91999816894531,47.31999969482422,533400.0,36.448692321777344
2007-12-20,47.70000076293945,47.16999816894531,47.38999938964844,47.70000076293945,528700.0,36.74140930175781
2007-12-21,48.52000045776367,47.97999954223633,48.119998931884766,48.27000045776367,572200.0,37.1804313659668
2007-12-24,48.880001068115234,48.060001373291016,48.060001373291016,48.619998931884766,169600.0,37.450035095214844
2007-12-26,48.65999984741211,48.209999084472656,48.470001220703125,48.470001220703125,315500.0,37.334495544433594
2007-12-27,48.689998626708984,48.20000076293945,48.290000915527344,48.349998474121094,474500.0,37.242061614990234
2007-12-28,48.65999984741211,48.150001525878906,48.54999923706055,48.22999954223633,452800.0,37.14964294433594
2007-12-31,48.43000030517578,47.959999084472656,47.9900016784668,48.130001068115234,473600.0,37.072608947753906
2008-01-02,48.0099983215332,46.970001220703125,48.0,47.20000076293945,673200.0,36.35627365112305
2008-01-03,47.459999084472656,46.599998474121094,47.2599983215332,46.75,817500.0,36.009647369384766
2008-01-04,46.599998474121094,45.86000061035156,46.5099983215332,46.09000015258789,772100.0,35.501277923583984
2008-01-07,46.4900016784668,45.560001373291016,46.20000076293945,46.43000030517578,978500.0,35.7631721496582
2008-01-08,46.900001525878906,45.38999938964844,46.529998779296875,45.38999938964844,684000.0,34.96209716796875
2008-01-09,45.560001373291016,44.560001373291016,45.349998474121094,45.540000915527344,766400.0,35.077632904052734
2008-01-10,45.970001220703125,44.9900016784668,45.2599983215332,45.65999984741211,914500.0,35.170066833496094
2008-01-11,46.06999969482422,45.2400016784668,45.56999969482422,45.720001220703125,776400.0,35.216285705566406
2008-01-14,46.15999984741211,45.54999923706055,46.15999984741211,45.95000076293945,565700.0,35.39344787597656
2008-01-15,45.90999984741211,44.630001068115234,45.689998626708984,44.630001068115234,874800.0,34.3766975402832
2008-01-16,44.939998626708984,44.130001068115234,44.400001525878906,44.31999969482422,906500.0,34.137916564941406
2008-01-17,44.54999923706055,43.08000183105469,44.5,43.11000061035156,1042000.0,33.205894470214844
2008-01-18,43.900001525878906,42.47999954223633,43.2599983215332,42.810001373291016,1165400.0,32.97481918334961
2008-01-22,43.459999084472656,41.0099983215332,41.0099983215332,42.970001220703125,975800.0,33.09807586669922
2008-01-23,44.310001373291016,41.61000061035156,41.900001525878906,44.22999954223633,1346500.0,34.068580627441406
2008-01-24,44.34000015258789,42.689998626708984,44.060001373291016,43.029998779296875,1480400.0,33.144283294677734
2008-01-25,43.459999084472656,42.7400016784668,43.13999938964844,42.970001220703125,1202200.0,33.09807586669922
2008-01-28,43.47999954223633,42.560001373291016,42.939998626708984,43.439998626708984,1114900.0,33.460079193115234
2008-01-29,43.959999084472656,43.189998626708984,43.72999954223633,43.5,1076700.0,33.50630569458008
2008-01-30,43.22999954223633,39.130001068115234,43.22999954223633,39.47999954223633,3346300.0,30.409852981567383
2008-01-31,43.060001373291016,38.880001068115234,38.95000076293945,42.54999923706055,3735400.0,32.774559020996094
2008-02-01,42.93000030517578,41.959999084472656,42.189998626708984,42.68000030517578,1467000.0,32.87469482421875
2008-02-04,42.849998474121094,42.45000076293945,42.63999938964844,42.56999969482422,833400.0,32.78996276855469
2008-02-05,42.689998626708984,41.97999954223633,42.18000030517578,41.97999954223633,1115300.0,32.33549880981445
2008-02-06,42.79999923706055,41.83000183105469,42.150001525878906,42.369998931884766,1209300.0,32.63591003417969
2008-02-07,42.779998779296875,41.9900016784668,42.45000076293945,42.470001220703125,982300.0,32.71294403076172
2008-02-08,42.79999923706055,41.959999084472656,42.310001373291016,42.2400016784668,700200.0,32.53578567504883
2008-02-11,42.650001525878906,41.88999938964844,42.13999938964844,42.439998626708984,650600.0,32.68982696533203
2008-02-12,43.130001068115234,42.290000915527344,42.61000061035156,42.95000076293945,887300.0,33.0826530456543
2008-02-13,43.470001220703125,42.099998474121094,42.099998474121094,43.13999938964844,675900.0,33.2290153503418
2008-02-14,43.439998626708984,42.619998931884766,43.09000015258789,42.7400016784668,611900.0,32.9209098815918
2008-02-15,42.869998931884766,42.02000045776367,42.7400016784668,42.849998474121094,485500.0,33.00564193725586
2008-02-19,43.470001220703125,42.459999084472656,43.22999954223633,42.790000915527344,710600.0,32.95941925048828
2008-02-20,43.25,42.0,42.779998779296875,43.20000076293945,789600.0,33.275211334228516
2008-02-21,43.540000915527344,42.630001068115234,43.540000915527344,42.7599983215332,669500.0,32.936309814453125
2008-02-22,43.029998779296875,42.029998779296875,43.0,42.869998931884766,596700.0,33.02104187011719
2008-02-25,43.369998931884766,42.310001373291016,43.060001373291016,43.369998931884766,569600.0,33.40618133544922
2008-02-26,43.849998474121094,42.900001525878906,43.2400016784668,43.58000183105469,661600.0,33.56793975830078
2008-02-27,44.93000030517578,43.40999984741211,43.40999984741211,44.63999938964844,939100.0,34.3843994140625
2008-02-28,44.58000183105469,43.900001525878906,44.189998626708984,44.369998931884766,829300.0,34.17643356323242
2008-02-29,44.2400016784668,42.939998626708984,43.790000915527344,43.130001068115234,1138100.0,33.22130584716797
2008-03-03,43.58000183105469,42.65999984741211,42.970001220703125,43.209999084472656,632900.0,33.28292465209961
2008-03-04,43.0099983215332,41.79999923706055,42.900001525878906,42.16999816894531,1013600.0,32.48186492919922
2008-03-05,43.130001068115234,42.29999923706055,42.31999969482422,42.9900016784668,819600.0,33.11347579956055
2008-03-06,42.869998931884766,42.060001373291016,42.86000061035156,42.13999938964844,767500.0,32.4587516784668
2008-03-07,42.33000183105469,41.279998779296875,41.880001068115234,41.4900016784668,745400.0,31.958084106445312
2008-03-10,41.349998474121094,40.470001220703125,41.310001373291016,40.650001525878906,859800.0,31.311065673828125
2008-03-11,42.349998474121094,41.189998626708984,41.7400016784668,42.349998474121094,733100.0,32.6204948425293
2008-03-12,42.810001373291016,42.060001373291016,42.279998779296875,42.220001220703125,467300.0,32.52037048339844
2008-03-13,42.849998474121094,41.59000015258789,42.11000061035156,42.54999923706055,614400.0,32.774559020996094
2008-03-14,43.060001373291016,41.400001525878906,43.029998779296875,42.08000183105469,892600.0,32.41252899169922
2008-03-17,42.45000076293945,41.20000076293945,41.70000076293945,41.869998931884766,871700.0,32.25078201293945
2008-03-18,44.20000076293945,40.86000061035156,42.09000015258789,43.15999984741211,848400.0,33.428035736083984
2008-03-19,44.06999969482422,42.130001068115234,43.63999938964844,42.130001068115234,820500.0,32.63029479980469
2008-03-20,42.599998474121094,41.540000915527344,42.33000183105469,42.45000076293945,882500.0,32.878135681152344
2008-03-24,43.619998931884766,42.459999084472656,42.56999969482422,43.04999923706055,535800.0,33.342838287353516
2008-03-25,43.470001220703125,42.790000915527344,43.459999084472656,43.2599983215332,566700.0,33.50548553466797
2008-03-26,43.400001525878906,42.79999923706055,43.06999969482422,43.0,446600.0,33.30412292480469
2008-03-27,43.72999954223633,42.4900016784668,43.20000076293945,43.099998474121094,627600.0,33.3815803527832
2008-03-28,44.130001068115234,43.369998931884766,43.54999923706055,43.63999938964844,676300.0,33.7998161315918
2008-03-31,44.060001373291016,43.439998626708984,43.869998931884766,44.04999923706055,716900.0,34.11736297607422
2008-04-01,44.869998931884766,43.83000183105469,44.63999938964844,44.84000015258789,740500.0,34.729217529296875
2008-04-02,45.560001373291016,44.91999816894531,45.06999969482422,45.15999984741211,649900.0,34.97707748413086
2008-04-03,45.56999969482422,44.79999923706055,45.0,45.290000915527344,593200.0,35.077754974365234
2008-04-04,45.7599983215332,45.04999923706055,45.34000015258789,45.5,470700.0,35.24040222167969
2008-04-07,45.810001373291016,44.880001068115234,45.619998931884766,45.0099983215332,662700.0,34.86088943481445
2008-04-08,45.380001068115234,44.529998779296875,44.84000015258789,45.25,810300.0,35.04677200317383
2008-04-09,45.7400016784668,44.880001068115234,45.380001068115234,45.13999938964844,424500.0,34.96157455444336
2008-04-10,45.20000076293945,44.63999938964844,44.97999954223633,45.029998779296875,557200.0,34.87638473510742
2008-04-11,44.95000076293945,44.130001068115234,44.5099983215332,44.2400016784668,625200.0,34.2645149230957
2008-04-14,44.810001373291016,44.22999954223633,44.27000045776367,44.439998626708984,370200.0,34.4194221496582
2008-04-15,44.880001068115234,44.16999816894531,44.529998779296875,44.5,344600.0,34.46588897705078
2008-04-16,46.119998931884766,44.7400016784668,44.95000076293945,46.099998474121094,523900.0,35.70511245727539
2008-04-17,45.25,43.939998626708984,44.86000061035156,44.650001525878906,1063000.0,34.582054138183594
2008-04-18,45.939998626708984,43.900001525878906,45.04999923706055,45.75,788000.0,35.43404006958008
2008-04-21,46.0099983215332,45.439998626708984,45.77000045776367,45.77000045776367,458600.0,35.449527740478516
2008-04-22,45.7400016784668,45.02000045776367,45.7400016784668,45.380001068115234,546400.0,35.14745330810547
2008-04-23,45.869998931884766,45.209999084472656,45.380001068115234,45.459999084472656,531100.0,35.20941162109375
2008-04-24,45.790000915527344,44.790000915527344,45.650001525878906,45.41999816894531,532200.0,35.17844772338867
2008-04-25,46.41999816894531,45.5,45.58000183105469,46.369998931884766,479200.0,35.91423416137695
2008-04-28,46.65999984741211,46.209999084472656,46.560001373291016,46.439998626708984,708900.0,35.968441009521484
2008-04-29,46.45000076293945,45.68000030517578,46.380001068115234,46.040000915527344,546200.0,35.65863800048828
2008-04-30,46.439998626708984,45.56999969482422,46.22999954223633,45.61000061035156,682300.0,35.325592041015625
2008-05-01,45.400001525878906,41.83000183105469,45.29999923706055,42.13999938964844,2567000.0,32.63804626464844
2008-05-02,42.86000061035156,41.93000030517578,42.540000915527344,42.720001220703125,1033000.0,33.08725357055664
2008-05-05,42.66999816894531,41.900001525878906,42.439998626708984,42.31999969482422,822600.0,32.7774543762207
2008-05-06,42.290000915527344,41.66999816894531,42.0,42.189998626708984,743300.0,32.67676544189453
2008-05-07,42.90999984741211,42.130001068115234,42.349998474121094,42.25,923700.0,32.723228454589844
2008-05-08,42.650001525878906,42.09000015258789,42.09000015258789,42.529998779296875,731100.0,32.94009780883789
2008-05-09,42.400001525878906,41.58000183105469,42.040000915527344,42.2599983215332,1019900.0,32.7309684753418
2008-05-12,42.720001220703125,41.93000030517578,42.40999984741211,42.5,916400.0,32.916866302490234
2008-05-13,42.630001068115234,41.630001068115234,42.630001068115234,41.959999084472656,676700.0,32.49862289428711
2008-05-14,42.959999084472656,41.959999084472656,42.2599983215332,42.36000061035156,750700.0,32.80842971801758
2008-05-15,42.52000045776367,41.7400016784668,42.220001220703125,42.20000076293945,887300.0,32.68449783325195
2008-05-16,42.18000030517578,41.72999954223633,42.08000183105469,42.099998474121094,787600.0,32.6070671081543
2008-05-19,42.33000183105469,41.849998474121094,41.88999938964844,41.959999084472656,749300.0,32.49862289428711
2008-05-20,42.130001068115234,41.560001373291016,41.869998931884766,42.130001068115234,521500.0,32.63029479980469
2008-05-21,42.27000045776367,41.09000015258789,42.130001068115234,41.22999954223633,528300.0,31.93323516845703
2008-05-22,41.380001068115234,40.849998474121094,41.06999969482422,41.0099983215332,810400.0,31.762834548950195
2008-05-23,41.0,40.2400016784668,41.0,40.470001220703125,455900.0,31.34459686279297
2008-05-27,40.900001525878906,40.43000030517578,40.52000045776367,40.779998779296875,495300.0,31.584686279296875
2008-05-28,41.40999984741211,40.709999084472656,40.91999816894531,41.31999969482422,435100.0,32.002925872802734
2008-05-29,41.779998779296875,40.91999816894531,41.31999969482422,41.52000045776367,473900.0,32.15784454345703
2008-05-30,42.11000061035156,41.5,41.529998779296875,41.959999084472656,879800.0,32.49862289428711
2008-06-02,42.0099983215332,41.45000076293945,41.869998931884766,41.65999984741211,605400.0,32.26626968383789
2008-06-03,42.119998931884766,41.27000045776367,41.75,41.63999938964844,549400.0,32.25078201293945
2008-06-04,42.45000076293945,41.540000915527344,41.540000915527344,42.040000915527344,455400.0,32.56058883666992
2008-06-05,42.970001220703125,42.2400016784668,42.29999923706055,42.88999938964844,624500.0,33.21893310546875
2008-06-06,42.77000045776367,41.72999954223633,42.310001373291016,41.72999954223633,633100.0,32.32048416137695
2008-06-09,42.099998474121094,41.5099983215332,41.869998931884766,41.720001220703125,541800.0,32.31275177001953
2008-06-10,41.630001068115234,40.81999969482422,41.380001068115234,41.40999984741211,502600.0,32.07263946533203
2008-06-11,41.720001220703125,40.720001220703125,41.220001220703125,40.720001220703125,435900.0,31.53822898864746
2008-06-12,41.400001525878906,40.77000045776367,40.9900016784668,41.060001373291016,318600.0,31.80154800415039
2008-06-13,41.84000015258789,41.130001068115234,41.439998626708984,41.189998626708984,588900.0,31.90224266052246
2008-06-16,41.470001220703125,39.70000076293945,40.84000015258789,41.150001525878906,373100.0,31.871261596679688
2008-06-17,41.540000915527344,40.7599983215332,41.540000915527344,40.83000183105469,425900.0,31.801177978515625
2008-06-18,40.91999816894531,40.189998626708984,40.58000183105469,40.369998931884766,366800.0,31.44287872314453
2008-06-19,40.970001220703125,40.189998626708984,40.689998626708984,40.52000045776367,633300.0,31.559720993041992
2008-06-20,40.599998474121094,40.040000915527344,40.400001525878906,40.209999084472656,571700.0,31.318267822265625
2008-06-23,40.900001525878906,40.06999969482422,40.25,40.75,467800.0,31.738849639892578
2008-06-24,40.63999938964844,39.4900016784668,40.43000030517578,39.790000915527344,1009200.0,30.99115753173828
2008-06-25,41.06999969482422,39.79999923706055,39.83000183105469,40.7599983215332,1281900.0,31.74664306640625
2008-06-26,40.599998474121094,39.95000076293945,40.54999923706055,40.130001068115234,811100.0,31.255949020385742
2008-06-27,40.41999816894531,39.47999954223633,40.20000076293945,39.709999084472656,840700.0,30.928831100463867
2008-06-30,39.880001068115234,38.959999084472656,39.72999954223633,39.060001373291016,1008000.0,30.422565460205078
2008-07-01,39.380001068115234,38.459999084472656,38.66999816894531,39.279998779296875,855400.0,30.59392738342285
2008-07-02,39.439998626708984,38.27000045776367,39.11000061035156,38.27000045776367,729700.0,29.80727195739746
2008-07-03,39.650001525878906,38.16999816894531,38.27000045776367,39.630001068115234,583500.0,30.866531372070312
2008-07-07,39.77000045776367,38.95000076293945,39.52000045776367,39.33000183105469,1054400.0,30.632871627807617
2008-07-08,39.880001068115234,39.11000061035156,39.33000183105469,39.779998779296875,884900.0,30.98335838317871
2008-07-09,40.22999954223633,39.2400016784668,39.880001068115234,39.2400016784668,763800.0,30.56276512145996
2008-07-10,39.90999984741211,39.09000015258789,39.13999938964844,39.58000183105469,677100.0,30.827585220336914
2008-07-11,40.060001373291016,38.880001068115234,39.27000045776367,39.72999954223633,579100.0,30.944416046142578
2008-07-14,40.25,39.4900016784668,39.83000183105469,39.81999969482422,651400.0,31.014516830444336
2008-07-15,40.540000915527344,38.939998626708984,39.79999923706055,40.02000045776367,766600.0,31.1702823638916
2008-07-16,40.880001068115234,39.630001068115234,40.13999938964844,40.84000015258789,786300.0,31.808950424194336
2008-07-17,41.540000915527344,40.619998931884766,41.099998474121094,41.400001525878906,773600.0,32.245121002197266
2008-07-18,41.88999938964844,41.0,41.4900016784668,41.310001373291016,594800.0,32.175025939941406
2008-07-21,41.650001525878906,41.02000045776367,41.540000915527344,41.560001373291016,484600.0,32.36973571777344
2008-07-22,41.220001220703125,40.11000061035156,40.36000061035156,41.119998931884766,1237000.0,32.02704620361328
2008-07-23,41.04999923706055,40.13999938964844,40.95000076293945,40.189998626708984,845600.0,31.302698135375977
2008-07-24,40.290000915527344,39.43000030517578,40.27000045776367,39.43000030517578,806500.0,30.710758209228516
2008-07-25,40.040000915527344,39.33000183105469,39.619998931884766,39.720001220703125,635800.0,30.936630249023438
2008-07-28,40.06999969482422,38.5,39.7400016784668,39.33000183105469,580700.0,30.632871627807617
2008-07-29,40.119998931884766,39.310001373291016,39.400001525878906,39.970001220703125,486300.0,31.131349563598633
2008-07-30,41.41999816894531,39.810001373291016,39.86000061035156,40.93000030517578,802000.0,31.879060745239258
2008-07-31,41.029998779296875,38.0,40.790000915527344,40.220001220703125,1327400.0,31.326072692871094
2008-08-01,40.15999984741211,39.5,40.15999984741211,39.70000076293945,710600.0,30.921037673950195
2008-08-04,39.70000076293945,38.61000061035156,39.400001525878906,38.75,637400.0,30.181119918823242
2008-08-05,39.2400016784668,38.61000061035156,38.61000061035156,39.06999969482422,858600.0,30.430360794067383
2008-08-06,39.619998931884766,38.709999084472656,38.869998931884766,39.439998626708984,632200.0,30.718544006347656
2008-08-07,39.27000045776367,38.65999984741211,39.150001525878906,38.66999816894531,545800.0,30.118816375732422
2008-08-08,39.93000030517578,38.5,38.650001525878906,39.880001068115234,618200.0,31.061243057250977
2008-08-11,40.75,39.470001220703125,39.900001525878906,40.630001068115234,681200.0,31.6453914642334
2008-08-12,41.959999084472656,40.630001068115234,40.630001068115234,41.58000183105469,787500.0,32.38533020019531
2008-08-13,41.970001220703125,41.02000045776367,41.560001373291016,41.619998931884766,587100.0,32.416473388671875
2008-08-14,41.86000061035156,41.08000183105469,41.630001068115234,41.75,545500.0,32.51772689819336
2008-08-15,42.33000183105469,41.7599983215332,41.849998474121094,42.06999969482422,443300.0,32.76696014404297
2008-08-18,42.77000045776367,41.63999938964844,42.099998474121094,41.7599983215332,598100.0,32.52552032470703
2008-08-19,41.869998931884766,40.95000076293945,41.869998931884766,41.060001373291016,447800.0,31.980310440063477
2008-08-20,41.099998474121094,40.54999923706055,40.95000076293945,40.959999084472656,438300.0,31.90242576599121
2008-08-21,41.099998474121094,40.560001373291016,40.560001373291016,40.900001525878906,305100.0,31.855690002441406
2008-08-22,41.529998779296875,40.86000061035156,41.25,41.22999954223633,281500.0,32.11271286010742
2008-08-25,41.209999084472656,40.13999938964844,41.209999084472656,40.650001525878906,407100.0,31.660968780517578
2008-08-26,40.93000030517578,40.43000030517578,40.72999954223633,40.869998931884766,315800.0,31.83232879638672
2008-08-27,40.90999984741211,40.119998931884766,40.61000061035156,40.529998779296875,745900.0,31.567508697509766
2008-08-28,41.029998779296875,40.529998779296875,40.810001373291016,41.0099983215332,880300.0,31.941362380981445
2008-08-29,40.939998626708984,39.9900016784668,40.65999984741211,40.209999084472656,1060200.0,31.318267822265625
2008-09-02,41.130001068115234,39.81999969482422,40.369998931884766,39.970001220703125,880100.0,31.131349563598633
2008-09-03,41.150001525878906,40.0,40.349998474121094,41.06999969482422,815300.0,31.988101959228516
2008-09-04,40.88999938964844,39.790000915527344,40.88999938964844,39.880001068115234,676500.0,31.061243057250977
2008-09-05,40.349998474121094,39.25,39.439998626708984,40.220001220703125,610300.0,31.326072692871094
2008-09-08,41.58000183105469,40.880001068115234,40.880001068115234,41.43000030517578,714700.0,32.268489837646484
2008-09-09,42.16999816894531,41.119998931884766,41.119998931884766,41.27000045776367,1187400.0,32.14386749267578
2008-09-10,42.0,40.959999084472656,41.5,41.20000076293945,1056500.0,32.089351654052734
2008-09-11,41.79999923706055,40.689998626708984,40.689998626708984,41.75,618300.0,32.51772689819336
2008-09-12,42.18000030517578,41.290000915527344,41.630001068115234,42.08000183105469,654300.0,32.774749755859375
2008-09-15,42.540000915527344,41.0,41.310001373291016,41.33000183105469,737500.0,32.190589904785156
2008-09-16,41.939998626708984,40.189998626708984,40.84000015258789,41.81999969482422,978700.0,32.770469665527344
2008-09-17,41.91999816894531,40.689998626708984,41.18000030517578,40.81999969482422,897700.0,31.98688316345215
2008-09-18,43.400001525878906,40.029998779296875,41.349998474121094,43.029998779296875,1049600.0,33.718631744384766
2008-09-19,45.209999084472656,41.38999938964844,44.529998779296875,44.470001220703125,1063000.0,34.84703826904297
2008-09-22,44.54999923706055,42.790000915527344,44.349998474121094,42.88999938964844,672900.0,33.60893249511719
2008-09-23,43.689998626708984,42.18000030517578,43.0,42.41999816894531,653700.0,33.24063491821289
2008-09-24,42.7400016784668,41.91999816894531,42.43000030517578,42.119998931884766,544100.0,33.00555419921875
2008-09-25,42.81999969482422,42.29999923706055,42.41999816894531,42.56999969482422,610100.0,33.35816955566406
2008-09-26,42.5,41.529998779296875,42.45000076293945,41.9900016784668,624500.0,32.90369415283203
2008-09-29,41.400001525878906,38.40999984741211,41.369998931884766,39.0,1338200.0,30.560693740844727
2008-09-30,39.84000015258789,38.5099983215332,39.84000015258789,39.459999084472656,694000.0,30.921161651611328
2008-10-01,39.869998931884766,38.630001068115234,39.22999954223633,39.029998779296875,1033200.0,30.58420753479004
2008-10-02,39.040000915527344,38.189998626708984,39.0099983215332,38.369998931884766,1186900.0,30.067039489746094
2008-10-03,39.150001525878906,37.13999938964844,38.849998474121094,37.849998474121094,1316800.0,29.6595516204834
2008-10-06,39.43000030517578,35.90999984741211,37.029998779296875,38.900001525878906,1846900.0,30.48233985900879
2008-10-07,39.4900016784668,37.619998931884766,39.13999938964844,37.7599983215332,1562000.0,29.589025497436523
2008-10-08,40.18000030517578,36.720001220703125,37.06999969482422,37.869998931884766,1376900.0,29.67521858215332
2008-10-09,38.630001068115234,36.040000915527344,38.04999923706055,36.040000915527344,1908400.0,28.2412166595459
2008-10-10,37.2599983215332,33.560001373291016,35.369998931884766,35.650001525878906,1265000.0,27.93560791015625
2008-10-13,39.33000183105469,36.45000076293945,36.650001525878906,39.33000183105469,299300.0,30.81928825378418
2008-10-14,41.9900016784668,36.709999084472656,41.9900016784668,37.33000183105469,1215400.0,29.2520809173584
2008-10-15,37.400001525878906,35.040000915527344,36.84000015258789,35.060001373291016,1532500.0,27.473289489746094
2008-10-16,37.279998779296875,33.0,35.0099983215332,37.2400016784668,1666500.0,29.181554794311523
2008-10-17,37.83000183105469,35.560001373291016,36.529998779296875,36.040000915527344,834100.0,28.2412166595459
2008-10-20,37.0,35.66999816894531,35.66999816894531,36.959999084472656,1285600.0,28.962148666381836
2008-10-21,37.27000045776367,35.7599983215332,36.400001525878906,35.900001525878906,625800.0,28.131519317626953
2008-10-22,35.7400016784668,32.91999816894531,34.619998931884766,33.790000915527344,1076500.0,26.47810935974121
2008-10-23,33.97999954223633,31.290000915527344,33.56999969482422,32.540000915527344,1616600.0,25.498594284057617
2008-10-24,32.720001220703125,30.65999984741211,30.65999984741211,31.950000762939453,960700.0,25.03626823425293
2008-10-27,32.540000915527344,30.510000228881836,31.510000228881836,30.520000457763672,661000.0,23.91569709777832
2008-10-28,33.849998474121094,30.479999542236328,31.350000381469727,33.79999923706055,967900.0,26.485939025878906
2008-10-29,34.84000015258789,33.22999954223633,33.91999816894531,33.970001220703125,1155300.0,26.619150161743164
2008-10-30,34.79999923706055,30.520000457763672,34.70000076293945,31.610000610351562,1749000.0,24.769838333129883
2008-10-31,32.11000061035156,30.950000762939453,31.450000762939453,31.8799991607666,1461700.0,24.981409072875977
2008-11-03,32.529998779296875,31.709999084472656,31.940000534057617,32.40999984741211,703800.0,25.396730422973633
2008-11-04,33.11000061035156,32.06999969482422,32.75,32.5,897200.0,25.467248916625977
2008-11-05,32.4900016784668,31.100000381469727,32.130001068115234,31.170000076293945,772500.0,24.4250545501709
2008-11-06,31.59000015258789,28.729999542236328,30.600000381469727,28.760000228881836,1288600.0,22.53656005859375
2008-11-07,29.649999618530273,28.6299991607666,28.84000015258789,29.549999237060547,654200.0,23.155607223510742
2008-11-10,30.739999771118164,29.079999923706055,30.15999984741211,29.59000015258789,653200.0,23.186952590942383
2008-11-11,29.6299991607666,28.1299991607666,29.6299991607666,28.479999542236328,637300.0,22.317142486572266
2008-11-12,28.329999923706055,27.56999969482422,28.030000686645508,27.780000686645508,908500.0,21.768617630004883
2008-11-13,29.459999084472656,27.0,27.899999618530273,29.459999084472656,1124500.0,23.0850772857666
2008-11-14,29.479999542236328,27.850000381469727,28.829999923706055,27.860000610351562,787500.0,21.831308364868164
2008-11-17,28.6200008392334,27.399999618530273,27.479999542236328,28.030000686645508,1048800.0,21.96452522277832
2008-11-18,28.729999542236328,27.06999969482422,28.0,27.65999984741211,746600.0,21.67458724975586
2008-11-19,28.190000534057617,26.170000076293945,27.670000076293945,26.170000076293945,678800.0,20.507009506225586
2008-11-20,27.15999984741211,24.719999313354492,25.8700008392334,24.899999618530273,1469100.0,19.511829376220703
2008-11-21,27.389999389648438,24.75,24.75,27.270000457763672,1569300.0,21.368980407714844
2008-11-24,29.360000610351562,27.5,27.670000076293945,28.649999618530273,1196700.0,22.450359344482422
2008-11-25,30.31999969482422,28.459999084472656,29.600000381469727,29.520000457763672,840400.0,23.13210105895996
2008-11-26,30.510000228881836,28.579999923706055,28.90999984741211,30.489999771118164,563000.0,23.892200469970703
2008-11-28,30.6200008392334,30.010000228881836,30.110000610351562,30.540000915527344,308900.0,23.93137550354004
2008-12-01,30.549999237060547,28.190000534057617,30.010000228881836,28.290000915527344,1049200.0,22.16826057434082
2008-12-02,29.079999923706055,28.200000762939453,28.780000686645508,29.040000915527344,775800.0,22.755966186523438
2008-12-03,29.510000228881836,28.520000457763672,28.530000686645508,29.469999313354492,709400.0,23.092920303344727
2008-12-04,29.510000228881836,28.079999923706055,28.959999084472656,28.469999313354492,617200.0,22.309314727783203
2008-12-05,29.739999771118164,27.299999237060547,28.469999313354492,29.649999618530273,815000.0,23.23396873474121
2008-12-08,31.190000534057617,29.979999542236328,30.40999984741211,31.0,825300.0,24.291837692260742
2008-12-09,31.31999969482422,30.06999969482422,30.760000228881836,30.299999237060547,643600.0,23.743309020996094
2008-12-10,31.18000030517578,30.280000686645508,30.59000015258789,30.809999465942383,690000.0,24.1429500579834
2008-12-11,31.079999923706055,29.030000686645508,30.149999618530273,29.219999313354492,799900.0,22.89701271057129
2008-12-12,30.31999969482422,28.579999923706055,28.8799991607666,30.09000015258789,784300.0,23.578758239746094
2008-12-15,30.25,29.309999465942383,30.100000381469727,29.530000686645508,816500.0,23.139936447143555
2008-12-16,30.579999923706055,29.68000030517578,30.309999465942383,30.469999313354492,1093900.0,23.876522064208984
2008-12-17,30.280000686645508,29.40999984741211,30.15999984741211,29.65999984741211,868800.0,23.434072494506836
2008-12-18,30.06999969482422,29.040000915527344,29.8799991607666,29.34000015258789,773100.0,23.181245803833008
2008-12-19,29.860000610351562,29.06999969482422,29.40999984741211,29.200000762939453,814700.0,23.070634841918945
2008-12-22,29.200000762939453,27.739999771118164,29.059999465942383,28.389999389648438,811100.0,22.430662155151367
2008-12-23,28.959999084472656,27.760000228881836,28.959999084472656,27.8799991607666,844800.0,22.0277099609375
2008-12-24,28.040000915527344,27.270000457763672,27.84000015258789,27.780000686645508,378800.0,21.948707580566406
2008-12-26,28.139999389648438,27.649999618530273,27.950000762939453,28.09000015258789,297400.0,22.193634033203125
2008-12-29,28.0,27.420000076293945,27.989999771118164,27.729999542236328,477200.0,21.909198760986328
2008-12-30,28.780000686645508,27.790000915527344,28.06999969482422,28.739999771118164,782800.0,22.707195281982422
2008-12-31,29.8700008392334,28.719999313354492,28.719999313354492,29.719999313354492,474600.0,23.481477737426758
2009-01-02,30.600000381469727,29.440000534057617,30.190000534057617,30.600000381469727,554900.0,24.176759719848633
2009-01-05,30.549999237060547,29.969999313354492,30.329999923706055,30.360000610351562,571900.0,23.987138748168945
2009-01-06,30.920000076293945,30.200000762939453,30.790000915527344,30.510000228881836,499200.0,24.105653762817383
2009-01-07,30.209999084472656,29.3799991607666,30.15999984741211,29.520000457763672,622200.0,23.323463439941406
2009-01-08,30.0,29.260000228881836,29.329999923706055,30.0,681300.0,23.70270538330078
2009-01-09,30.18000030517578,29.15999984741211,29.979999542236328,29.170000076293945,750800.0,23.046934127807617
2009-01-12,29.06999969482422,28.510000228881836,29.020000457763672,28.780000686645508,616900.0,22.738800048828125
2009-01-13,29.09000015258789,28.600000381469727,28.709999084472656,28.8799991607666,489800.0,22.817808151245117
2009-01-14,28.649999618530273,27.809999465942383,28.329999923706055,28.010000228881836,658500.0,22.130422592163086
2009-01-15,28.68000030517578,27.559999465942383,28.040000915527344,28.549999237060547,723100.0,22.55707359313965
2009-01-16,29.06999969482422,27.239999771118164,28.889999389648438,27.940000534057617,2120800.0,22.075119018554688
2009-01-20,28.360000610351562,27.290000915527344,27.959999084472656,27.649999618530273,2989400.0,21.845989227294922
2009-01-21,28.520000457763672,27.280000686645508,27.799999237060547,28.489999771118164,1152300.0,22.50967025756836
2009-01-22,28.670000076293945,27.729999542236328,28.260000228881836,28.31999969482422,1020300.0,22.375354766845703
2009-01-23,28.790000915527344,27.549999237060547,27.75,28.31999969482422,838800.0,22.375354766845703
2009-01-26,28.979999542236328,28.170000076293945,28.510000228881836,28.399999618530273,501600.0,22.438562393188477
2009-01-27,29.059999465942383,28.479999542236328,28.540000915527344,28.889999389648438,433600.0,22.825708389282227
2009-01-28,29.549999237060547,29.059999465942383,29.149999618530273,29.450000762939453,633700.0,23.268165588378906
2009-01-29,29.639999389648438,29.0,29.1200008392334,29.3799991607666,746600.0,23.212852478027344
2009-01-30,29.700000762939453,28.469999313354492,29.25,28.6200008392334,821900.0,22.612377166748047
2009-02-02,28.940000534057617,28.1200008392334,28.239999771118164,28.239999771118164,863300.0,22.312145233154297
2009-02-03,28.489999771118164,27.530000686645508,28.440000534057617,27.760000228881836,1281300.0,21.932903289794922
2009-02-04,28.280000686645508,27.6299991607666,27.969999313354492,27.860000610351562,1225700.0,22.01191520690918
2009-02-05,32.86000061035156,27.5,29.6299991607666,32.349998474121094,3880500.0,25.55942153930664
2009-02-06,31.93000030517578,30.59000015258789,31.56999969482422,30.84000015258789,1850700.0,24.36638832092285
2009-02-09,31.06999969482422,30.219999313354492,30.829999923706055,30.610000610351562,952500.0,24.184669494628906
2009-02-10,31.190000534057617,29.489999771118164,30.5,29.700000762939453,1170500.0,23.465679168701172
2009-02-11,30.450000762939453,29.229999542236328,29.940000534057617,29.389999389648438,839200.0,23.220752716064453
2009-02-12,29.420000076293945,28.309999465942383,29.030000686645508,29.329999923706055,793400.0,23.173336029052734
2009-02-13,29.799999237060547,29.1299991607666,29.239999771118164,29.190000534057617,564600.0,23.06273651123047
2009-02-17,28.93000030517578,27.809999465942383,28.030000686645508,28.450000762939453,943500.0,22.478065490722656
2009-02-18,28.670000076293945,27.6200008392334,28.56999969482422,27.950000762939453,920800.0,22.083019256591797
2009-02-19,28.43000030517578,27.309999465942383,28.149999618530273,27.459999084472656,787000.0,21.695877075195312
2009-02-20,27.739999771118164,26.850000381469727,27.110000610351562,27.260000228881836,1340300.0,21.537866592407227
2009-02-23,27.59000015258789,26.149999618530273,27.59000015258789,26.219999313354492,853100.0,20.71616554260254
2009-02-24,26.809999465942383,25.799999237060547,26.350000381469727,26.56999969482422,762500.0,20.992692947387695
2009-02-25,26.739999771118164,26.149999618530273,26.450000762939453,26.290000915527344,887000.0,20.77147102355957
2009-02-26,27.440000534057617,26.299999237060547,26.299999237060547,26.59000015258789,1032900.0,21.008499145507812
2009-02-27,26.940000534057617,26.100000381469727,26.18000030517578,26.309999465942383,787600.0,20.78727149963379
2009-03-02,26.270000457763672,25.350000381469727,25.84000015258789,25.399999618530273,787700.0,20.068296432495117
2009-03-03,26.360000610351562,25.489999771118164,25.8700008392334,25.84000015258789,1434100.0,20.415935516357422
2009-03-04,26.670000076293945,25.600000381469727,26.510000228881836,26.229999542236328,1197600.0,20.72406768798828
2009-03-05,26.100000381469727,25.010000228881836,26.100000381469727,25.299999237060547,1077100.0,19.989280700683594
2009-03-06,25.940000534057617,24.959999084472656,25.489999771118164,25.579999923706055,1067000.0,20.210508346557617
2009-03-09,27.1200008392334,25.719999313354492,26.360000610351562,26.639999389648438,1408000.0,21.048006057739258
2009-03-10,28.0,26.1200008392334,26.3799991607666,27.979999542236328,1216000.0,22.10672378540039
2009-03-11,27.459999084472656,25.8700008392334,27.209999084472656,27.190000534057617,1609000.0,21.482555389404297
2009-03-12,28.1200008392334,26.850000381469727,26.93000030517578,28.079999923706055,832800.0,22.185733795166016
2009-03-13,28.399999618530273,27.68000030517578,28.059999465942383,28.31999969482422,672500.0,22.375354766845703
2009-03-16,28.989999771118164,28.360000610351562,28.5,28.440000534057617,534200.0,22.470163345336914
2009-03-17,29.0,28.209999084472656,28.6200008392334,29.0,498400.0,22.912620544433594
2009-03-18,29.239999771118164,28.010000228881836,28.770000457763672,29.100000381469727,651600.0,23.191551208496094
2009-03-19,29.700000762939453,29.049999237060547,29.299999237060547,29.200000762939453,666400.0,23.271249771118164
2009-03-20,29.5,28.520000457763672,29.309999465942383,28.649999618530273,647200.0,22.83292579650879
2009-03-23,30.65999984741211,29.049999237060547,29.139999389648438,30.65999984741211,641000.0,24.434812545776367
2009-03-24,30.93000030517578,30.15999984741211,30.399999618530273,30.479999542236328,542400.0,24.291357040405273
2009-03-25,31.420000076293945,30.200000762939453,30.6299991607666,31.0,684800.0,24.705778121948242
2009-03-26,31.809999465942383,31.1200008392334,31.309999465942383,31.690000534057617,599600.0,25.25568199157715
2009-03-27,31.34000015258789,30.559999465942383,31.110000610351562,30.860000610351562,573500.0,24.59420394897461
2009-03-30,30.479999542236328,29.59000015258789,30.170000076293945,30.1200008392334,559900.0,24.004457473754883
2009-03-31,30.8700008392334,29.959999084472656,30.299999237060547,30.459999084472656,560400.0,24.275415420532227
2009-04-01,31.139999389648438,29.540000915527344,29.860000610351562,31.020000457763672,613700.0,24.721712112426758
2009-04-02,32.720001220703125,31.510000228881836,31.790000915527344,32.16999816894531,603700.0,25.638221740722656
2009-04-03,32.52000045776367,31.790000915527344,32.130001068115234,32.349998474121094,699600.0,25.781675338745117
2009-04-06,32.2599983215332,31.770000457763672,31.940000534057617,32.130001068115234,720600.0,25.606351852416992
2009-04-07,31.90999984741211,31.280000686645508,31.600000381469727,31.3700008392334,528700.0,25.000654220581055
2009-04-08,32.06999969482422,31.170000076293945,31.43000030517578,31.950000762939453,420600.0,25.4628849029541
2009-04-09,32.900001525878906,32.43000030517578,32.900001525878906,32.84000015258789,456100.0,26.172182083129883
2009-04-13,32.970001220703125,32.220001220703125,32.650001525878906,32.779998779296875,286300.0,26.124364852905273
2009-04-14,32.619998931884766,31.8799991607666,32.5,32.099998474121094,450800.0,25.58243179321289
2009-04-15,32.650001525878906,31.489999771118164,31.809999465942383,32.529998779296875,511100.0,25.92512321472168
2009-04-16,32.939998626708984,32.09000015258789,32.63999938964844,32.779998779296875,610100.0,26.124364852905273
2009-04-17,32.93000030517578,32.209999084472656,32.880001068115234,32.400001525878906,908900.0,25.821521759033203
2009-04-20,32.41999816894531,31.139999389648438,32.0,31.219999313354492,804400.0,24.881105422973633
2009-04-21,31.770000457763672,30.690000534057617,30.690000534057617,31.65999984741211,756700.0,25.231773376464844
2009-04-22,32.59000015258789,31.15999984741211,31.479999542236328,31.81999969482422,620800.0,25.35927963256836
2009-04-23,31.90999984741211,31.190000534057617,31.600000381469727,31.68000030517578,693600.0,25.24770736694336
2009-04-24,33.189998626708984,31.68000030517578,31.81999969482422,33.0099983215332,957300.0,26.307666778564453
2009-04-27,33.060001373291016,32.189998626708984,32.279998779296875,32.33000183105469,646200.0,25.765735626220703
2009-04-28,32.470001220703125,31.790000915527344,31.950000762939453,32.099998474121094,691400.0,25.58243179321289
2009-04-29,33.04999923706055,32.36000061035156,32.36000061035156,32.54999923706055,986200.0,25.941064834594727
2009-04-30,33.18000030517578,30.610000610351562,32.810001373291016,31.200000762939453,1616000.0,24.86516571044922
2009-05-01,31.34000015258789,29.489999771118164,31.34000015258789,29.84000015258789,1422800.0,23.781299591064453
2009-05-04,30.56999969482422,29.56999969482422,30.079999923706055,30.56999969482422,972500.0,24.36308479309082
2009-05-05,30.600000381469727,29.950000762939453,30.510000228881836,30.209999084472656,717200.0,24.076175689697266
2009-05-06,30.579999923706055,29.780000686645508,30.329999923706055,30.09000015258789,640500.0,23.980541229248047
2009-05-07,31.5,30.020000457763672,30.940000534057617,30.139999389648438,1069000.0,24.020387649536133
2009-05-08,31.049999237060547,30.190000534057617,30.200000762939453,30.969999313354492,857500.0,24.68187141418457
2009-05-11,30.850000381469727,30.1200008392334,30.6200008392334,30.479999542236328,629700.0,24.291357040405273
2009-05-12,31.049999237060547,30.43000030517578,30.670000076293945,30.8700008392334,551600.0,24.6021671295166
2009-05-13,30.540000915527344,29.899999618530273,30.510000228881836,29.90999984741211,772100.0,23.83708953857422
2009-05-14,30.389999389648438,29.770000457763672,29.959999084472656,30.149999618530273,481800.0,24.028358459472656
2009-05-15,30.709999084472656,29.799999237060547,30.059999465942383,30.0,615700.0,23.908815383911133
2009-05-18,30.979999542236328,30.209999084472656,30.280000686645508,30.850000381469727,761600.0,24.586233139038086
2009-05-19,30.969999313354492,30.579999923706055,30.809999465942383,30.68000030517578,751800.0,24.450748443603516
2009-05-20,31.5,30.649999618530273,30.8700008392334,30.950000762939453,981200.0,24.665929794311523
2009-05-21,30.65999984741211,30.010000228881836,30.65999984741211,30.420000076293945,600800.0,24.243539810180664
2009-05-22,30.889999389648438,30.40999984741211,30.520000457763672,30.649999618530273,370300.0,24.426836013793945
2009-05-26,31.459999084472656,30.200000762939453,30.389999389648438,31.299999237060547,597700.0,24.944862365722656
2009-05-27,31.3700008392334,30.479999542236328,31.170000076293945,30.479999542236328,644600.0,24.291357040405273
2009-05-28,31.170000076293945,30.18000030517578,30.549999237060547,31.040000915527344,760900.0,24.737659454345703
2009-05-29,31.899999618530273,30.8799991607666,31.260000228881836,31.899999618530273,1148500.0,25.423046112060547
2009-06-01,33.16999816894531,32.2400016784668,32.2400016784668,32.97999954223633,658500.0,26.283756256103516
2009-06-02,33.65999984741211,32.619998931884766,32.84000015258789,33.5099983215332,939200.0,26.70614242553711
2009-06-03,33.400001525878906,32.290000915527344,33.2599983215332,32.689998626708984,580000.0,26.05263900756836
2009-06-04,33.04999923706055,32.5,32.939998626708984,32.970001220703125,412100.0,26.27578353881836
2009-06-05,33.45000076293945,32.68000030517578,33.45000076293945,33.25,714500.0,26.498937606811523
2009-06-08,33.11000061035156,32.41999816894531,32.959999084472656,32.83000183105469,407400.0,26.164216995239258
2009-06-09,33.06999969482422,32.459999084472656,32.72999954223633,32.959999084472656,889200.0,26.267818450927734
2009-06-10,33.380001068115234,32.5,33.22999954223633,32.84000015258789,675200.0,26.172182083129883
2009-06-11,33.52000045776367,32.9900016784668,33.0,33.15999984741211,737000.0,26.427217483520508
2009-06-12,33.150001525878906,32.54999923706055,33.0,32.959999084472656,625300.0,26.267818450927734
2009-06-15,32.63999938964844,32.08000183105469,32.52000045776367,32.459999084472656,613100.0,25.869342803955078
2009-06-16,32.650001525878906,31.829999923706055,32.58000183105469,31.84000015258789,778400.0,25.375228881835938
2009-06-17,32.72999954223633,31.700000762939453,31.75,32.34000015258789,808900.0,25.773706436157227
2009-06-18,32.65999984741211,32.0,32.150001525878906,32.33000183105469,495800.0,25.966466903686523
2009-06-19,32.66999816894531,32.18000030517578,32.63999938964844,32.470001220703125,787500.0,26.07891082763672
2009-06-22,32.279998779296875,31.790000915527344,32.06999969482422,31.790000915527344,686800.0,25.532752990722656
2009-06-23,32.220001220703125,31.729999542236328,32.16999816894531,31.969999313354492,648400.0,25.67732048034668
2009-06-24,32.2400016784668,31.6200008392334,32.09000015258789,31.780000686645508,717600.0,25.524721145629883
2009-06-25,32.29999923706055,31.329999923706055,31.700000762939453,32.2599983215332,722700.0,25.910245895385742
2009-06-26,32.619998931884766,31.93000030517578,32.22999954223633,32.38999938964844,603000.0,26.0146541595459
2009-06-29,33.060001373291016,32.310001373291016,32.36000061035156,32.86000061035156,462000.0,26.39215087890625
2009-06-30,32.90999984741211,32.27000045776367,32.720001220703125,32.720001220703125,852400.0,26.279699325561523
2009-07-01,33.15999984741211,32.58000183105469,32.709999084472656,32.709999084472656,444800.0,26.27166175842285
2009-07-02,32.400001525878906,31.649999618530273,32.400001525878906,31.649999618530273,495300.0,25.420310974121094
2009-07-06,32.380001068115234,31.5,31.5,32.310001373291016,542500.0,25.95040512084961
2009-07-07,32.5,31.6200008392334,32.310001373291016,31.6299991607666,830900.0,25.404245376586914
2009-07-08,31.780000686645508,31.209999084472656,31.610000610351562,31.420000076293945,583500.0,25.235578536987305
2009-07-09,31.65999984741211,30.969999313354492,31.65999984741211,31.219999313354492,558900.0,25.0749454498291
2009-07-10,31.399999618530273,30.709999084472656,31.1200008392334,31.209999084472656,694800.0,25.066913604736328
2009-07-13,31.780000686645508,30.75,31.1200008392334,31.780000686645508,693700.0,25.524721145629883
2009-07-14,31.969999313354492,31.43000030517578,31.780000686645508,31.920000076293945,472500.0,25.637163162231445
2009-07-15,32.7400016784668,32.25,32.31999969482422,32.72999954223633,531400.0,26.2877254486084
2009-07-16,33.2599983215332,32.599998474121094,32.689998626708984,33.189998626708984,655200.0,26.657188415527344
2009-07-17,33.349998474121094,32.869998931884766,33.09000015258789,33.15999984741211,550600.0,26.633100509643555
2009-07-20,33.63999938964844,33.0099983215332,33.369998931884766,33.599998474121094,539700.0,26.986492156982422
2009-07-21,34.099998474121094,33.15999984741211,33.790000915527344,33.709999084472656,522400.0,27.074838638305664
2009-07-22,34.209999084472656,33.560001373291016,33.560001373291016,33.720001220703125,701500.0,27.082868576049805
2009-07-23,34.470001220703125,33.65999984741211,33.79999923706055,34.22999954223633,751100.0,27.49248695373535
2009-07-24,34.470001220703125,33.68000030517578,34.09000015258789,34.470001220703125,492000.0,27.68524932861328
2009-07-27,34.5099983215332,34.08000183105469,34.400001525878906,34.369998931884766,491600.0,27.604934692382812
2009-07-28,34.529998779296875,33.9900016784668,34.349998474121094,34.5,612200.0,27.709346771240234
2009-07-29,34.43000030517578,33.95000076293945,34.29999923706055,34.04999923706055,729400.0,27.34792137145996
2009-07-30,35.09000015258789,34.459999084472656,34.540000915527344,34.63999938964844,575800.0,27.82179069519043
2009-07-31,35.540000915527344,34.529998779296875,34.59000015258789,35.2599983215332,574300.0,28.319744110107422
2009-08-03,35.939998626708984,35.20000076293945,35.36000061035156,35.810001373291016,485500.0,28.761493682861328
2009-08-04,36.95000076293945,35.52000045776367,35.68000030517578,36.41999816894531,868500.0,29.25142478942871
2009-08-05,36.77000045776367,34.90999984741211,36.65999984741211,35.88999938964844,979000.0,28.825754165649414
2009-08-06,36.5,35.54999923706055,35.95000076293945,36.06999969482422,662700.0,28.970319747924805
2009-08-07,37.16999816894531,36.15999984741211,36.52000045776367,36.880001068115234,771900.0,29.62088966369629
2009-08-10,36.86000061035156,36.279998779296875,36.81999969482422,36.36000061035156,447900.0,29.2032413482666
2009-08-11,36.5,35.939998626708984,36.209999084472656,36.279998779296875,395700.0,29.138975143432617
2009-08-12,37.0,36.11000061035156,36.150001525878906,36.720001220703125,310400.0,29.492380142211914
2009-08-13,37.52000045776367,36.7599983215332,36.849998474121094,37.33000183105469,431800.0,29.982318878173828
2009-08-14,37.400001525878906,36.369998931884766,37.380001068115234,36.689998626708984,310900.0,29.468276977539062
2009-08-17,36.15999984741211,35.400001525878906,36.08000183105469,35.65999984741211,407500.0,28.641023635864258
2009-08-18,35.95000076293945,35.40999984741211,35.68000030517578,35.72999954223633,370500.0,28.697240829467773
2009-08-19,35.66999816894531,35.13999938964844,35.38999938964844,35.36000061035156,1105900.0,28.400070190429688
2009-08-20,35.34000015258789,34.720001220703125,35.310001373291016,35.22999954223633,638600.0,28.295652389526367
2009-08-21,36.310001373291016,35.34000015258789,35.52000045776367,36.310001373291016,645800.0,29.1630859375
2009-08-24,36.779998779296875,36.040000915527344,36.4900016784668,36.099998474121094,382800.0,28.994413375854492
2009-08-25,36.529998779296875,35.880001068115234,36.209999084472656,35.900001525878906,297900.0,28.833782196044922
2009-08-26,36.40999984741211,35.75,35.90999984741211,36.08000183105469,356300.0,28.978347778320312
2009-08-27,36.290000915527344,35.540000915527344,35.97999954223633,36.06999969482422,267400.0,28.970319747924805
2009-08-28,36.36000061035156,35.63999938964844,36.220001220703125,36.13999938964844,284300.0,29.026546478271484
2009-08-31,35.93000030517578,35.470001220703125,35.709999084472656,35.619998931884766,357500.0,28.608884811401367
2009-09-01,35.880001068115234,34.81999969482422,35.5,34.90999984741211,478300.0,28.03864097595215
2009-09-02,35.119998931884766,34.5,34.90999984741211,34.86000061035156,412400.0,27.99847412109375
2009-09-03,34.970001220703125,34.380001068115234,34.91999816894531,34.939998626708984,307600.0,28.062744140625
2009-09-04,35.18000030517578,34.439998626708984,35.0099983215332,35.18000030517578,316700.0,28.255504608154297
2009-09-08,35.939998626708984,35.16999816894531,35.52000045776367,35.779998779296875,415900.0,28.73740005493164
2009-09-09,36.959999084472656,35.81999969482422,35.81999969482422,36.7599983215332,715900.0,29.524505615234375
2009-09-10,37.439998626708984,36.45000076293945,36.790000915527344,37.36000061035156,460900.0,30.006406784057617
2009-09-11,37.5,36.720001220703125,37.279998779296875,37.220001220703125,372000.0,29.893962860107422
2009-09-14,38.099998474121094,35.7599983215332,36.880001068115234,37.90999984741211,542900.0,30.448158264160156
2009-09-15,38.29999923706055,37.459999084472656,37.779998779296875,38.25,298700.0,30.72122573852539
2009-09-16,39.0099983215332,38.0,38.439998626708984,39.0099983215332,299900.0,31.331628799438477
2009-09-17,39.119998931884766,38.45000076293945,38.70000076293945,38.52000045776367,355300.0,31.13762855529785
2009-09-18,39.5,38.52000045776367,38.720001220703125,39.150001525878906,636400.0,31.646892547607422
2009-09-21,39.16999816894531,38.54999923706055,38.81999969482422,38.900001525878906,342500.0,31.44480323791504
2009-09-22,39.189998626708984,38.560001373291016,39.18000030517578,38.88999938964844,309100.0,31.436723709106445
2009-09-23,39.209999084472656,38.0,38.86000061035156,38.06999969482422,789800.0,30.77387237548828
2009-09-24,38.349998474121094,37.2400016784668,38.220001220703125,37.400001525878906,499200.0,30.23227310180664
2009-09-25,37.380001068115234,36.709999084472656,37.33000183105469,36.93000030517578,604400.0,29.85235023498535
2009-09-28,38.09000015258789,36.9900016784668,37.04999923706055,38.09000015258789,358900.0,30.790042877197266
2009-09-29,38.400001525878906,37.59000015258789,38.060001373291016,37.7599983215332,835100.0,30.523286819458008
2009-09-30,38.400001525878906,37.58000183105469,37.880001068115234,37.93000030517578,642200.0,30.660707473754883
2009-10-01,37.91999816894531,37.22999954223633,37.779998779296875,37.2400016784668,944600.0,30.102951049804688
2009-10-02,37.43000030517578,36.66999816894531,36.66999816894531,36.849998474121094,407500.0,29.787694931030273
2009-10-05,37.119998931884766,36.68000030517578,36.97999954223633,37.09000015258789,391600.0,29.981691360473633
2009-10-06,37.93000030517578,37.209999084472656,37.5,37.63999938964844,304400.0,30.426286697387695
2009-10-07,37.779998779296875,37.099998474121094,37.470001220703125,37.72999954223633,266200.0,30.4990291595459
2009-10-08,38.65999984741211,38.02000045776367,38.2400016784668,38.599998474121094,357200.0,31.202301025390625
2009-10-09,38.779998779296875,38.2400016784668,38.59000015258789,38.720001220703125,281000.0,31.299306869506836
2009-10-12,39.2400016784668,38.650001525878906,38.70000076293945,38.77000045776367,674800.0,31.339717864990234
2009-10-13,38.81999969482422,38.47999954223633,38.63999938964844,38.68000030517578,517100.0,31.26696014404297
2009-10-14,39.119998931884766,38.38999938964844,39.06999969482422,39.0,463700.0,31.52564811706543
2009-10-15,39.09000015258789,38.72999954223633,38.959999084472656,39.060001373291016,400300.0,31.57413673400879
2009-10-16,39.09000015258789,38.58000183105469,38.849998474121094,39.04999923706055,593500.0,31.566064834594727
2009-10-19,39.08000183105469,38.619998931884766,39.08000183105469,38.970001220703125,828300.0,31.501388549804688
2009-10-20,39.20000076293945,38.65999984741211,38.86000061035156,39.150001525878906,477900.0,31.646892547607422
2009-10-21,40.779998779296875,39.68000030517578,40.31999969482422,39.77000045776367,699400.0,32.14807891845703
2009-10-22,40.529998779296875,39.529998779296875,39.689998626708984,40.2400016784668,484500.0,32.52800369262695
2009-10-23,40.27000045776367,39.34000015258789,40.2599983215332,39.650001525878906,417800.0,32.05107498168945
2009-10-26,40.2599983215332,38.970001220703125,39.720001220703125,39.099998474121094,464100.0,31.606475830078125
2009-10-27,39.58000183105469,38.880001068115234,39.08000183105469,38.900001525878906,594300.0,31.44480323791504
2009-10-28,38.9900016784668,37.7400016784668,38.91999816894531,37.849998474121094,487800.0,30.59603500366211
2009-10-29,38.810001373291016,38.099998474121094,38.189998626708984,38.720001220703125,636500.0,31.299306869506836
2009-10-30,38.84000015258789,38.06999969482422,38.560001373291016,38.09000015258789,745400.0,30.790042877197266
2009-11-02,38.56999969482422,37.84000015258789,38.16999816894531,38.5099983215332,530400.0,31.12954330444336
2009-11-03,39.08000183105469,38.099998474121094,38.220001220703125,38.86000061035156,638000.0,31.412471771240234
2009-11-04,40.25,39.13999938964844,39.65999984741211,39.400001525878906,814500.0,31.84897804260254
2009-11-05,40.459999084472656,39.720001220703125,39.720001220703125,40.29999923706055,852000.0,32.57648849487305
2009-11-06,40.83000183105469,40.029998779296875,40.099998474121094,40.25,723200.0,32.53607177734375
2009-11-09,41.0,40.41999816894531,40.41999816894531,40.970001220703125,748400.0,33.11808776855469
2009-11-10,41.40999984741211,40.84000015258789,40.900001525878906,41.22999954223633,500700.0,33.32825469970703
2009-11-11,41.5,40.720001220703125,41.5,40.91999816894531,595900.0,33.07767105102539
2009-11-12,41.34000015258789,40.47999954223633,40.91999816894531,40.68000030517578,559700.0,32.8836669921875
2009-11-13,41.11000061035156,40.41999816894531,40.79999923706055,40.869998931884766,392500.0,33.03725814819336
2009-11-16,41.61000061035156,41.119998931884766,41.150001525878906,41.40999984741211,394500.0,33.4737663269043
2009-11-17,41.70000076293945,41.310001373291016,41.38999938964844,41.59000015258789,311600.0,33.619258880615234
2009-11-18,41.66999816894531,41.06999969482422,41.5099983215332,41.33000183105469,262000.0,33.40907669067383
2009-11-19,40.97999954223633,40.279998779296875,40.97999954223633,40.47999954223633,349000.0,32.72199630737305
2009-11-20,40.63999938964844,40.20000076293945,40.27000045776367,40.459999084472656,391500.0,32.70582962036133
2009-11-23,41.459999084472656,40.66999816894531,40.90999984741211,40.86000061035156,278900.0,33.029178619384766
2009-11-24,41.119998931884766,40.34000015258789,40.95000076293945,40.619998931884766,291600.0,32.83515930175781
2009-11-25,41.310001373291016,40.54999923706055,40.77000045776367,41.20000076293945,295900.0,33.304012298583984
2009-11-27,40.77000045776367,40.0,40.31999969482422,40.31999969482422,154300.0,32.59267044067383
2009-11-30,40.77000045776367,40.0099983215332,40.27000045776367,40.720001220703125,491800.0,32.91600036621094
2009-12-01,41.189998626708984,40.75,40.869998931884766,41.02000045776367,396300.0,33.15850067138672
2009-12-02,41.52000045776367,40.959999084472656,41.130001068115234,41.220001220703125,316900.0,33.32017517089844
2009-12-03,41.47999954223633,40.47999954223633,41.04999923706055,40.529998779296875,354800.0,32.76242446899414
2009-12-04,42.58000183105469,40.5099983215332,41.29999923706055,41.150001525878906,671600.0,33.26359176635742
2009-12-07,41.95000076293945,41.220001220703125,41.279998779296875,41.65999984741211,567600.0,33.67584228515625
2009-12-08,41.68000030517578,41.16999816894531,41.599998474121094,41.2599983215332,487700.0,33.352508544921875
2009-12-09,41.68000030517578,41.029998779296875,41.310001373291016,41.59000015258789,493100.0,33.619258880615234
2009-12-10,42.029998779296875,41.2599983215332,41.97999954223633,41.369998931884766,513700.0,33.44142150878906
2009-12-11,41.869998931884766,41.099998474121094,41.650001525878906,41.20000076293945,496800.0,33.304012298583984
2009-12-14,41.88999938964844,41.16999816894531,41.43000030517578,41.849998474121094,415300.0,33.829444885253906
2009-12-15,41.95000076293945,41.349998474121094,41.56999969482422,41.459999084472656,458500.0,33.51418685913086
2009-12-16,42.0,41.4900016784668,41.63999938964844,41.75,423200.0,33.74859619140625
2009-12-17,41.29999923706055,40.689998626708984,41.29999923706055,40.81999969482422,478300.0,33.195613861083984
2009-12-18,41.08000183105469,40.119998931884766,41.02000045776367,40.41999816894531,694200.0,32.87032699584961
2009-12-21,41.08000183105469,40.43000030517578,40.58000183105469,40.790000915527344,325100.0,33.17121887207031
2009-12-22,41.06999969482422,40.560001373291016,40.790000915527344,40.77000045776367,271200.0,33.15495300292969
2009-12-23,41.2400016784668,40.65999984741211,40.79999923706055,41.15999984741211,276200.0,33.472103118896484
2009-12-24,41.540000915527344,41.18000030517578,41.279998779296875,41.380001068115234,56600.0,33.65101623535156
2009-12-28,41.599998474121094,41.20000076293945,41.459999084472656,41.36000061035156,174700.0,33.63475036621094
2009-12-29,41.56999969482422,41.29999923706055,41.52000045776367,41.470001220703125,266400.0,33.724205017089844
2009-12-30,41.7400016784668,41.43000030517578,41.5,41.52000045776367,216800.0,33.76486587524414
2009-12-31,41.65999984741211,41.119998931884766,41.650001525878906,41.13999938964844,382800.0,33.455848693847656
2010-01-04,42.02000045776367,41.5,41.5099983215332,42.0099983215332,286000.0,34.16334915161133
2010-01-05,41.93000030517578,41.439998626708984,41.86000061035156,41.70000076293945,348900.0,33.9112434387207
2010-01-06,41.970001220703125,41.5099983215332,41.630001068115234,41.869998931884766,375600.0,34.04948806762695
2010-01-07,41.84000015258789,41.06999969482422,41.650001525878906,41.54999923706055,402000.0,33.78925704956055
2010-01-08,41.400001525878906,40.97999954223633,41.33000183105469,41.400001525878906,249000.0,33.66727066040039
2010-01-11,41.619998931884766,41.16999816894531,41.54999923706055,41.529998779296875,249900.0,33.77299499511719
2010-01-12,41.52000045776367,41.0,41.209999084472656,41.41999816894531,331900.0,33.68354034423828
2010-01-13,42.150001525878906,41.369998931884766,41.43000030517578,42.11000061035156,295900.0,34.24467086791992
2010-01-14,42.20000076293945,41.83000183105469,41.88999938964844,42.119998931884766,278600.0,34.252811431884766
2010-01-15,42.220001220703125,41.75,42.029998779296875,42.02000045776367,447800.0,34.17146682739258
2010-01-19,42.7599983215332,41.93000030517578,42.060001373291016,42.7599983215332,272800.0,34.773258209228516
2010-01-20,42.38999938964844,41.38999938964844,42.36000061035156,42.119998931884766,757700.0,34.252811431884766
2010-01-21,42.900001525878906,41.65999984741211,42.349998474121094,41.68000030517578,479800.0,33.89496994018555
2010-01-22,41.7599983215332,40.900001525878906,41.47999954223633,40.95000076293945,536600.0,33.30133056640625
2010-01-25,41.40999984741211,40.720001220703125,41.38999938964844,40.869998931884766,287900.0,33.236270904541016
2010-01-26,40.869998931884766,40.22999954223633,40.650001525878906,40.29999923706055,335900.0,32.77273178100586
2010-01-27,40.56999969482422,39.779998779296875,40.20000076293945,40.279998779296875,286400.0,32.7564697265625
2010-01-28,40.4900016784668,39.279998779296875,40.349998474121094,40.0,560100.0,32.52875900268555
2010-01-29,40.75,39.77000045776367,40.15999984741211,39.77000045776367,431000.0,32.34173583984375
2010-02-01,40.439998626708984,39.83000183105469,40.029998779296875,40.40999984741211,386200.0,32.86219024658203
2010-02-02,41.150001525878906,40.04999923706055,40.380001068115234,41.08000183105469,569100.0,33.407047271728516
2010-02-03,41.4900016784668,40.79999923706055,40.79999923706055,41.36000061035156,543400.0,33.63475036621094
2010-02-04,41.11000061035156,40.220001220703125,41.06999969482422,40.22999954223633,902000.0,32.71580505371094
2010-02-05,40.7599983215332,39.31999969482422,40.150001525878906,40.25,803200.0,32.73207473754883
2010-02-08,40.540000915527344,39.72999954223633,40.16999816894531,39.849998474121094,651900.0,32.40678787231445
2010-02-09,41.400001525878906,39.95000076293945,40.31999969482422,41.08000183105469,842400.0,33.407047271728516
2010-02-10,41.650001525878906,40.880001068115234,41.11000061035156,41.439998626708984,664600.0,33.699806213378906
2010-02-11,41.72999954223633,40.86000061035156,41.279998779296875,41.689998626708984,671800.0,33.903106689453125
2010-02-12,41.77000045776367,41.11000061035156,41.20000076293945,41.68000030517578,486400.0,33.89496994018555
2010-02-16,42.029998779296875,41.4900016784668,41.869998931884766,42.0,522500.0,34.155216217041016
2010-02-17,42.61000061035156,41.70000076293945,42.130001068115234,42.099998474121094,479600.0,34.236534118652344
2010-02-18,42.41999816894531,41.880001068115234,42.08000183105469,42.380001068115234,317100.0,34.46425247192383
2010-02-19,42.70000076293945,41.95000076293945,42.22999954223633,42.47999954223633,371400.0,34.545562744140625
2010-02-22,42.47999954223633,41.95000076293945,42.47999954223633,42.25,242400.0,34.3585205078125
2010-02-23,42.29999923706055,41.630001068115234,42.189998626708984,41.7400016784668,525400.0,33.94377136230469
2010-02-24,42.130001068115234,41.61000061035156,41.90999984741211,41.900001525878906,561700.0,34.07388687133789
2010-02-25,41.970001220703125,41.0099983215332,41.5,41.970001220703125,462200.0,34.13081359863281
2010-02-26,42.22999954223633,41.75,42.119998931884766,42.11000061035156,395500.0,34.24467086791992
2010-03-01,42.41999816894531,41.86000061035156,42.20000076293945,42.349998474121094,395800.0,34.4398307800293
2010-03-02,42.849998474121094,42.41999816894531,42.5,42.84000015258789,482200.0,34.838321685791016
2010-03-03,43.31999969482422,42.84000015258789,42.88999938964844,42.91999816894531,293300.0,34.90337371826172
2010-03-04,43.75,43.040000915527344,43.27000045776367,43.529998779296875,421400.0,35.399436950683594
2010-03-05,44.56999969482422,43.83000183105469,43.849998474121094,44.4900016784668,469800.0,36.18012619018555
2010-03-08,44.560001373291016,44.130001068115234,44.45000076293945,44.27000045776367,232100.0,36.0012092590332
2010-03-09,44.36000061035156,43.880001068115234,44.209999084472656,44.029998779296875,270600.0,35.806034088134766
2010-03-10,44.11000061035156,43.529998779296875,43.790000915527344,43.939998626708984,383800.0,35.73284912109375
2010-03-11,44.130001068115234,43.4900016784668,43.790000915527344,44.130001068115234,214600.0,35.88736343383789
2010-03-12,44.72999954223633,44.2599983215332,44.380001068115234,44.72999954223633,254400.0,36.375282287597656
2010-03-15,45.0,44.59000015258789,44.720001220703125,44.9900016784668,396400.0,36.586734771728516
2010-03-16,45.40999984741211,44.75,45.0,45.369998931884766,357700.0,36.895748138427734
2010-03-17,45.4900016784668,45.189998626708984,45.43000030517578,45.400001525878906,270100.0,36.920162200927734
2010-03-18,45.70000076293945,45.33000183105469,45.459999084472656,45.41999816894531,340800.0,36.93642044067383
2010-03-19,45.7400016784668,44.84000015258789,44.97999954223633,44.97999954223633,465400.0,36.5786018371582
2010-03-22,45.47999954223633,44.220001220703125,44.4900016784668,45.47999954223633,426600.0,37.191925048828125
2010-03-23,46.09000015258789,45.310001373291016,45.45000076293945,46.060001373291016,413100.0,37.666229248046875
2010-03-24,46.22999954223633,45.70000076293945,46.040000915527344,45.79999923706055,378400.0,37.4536018371582
2010-03-25,46.56999969482422,45.72999954223633,45.97999954223633,45.779998779296875,619100.0,37.437255859375
2010-03-26,46.13999938964844,45.2599983215332,45.75,45.650001525878906,595200.0,37.3309440612793
2010-03-29,48.150001525878906,46.810001373291016,46.810001373291016,47.959999084472656,1132300.0,39.2199821472168
2010-03-30,48.83000183105469,47.630001068115234,48.08000183105469,47.689998626708984,1098400.0,38.99919128417969
2010-03-31,47.900001525878906,47.58000183105469,47.619998931884766,47.66999816894531,695700.0,38.98284149169922
2010-04-01,48.369998931884766,47.86000061035156,47.9900016784668,48.22999954223633,308000.0,39.4407844543457
2010-04-05,48.869998931884766,48.18000030517578,48.18000030517578,48.81999969482422,345300.0,39.92326354980469
2010-04-06,49.02000045776367,48.380001068115234,48.529998779296875,48.869998931884766,413100.0,39.96414566040039
2010-04-07,49.189998626708984,48.61000061035156,48.88999938964844,48.869998931884766,417000.0,39.96414566040039
2010-04-08,48.95000076293945,48.470001220703125,48.79999923706055,48.91999816894531,412300.0,40.00502395629883
2010-04-09,49.90999984741211,48.97999954223633,48.97999954223633,49.86000061035156,508500.0,40.77374267578125
2010-04-12,51.02000045776367,49.810001373291016,49.939998626708984,49.9900016784668,792800.0,40.88003921508789
2010-04-13,50.56999969482422,49.58000183105469,49.880001068115234,50.400001525878906,673300.0,41.215328216552734
2010-04-14,50.939998626708984,50.27000045776367,50.59000015258789,50.900001525878906,598700.0,41.624210357666016
2010-04-15,51.630001068115234,50.66999816894531,50.7400016784668,51.529998779296875,479200.0,42.13939666748047
2010-04-16,51.40999984741211,50.470001220703125,51.34000015258789,50.5,853800.0,41.29711151123047
2010-04-19,50.68000030517578,50.09000015258789,50.189998626708984,50.66999816894531,602400.0,41.43613052368164
2010-04-20,51.119998931884766,50.52000045776367,50.79999923706055,50.61000061035156,567300.0,41.387054443359375
2010-04-21,50.84000015258789,50.130001068115234,50.709999084472656,50.2400016784668,1593700.0,41.08448028564453
2010-04-22,50.689998626708984,49.599998474121094,49.90999984741211,50.68000030517578,1024900.0,41.44428634643555
2010-04-23,51.7599983215332,50.630001068115234,50.95000076293945,51.720001220703125,715300.0,42.294776916503906
2010-04-26,51.77000045776367,51.38999938964844,51.709999084472656,51.400001525878906,430900.0,42.033084869384766
2010-04-27,51.400001525878906,50.209999084472656,50.93000030517578,50.31999969482422,487700.0,41.14990997314453
2010-04-28,50.72999954223633,49.95000076293945,50.5099983215332,50.34000015258789,434800.0,41.166263580322266
2010-04-29,51.310001373291016,50.560001373291016,50.72999954223633,51.310001373291016,303000.0,41.95950698852539
2010-04-30,51.40999984741211,50.060001373291016,51.38999938964844,50.09000015258789,573500.0,40.961822509765625
2010-05-03,51.02000045776367,50.13999938964844,50.150001525878906,51.02000045776367,402200.0,41.72233963012695
2010-05-04,50.52000045776367,49.27000045776367,50.52000045776367,49.529998779296875,481200.0,40.50387191772461
2010-05-05,49.529998779296875,48.22999954223633,49.040000915527344,48.5,1036700.0,39.66157913208008
2010-05-06,49.5,43.97999954223633,48.2400016784668,46.65999984741211,1499600.0,38.156890869140625
2010-05-07,46.79999923706055,45.0099983215332,46.529998779296875,45.099998474121094,975800.0,36.881187438964844
2010-05-10,47.310001373291016,46.38999938964844,46.72999954223633,47.040000915527344,898900.0,38.46764373779297
2010-05-11,47.2400016784668,46.36000061035156,46.459999084472656,46.58000183105469,948000.0,38.091468811035156
2010-05-12,47.59000015258789,46.5,46.66999816894531,47.52000045776367,1389200.0,38.860164642333984
2010-05-13,47.880001068115234,47.029998779296875,47.459999084472656,47.04999923706055,659900.0,38.47581100463867
2010-05-14,46.880001068115234,45.810001373291016,46.70000076293945,46.06999969482422,644700.0,37.674400329589844
2010-05-17,46.72999954223633,45.290000915527344,46.22999954223633,46.18000030517578,961400.0,37.76436233520508
2010-05-18,47.18000030517578,45.380001068115234,46.540000915527344,45.400001525878906,531800.0,37.12651062011719
2010-05-19,45.439998626708984,44.38999938964844,45.189998626708984,44.95000076293945,724200.0,36.75851821899414
2010-05-20,44.310001373291016,43.2599983215332,43.900001525878906,43.2599983215332,847800.0,35.37648391723633
2010-05-21,44.20000076293945,42.0,42.68000030517578,44.20000076293945,833600.0,36.14518356323242
2010-05-24,44.310001373291016,43.52000045776367,43.970001220703125,43.529998779296875,484200.0,35.597286224365234
2010-05-25,44.060001373291016,42.06999969482422,42.41999816894531,43.630001068115234,871800.0,35.67906188964844
2010-05-26,44.09000015258789,43.0,43.779998779296875,43.27000045776367,1068400.0,35.384674072265625
2010-05-27,45.18000030517578,43.75,44.09000015258789,45.18000030517578,515500.0,36.94660186767578
2010-05-28,45.04999923706055,44.2400016784668,45.04999923706055,44.5,670000.0,36.39052200317383
2010-06-01,44.86000061035156,43.72999954223633,44.099998474121094,43.72999954223633,773600.0,35.76083755493164
2010-06-02,44.91999816894531,43.54999923706055,44.0,44.91999816894531,581800.0,36.73397445678711
2010-06-03,45.11000061035156,44.36000061035156,44.79999923706055,44.779998779296875,497100.0,36.6195068359375
2010-06-04,44.41999816894531,42.939998626708984,43.75,43.099998474121094,631100.0,35.24565124511719
2010-06-07,43.79999923706055,42.970001220703125,43.18000030517578,42.9900016784668,1021800.0,35.155696868896484
2010-06-08,43.959999084472656,42.77000045776367,43.02000045776367,43.93000030517578,898900.0,35.92438507080078
2010-06-09,45.29999923706055,43.84000015258789,44.540000915527344,44.08000183105469,1045300.0,36.04705810546875
2010-06-10,45.08000183105469,44.47999954223633,44.790000915527344,45.08000183105469,863700.0,36.86482620239258
2010-06-11,45.7400016784668,44.72999954223633,44.7599983215332,45.72999954223633,1006900.0,37.396366119384766
2010-06-14,46.16999816894531,45.290000915527344,46.16999816894531,45.36000061035156,958100.0,37.09380340576172
2010-06-15,46.58000183105469,45.560001373291016,45.68000030517578,46.56999969482422,782600.0,38.083290100097656
2010-06-16,46.709999084472656,46.150001525878906,46.33000183105469,46.5,492900.0,38.02605056762695
2010-06-17,46.619998931884766,45.86000061035156,46.470001220703125,46.5099983215332,622400.0,38.03422927856445
2010-06-18,46.849998474121094,46.310001373291016,46.65999984741211,46.470001220703125,513500.0,38.00151443481445
2010-06-21,47.08000183105469,45.77000045776367,47.029998779296875,46.04999923706055,522500.0,37.861759185791016
2010-06-22,46.61000061035156,45.5099983215332,46.16999816894531,45.529998779296875,472500.0,37.4342041015625
2010-06-23,45.7599983215332,45.060001373291016,45.58000183105469,45.38999938964844,542900.0,37.319095611572266
2010-06-24,45.56999969482422,44.43000030517578,45.189998626708984,44.529998779296875,388200.0,36.61200714111328
2010-06-25,44.619998931884766,43.91999816894531,44.58000183105469,44.33000183105469,703500.0,36.44758605957031
2010-06-28,44.529998779296875,43.880001068115234,44.5,44.0,723900.0,36.17625427246094
2010-06-29,43.5099983215332,42.83000183105469,43.33000183105469,43.099998474121094,770000.0,35.43629837036133
2010-06-30,43.54999923706055,42.34000015258789,42.9900016784668,42.41999816894531,578700.0,34.8772087097168
2010-07-01,42.77000045776367,41.59000015258789,42.47999954223633,42.29999923706055,748200.0,34.77853775024414
2010-07-02,42.5,41.779998779296875,42.310001373291016,41.9900016784668,459900.0,34.523658752441406
2010-07-06,42.86000061035156,41.779998779296875,42.630001068115234,42.040000915527344,696800.0,34.56477355957031
2010-07-07,43.77000045776367,42.0099983215332,42.040000915527344,43.7599983215332,616400.0,35.97893142700195
2010-07-08,44.40999984741211,43.77000045776367,44.08000183105469,44.400001525878906,511400.0,36.50513458251953
2010-07-09,44.779998779296875,44.2599983215332,44.47999954223633,44.630001068115234,304900.0,36.694244384765625
2010-07-12,44.58000183105469,43.939998626708984,44.40999984741211,44.13999938964844,394900.0,36.29136276245117
2010-07-13,45.36000061035156,44.439998626708984,44.4900016784668,45.2400016784668,389300.0,37.195770263671875
2010-07-14,45.0099983215332,44.4900016784668,45.0,45.0099983215332,566600.0,37.006656646728516
2010-07-15,45.09000015258789,44.22999954223633,44.93000030517578,45.0,382400.0,36.99844741821289
2010-07-16,44.93000030517578,43.650001525878906,44.93000030517578,43.77000045776367,375400.0,35.987152099609375
2010-07-19,44.099998474121094,43.5,44.099998474121094,44.04999923706055,312100.0,36.21736526489258
2010-07-20,45.0099983215332,43.40999984741211,43.459999084472656,45.0,406700.0,36.99844741821289
2010-07-21,45.79999923706055,44.779998779296875,45.16999816894531,45.06999969482422,720600.0,37.055999755859375
2010-07-22,46.529998779296875,45.400001525878906,45.560001373291016,46.220001220703125,451100.0,38.00151062011719
2010-07-23,46.72999954223633,46.15999984741211,46.15999984741211,46.459999084472656,1004300.0,38.198829650878906
2010-07-26,46.81999969482422,46.369998931884766,46.5,46.81999969482422,510600.0,38.49482345581055
2010-07-27,47.220001220703125,45.61000061035156,47.0,45.779998779296875,1058200.0,37.63974380493164
2010-07-28,46.349998474121094,45.650001525878906,45.66999816894531,46.029998779296875,781000.0,37.84530258178711
2010-07-29,46.68000030517578,45.470001220703125,46.45000076293945,45.54999923706055,734800.0,37.45064926147461
2010-07-30,45.56999969482422,44.900001525878906,44.900001525878906,45.380001068115234,629500.0,37.310882568359375
2010-08-02,46.13999938964844,45.689998626708984,46.040000915527344,45.91999816894531,865100.0,37.754852294921875
2010-08-03,46.0,45.349998474121094,45.66999816894531,45.65999984741211,1270200.0,37.54108810424805
2010-08-04,46.130001068115234,45.43000030517578,45.65999984741211,45.88999938964844,826600.0,37.730194091796875
2010-08-05,47.18000030517578,43.5,43.5,46.84000015258789,1272600.0,38.51125717163086
2010-08-06,46.90999984741211,45.54999923706055,46.34000015258789,46.869998931884766,1015100.0,38.53593444824219
2010-08-09,47.72999954223633,46.93000030517578,47.22999954223633,47.619998931884766,700300.0,39.15257263183594
2010-08-10,47.66999816894531,46.689998626708984,47.09000015258789,47.34000015258789,645500.0,38.92237091064453
2010-08-11,46.61000061035156,45.79999923706055,46.5099983215332,46.0,539000.0,37.82062911987305
2010-08-12,45.9900016784668,45.310001373291016,45.310001373291016,45.81999969482422,674000.0,37.67264175415039
2010-08-13,46.439998626708984,45.650001525878906,45.66999816894531,46.349998474121094,729000.0,38.10839080810547
2010-08-16,46.209999084472656,45.68000030517578,45.880001068115234,45.88999938964844,487800.0,37.730194091796875
2010-08-17,47.27000045776367,46.369998931884766,46.38999938964844,47.029998779296875,532500.0,38.66748809814453
2010-08-18,47.130001068115234,46.400001525878906,46.970001220703125,46.900001525878906,396500.0,38.56059265136719
2010-08-19,46.63999938964844,45.459999084472656,46.63999938964844,45.65999984741211,561600.0,37.54108810424805
2010-08-20,45.849998474121094,45.29999923706055,45.29999923706055,45.83000183105469,395700.0,37.68085861206055
2010-08-23,46.20000076293945,45.439998626708984,45.95000076293945,45.470001220703125,366100.0,37.38486862182617
2010-08-24,45.09000015258789,44.58000183105469,44.90999984741211,44.66999816894531,405700.0,36.72712707519531
2010-08-25,45.11000061035156,43.779998779296875,44.400001525878906,44.91999816894531,677800.0,36.932674407958984
2010-08-26,45.72999954223633,44.95000076293945,45.25,45.150001525878906,488400.0,37.12176513671875
2010-08-27,46.16999816894531,44.720001220703125,45.40999984741211,46.150001525878906,474100.0,37.9439582824707
2010-08-30,46.380001068115234,45.630001068115234,46.16999816894531,45.630001068115234,484100.0,37.516414642333984
2010-08-31,46.02000045776367,45.31999969482422,45.650001525878906,45.689998626708984,568500.0,37.565757751464844
2010-09-01,47.45000076293945,46.11000061035156,46.279998779296875,47.38999938964844,680300.0,38.963462829589844
2010-09-02,47.7400016784668,47.220001220703125,47.33000183105469,47.66999816894531,422300.0,39.193687438964844
2010-09-03,48.27000045776367,47.63999938964844,48.209999084472656,47.720001220703125,664500.0,39.23478698730469
2010-09-07,47.720001220703125,46.72999954223633,47.66999816894531,46.93000030517578,900300.0,38.58525466918945
2010-09-08,47.27000045776367,46.88999938964844,46.88999938964844,47.060001373291016,1018500.0,38.6921501159668
2010-09-09,47.540000915527344,46.540000915527344,47.540000915527344,46.900001525878906,585900.0,38.56059265136719
2010-09-10,47.060001373291016,46.540000915527344,47.060001373291016,46.65999984741211,633100.0,38.36327362060547
2010-09-13,47.38999938964844,46.7599983215332,47.099998474121094,46.810001373291016,451900.0,38.48659896850586
2010-09-14,47.68000030517578,46.61000061035156,46.72999954223633,47.47999954223633,562900.0,39.0374641418457
2010-09-15,47.90999984741211,46.97999954223633,47.220001220703125,47.849998474121094,470400.0,39.3416862487793
2010-09-16,47.9900016784668,47.599998474121094,47.75,47.849998474121094,352800.0,39.3416862487793
2010-09-17,48.63999938964844,47.77000045776367,47.959999084472656,48.38999938964844,608000.0,39.78565979003906
2010-09-20,48.93000030517578,48.060001373291016,48.36000061035156,48.91999816894531,389500.0,40.44709014892578
2010-09-21,48.91999816894531,48.33000183105469,48.90999984741211,48.630001068115234,396200.0,40.20732879638672
2010-09-22,49.0,48.33000183105469,48.689998626708984,48.56999969482422,296800.0,40.1577262878418
2010-09-23,48.4900016784668,47.790000915527344,48.22999954223633,47.91999816894531,234200.0,39.62029266357422
2010-09-24,49.0099983215332,48.33000183105469,48.470001220703125,49.0099983215332,306000.0,40.521514892578125
2010-09-27,49.20000076293945,48.7400016784668,49.0,48.81999969482422,397000.0,40.364418029785156
2010-09-28,49.5099983215332,47.970001220703125,48.86000061035156,49.459999084472656,488000.0,40.8935661315918
2010-09-29,49.400001525878906,48.68000030517578,49.209999084472656,48.709999084472656,729500.0,40.27347183227539
2010-09-30,49.5,48.150001525878906,49.04999923706055,48.52000045776367,501400.0,40.11637496948242
2010-10-01,49.2599983215332,48.58000183105469,49.2599983215332,48.790000915527344,487000.0,40.3396110534668
2010-10-04,49.13999938964844,48.310001373291016,48.72999954223633,48.5,649500.0,40.09984588623047
2010-10-05,49.79999923706055,48.9900016784668,48.9900016784668,49.54999923706055,584800.0,40.96798324584961
2010-10-06,49.869998931884766,48.70000076293945,49.439998626708984,49.599998474121094,633700.0,41.00932312011719
2010-10-07,49.869998931884766,49.209999084472656,49.869998931884766,49.4900016784668,412000.0,40.91838455200195
2010-10-08,49.90999984741211,49.33000183105469,49.63999938964844,49.70000076293945,443900.0,41.09200668334961
2010-10-11,49.849998474121094,49.380001068115234,49.81999969482422,49.560001373291016,363500.0,40.97624588012695
2010-10-12,49.689998626708984,48.86000061035156,49.36000061035156,49.619998931884766,339300.0,41.02585220336914
2010-10-13,50.189998626708984,49.65999984741211,50.16999816894531,50.06999969482422,303100.0,41.397918701171875
2010-10-14,50.130001068115234,49.45000076293945,50.099998474121094,49.70000076293945,240100.0,41.09200668334961
2010-10-15,50.18000030517578,49.2400016784668,50.099998474121094,49.79999923706055,508600.0,41.1746826171875
2010-10-18,50.0,49.470001220703125,49.75,49.84000015258789,256500.0,41.207759857177734
2010-10-19,49.58000183105469,48.70000076293945,49.16999816894531,48.95000076293945,386500.0,40.47191619873047
2010-10-20,50.209999084472656,48.849998474121094,49.029998779296875,49.939998626708984,390900.0,41.290435791015625
2010-10-21,50.31999969482422,49.310001373291016,50.2400016784668,49.86000061035156,435300.0,41.22429275512695
2010-10-22,49.91999816894531,49.41999816894531,49.90999984741211,49.79999923706055,201000.0,41.1746826171875
2010-10-25,50.59000015258789,49.900001525878906,50.189998626708984,50.040000915527344,464200.0,41.373111724853516
2010-10-26,50.470001220703125,49.470001220703125,49.630001068115234,50.2599983215332,408500.0,41.555015563964844
2010-10-27,49.939998626708984,49.0099983215332,49.84000015258789,49.84000015258789,408100.0,41.207759857177734
2010-10-28,50.36000061035156,49.63999938964844,50.04999923706055,49.95000076293945,370400.0,41.298709869384766
2010-10-29,50.29999923706055,49.619998931884766,49.79999923706055,50.15999984741211,296600.0,41.47233581542969
2010-11-01,50.849998474121094,50.040000915527344,50.369998931884766,50.29999923706055,311700.0,41.58808517456055
2010-11-02,51.060001373291016,50.41999816894531,50.939998626708984,50.65999984741211,535400.0,41.88572311401367
2010-11-03,50.77000045776367,49.779998779296875,50.689998626708984,50.720001220703125,789700.0,41.935340881347656
2010-11-04,53.369998931884766,51.529998779296875,51.529998779296875,53.34000015258789,1006400.0,44.1015625
2010-11-05,53.650001525878906,52.93000030517578,53.5,53.22999954223633,698200.0,44.01061248779297
2010-11-08,53.91999816894531,53.09000015258789,53.189998626708984,53.619998931884766,551300.0,44.33307647705078
2010-11-09,53.83000183105469,52.59000015258789,53.709999084472656,52.880001068115234,527500.0,43.72123718261719
2010-11-10,53.33000183105469,52.220001220703125,52.869998931884766,53.33000183105469,408300.0,44.09329605102539
2010-11-11,53.439998626708984,52.709999084472656,52.900001525878906,53.349998474121094,374500.0,44.10983657836914
2010-11-12,52.93000030517578,51.869998931884766,52.93000030517578,52.459999084472656,465000.0,43.37397003173828
2010-11-15,52.560001373291016,51.81999969482422,52.52000045776367,51.81999969482422,467700.0,42.84482192993164
2010-11-16,51.75,50.470001220703125,51.439998626708984,50.7400016784668,534400.0,41.951873779296875
2010-11-17,51.09000015258789,50.400001525878906,50.810001373291016,50.650001525878906,331100.0,41.87746047973633
2010-11-18,51.810001373291016,51.18000030517578,51.20000076293945,51.29999923706055,289700.0,42.414894104003906
2010-11-19,51.7400016784668,51.11000061035156,51.34000015258789,51.58000183105469,461100.0,42.64638900756836
2010-11-22,52.04999923706055,50.97999954223633,51.2599983215332,51.9900016784668,300000.0,42.98537826538086
2010-11-23,51.68000030517578,51.16999816894531,51.40999984741211,51.529998779296875,537900.0,42.605045318603516
2010-11-24,52.5,51.97999954223633,52.099998474121094,52.47999954223633,349100.0,43.3905143737793
2010-11-26,53.119998931884766,52.06999969482422,52.20000076293945,52.959999084472656,468400.0,43.787376403808594
2010-11-29,52.91999816894531,51.939998626708984,52.470001220703125,52.790000915527344,494100.0,43.646820068359375
2010-11-30,52.91999816894531,52.099998474121094,52.41999816894531,52.52000045776367,534400.0,43.423583984375
2010-12-01,53.65999984741211,52.97999954223633,53.27000045776367,53.54999923706055,417300.0,44.27518844604492
2010-12-02,54.290000915527344,53.54999923706055,53.61000061035156,54.27000045776367,456000.0,44.87049865722656
2010-12-03,55.09000015258789,54.11000061035156,54.33000183105469,55.029998779296875,598300.0,45.49885940551758
2010-12-06,54.970001220703125,54.400001525878906,54.970001220703125,54.709999084472656,407100.0,45.23427963256836
2010-12-07,55.5,54.900001525878906,55.27000045776367,55.16999816894531,559300.0,45.6146125793457
2010-12-08,55.33000183105469,54.68000030517578,55.16999816894531,55.02000045776367,385100.0,45.49059295654297
2010-12-09,55.400001525878906,54.77000045776367,55.310001373291016,55.119998931884766,302900.0,45.57326126098633
2010-12-10,55.88999938964844,55.189998626708984,55.380001068115234,55.77000045776367,422800.0,46.110687255859375
2010-12-13,56.099998474121094,55.380001068115234,55.90999984741211,55.45000076293945,356400.0,45.84610366821289
2010-12-14,55.869998931884766,55.45000076293945,55.619998931884766,55.66999816894531,276900.0,46.02799987792969
2010-12-15,55.83000183105469,55.20000076293945,55.56999969482422,55.25,381300.0,45.68075180053711
2010-12-16,55.5099983215332,54.939998626708984,55.43000030517578,55.25,652700.0,45.68075180053711
2010-12-17,55.27000045776367,54.91999816894531,55.2400016784668,55.099998474121094,714300.0,45.556732177734375
2010-12-20,55.68000030517578,54.939998626708984,55.43000030517578,55.4900016784668,380400.0,45.87919616699219
2010-12-21,56.0,55.40999984741211,55.779998779296875,55.61000061035156,348100.0,45.97840118408203
2010-12-22,55.79999923706055,55.459999084472656,55.72999954223633,55.7599983215332,315200.0,46.10240936279297
2010-12-23,55.849998474121094,55.31999969482422,55.619998931884766,55.400001525878906,317200.0,45.80476379394531
2010-12-27,55.439998626708984,54.86000061035156,55.11000061035156,55.31999969482422,117200.0,45.96263885498047
2010-12-28,55.4900016784668,55.130001068115234,55.4900016784668,55.380001068115234,180900.0,46.01246643066406
2010-12-29,55.63999938964844,55.310001373291016,55.54999923706055,55.47999954223633,274900.0,46.095558166503906
2010-12-30,55.650001525878906,55.25,55.470001220703125,55.27000045776367,252900.0,45.92107391357422
2010-12-31,55.720001220703125,55.08000183105469,55.220001220703125,55.59000015258789,247100.0,46.18696212768555
2011-01-03,56.22999954223633,55.4900016784668,56.060001373291016,55.650001525878906,499800.0,46.23682403564453
2011-01-04,56.45000076293945,54.970001220703125,56.040000915527344,55.709999084472656,721400.0,46.286659240722656
2011-01-05,55.959999084472656,55.189998626708984,55.2599983215332,55.86000061035156,546700.0,46.41130065917969
2011-01-06,56.290000915527344,55.7599983215332,55.97999954223633,55.810001373291016,525400.0,46.3697395324707
2011-01-07,56.15999984741211,55.65999984741211,55.95000076293945,55.91999816894531,558000.0,46.46113967895508
2011-01-10,56.0099983215332,55.540000915527344,55.72999954223633,55.84000015258789,404200.0,46.39467239379883
2011-01-11,55.97999954223633,55.54999923706055,55.90999984741211,55.93000030517578,473500.0,46.46944808959961
2011-01-12,56.099998474121094,55.34000015258789,55.459999084472656,55.95000076293945,1279700.0,46.48607635498047
2011-01-13,56.66999816894531,55.84000015258789,56.040000915527344,55.97999954223633,389800.0,46.51100158691406
2011-01-14,56.06999969482422,55.560001373291016,55.939998626708984,55.95000076293945,336700.0,46.48607635498047
2011-01-18,56.279998779296875,55.880001068115234,55.880001068115234,56.209999084472656,364800.0,46.70209503173828
2011-01-19,56.209999084472656,55.47999954223633,56.209999084472656,55.650001525878906,421800.0,46.23682403564453
2011-01-20,55.84000015258789,55.439998626708984,55.59000015258789,55.650001525878906,602700.0,46.23682403564453
2011-01-21,56.290000915527344,55.540000915527344,56.13999938964844,55.630001068115234,607000.0,46.220211029052734
2011-01-24,56.5099983215332,55.52000045776367,55.52000045776367,56.33000183105469,401500.0,46.80180740356445
2011-01-25,56.86000061035156,56.0099983215332,56.279998779296875,56.84000015258789,462900.0,47.22552490234375
2011-01-26,57.720001220703125,56.790000915527344,56.790000915527344,57.40999984741211,442100.0,47.699100494384766
2011-01-27,57.68000030517578,57.0,57.470001220703125,57.130001068115234,398100.0,47.466461181640625
2011-01-28,57.40999984741211,56.06999969482422,57.29999923706055,56.119998931884766,290000.0,46.6273078918457
2011-01-31,57.209999084472656,56.2400016784668,56.38999938964844,57.04999923706055,518400.0,47.40000915527344
2011-02-01,58.63999938964844,57.349998474121094,57.5,58.599998474121094,618000.0,48.68782043457031
2011-02-02,59.0,58.470001220703125,58.5099983215332,59.0,1060300.0,49.020164489746094
2011-02-03,59.08000183105469,58.470001220703125,58.810001373291016,58.880001068115234,1043600.0,48.92045974731445
2011-02-04,59.02000045776367,58.43000030517578,58.900001525878906,58.90999984741211,427200.0,48.94537353515625
2011-02-07,59.5,58.91999816894531,59.11000061035156,59.36000061035156,390100.0,49.319278717041016
2011-02-08,59.45000076293945,58.560001373291016,59.45000076293945,58.810001373291016,1112400.0,48.862300872802734
2011-02-09,58.75,58.08000183105469,58.75,58.45000076293945,994900.0,48.563194274902344
2011-02-10,58.25,54.529998779296875,56.9900016784668,54.79999923706055,3239300.0,45.53059005737305
2011-02-11,56.790000915527344,55.0099983215332,55.04999923706055,56.45000076293945,1978000.0,46.9015007019043
2011-02-14,56.650001525878906,55.59000015258789,56.5099983215332,55.61000061035156,1142700.0,46.203582763671875
2011-02-15,56.029998779296875,55.4900016784668,55.599998474121094,55.869998931884766,486400.0,46.419593811035156
2011-02-16,56.869998931884766,56.040000915527344,56.060001373291016,56.810001373291016,682700.0,47.200599670410156
2011-02-17,57.119998931884766,56.75,56.75,57.099998474121094,397400.0,47.44154739379883
2011-02-18,57.56999969482422,56.880001068115234,57.06999969482422,57.349998474121094,538800.0,47.649253845214844
2011-02-22,57.2599983215332,55.86000061035156,56.83000183105469,56.2400016784668,727900.0,46.72700881958008
2011-02-23,56.459999084472656,55.29999923706055,56.27000045776367,55.91999816894531,1010000.0,46.46113967895508
2011-02-24,56.25,55.0099983215332,55.900001525878906,55.93000030517578,945400.0,46.46944808959961
2011-02-25,56.97999954223633,55.79999923706055,56.0099983215332,56.93000030517578,618800.0,47.30031204223633
2011-02-28,57.45000076293945,56.52000045776367,57.130001068115234,56.95000076293945,586000.0,47.316917419433594
2011-03-01,57.15999984741211,56.119998931884766,57.06999969482422,56.290000915527344,709100.0,46.768558502197266
2011-03-02,57.099998474121094,56.09000015258789,56.220001220703125,56.56999969482422,641500.0,47.00119400024414
2011-03-03,57.709999084472656,56.959999084472656,56.959999084472656,57.66999816894531,423700.0,47.91512680053711
2011-03-04,57.70000076293945,56.439998626708984,57.689998626708984,57.099998474121094,354700.0,47.44154739379883
2011-03-07,57.709999084472656,57.060001373291016,57.369998931884766,57.349998474121094,1019300.0,47.649253845214844
2011-03-08,58.060001373291016,56.720001220703125,57.349998474121094,57.91999816894531,671400.0,48.12284851074219
2011-03-09,58.2400016784668,57.380001068115234,57.86000061035156,58.040000915527344,810400.0,48.2225456237793
2011-03-10,58.060001373291016,56.849998474121094,57.18000030517578,57.470001220703125,921200.0,47.74895477294922
2011-03-11,58.220001220703125,57.20000076293945,57.36000061035156,58.04999923706055,689400.0,48.23085403442383
2011-03-14,58.470001220703125,57.540000915527344,57.720001220703125,57.9900016784668,859400.0,48.18101119995117
2011-03-15,58.29999923706055,55.79999923706055,56.119998931884766,57.88999938964844,1041300.0,48.09791564941406
2011-03-16,58.27000045776367,56.38999938964844,57.86000061035156,56.779998779296875,1374900.0,47.17567825317383
2011-03-17,58.29999923706055,57.540000915527344,57.59000015258789,58.119998931884766,1247500.0,48.28901672363281
2011-03-18,59.81999969482422,59.18000030517578,59.52000045776367,59.7599983215332,1326000.0,49.651615142822266
2011-03-21,60.40999984741211,59.65999984741211,60.150001525878906,60.060001373291016,826600.0,50.127342224121094
2011-03-22,60.31999969482422,59.709999084472656,60.119998931884766,60.08000183105469,608400.0,50.14403533935547
2011-03-23,60.5,59.900001525878906,60.02000045776367,60.400001525878906,494600.0,50.41111755371094
2011-03-24,60.900001525878906,60.06999969482422,60.790000915527344,60.79999923706055,529600.0,50.744956970214844
2011-03-25,61.65999984741211,60.869998931884766,60.869998931884766,61.08000183105469,325900.0,50.9786491394043
2011-03-28,61.470001220703125,60.63999938964844,61.060001373291016,60.66999816894531,429200.0,50.63645553588867
2011-03-29,61.459999084472656,60.560001373291016,60.709999084472656,61.439998626708984,387900.0,51.279117584228516
2011-03-30,62.34000015258789,61.400001525878906,61.66999816894531,62.15999984741211,485900.0,51.880035400390625
2011-03-31,62.650001525878906,61.939998626708984,61.97999954223633,62.29999923706055,624100.0,51.996891021728516
2011-04-01,63.45000076293945,62.560001373291016,62.95000076293945,62.75,789100.0,52.37247085571289
2011-04-04,63.93000030517578,62.91999816894531,63.02000045776367,63.81999969482422,637600.0,53.26551818847656
2011-04-05,64.61000061035156,63.33000183105469,63.70000076293945,64.22000122070312,791000.0,53.59937286376953
2011-04-06,64.58000183105469,63.72999954223633,64.23999786376953,64.11000061035156,745300.0,53.5075569152832
2011-04-07,64.52999877929688,63.599998474121094,64.0999984741211,63.91999816894531,468700.0,53.348976135253906
2011-04-08,64.19000244140625,62.939998626708984,64.05999755859375,63.380001068115234,582700.0,52.89827346801758
2011-04-11,64.12999725341797,62.959999084472656,63.529998779296875,63.06999969482422,644600.0,52.639549255371094
2011-04-12,63.560001373291016,62.150001525878906,62.75,62.29999923706055,553600.0,51.996891021728516
2011-04-13,62.900001525878906,61.599998474121094,62.7599983215332,62.04999923706055,513900.0,51.788246154785156
2011-04-14,62.09000015258789,61.29999923706055,61.599998474121094,61.869998931884766,601700.0,51.63800811767578
2011-04-15,62.43000030517578,61.75,62.060001373291016,62.13999938964844,528200.0,51.86335372924805
2011-04-18,61.790000915527344,60.880001068115234,61.5099983215332,61.68000030517578,699600.0,51.479427337646484
2011-04-19,62.41999816894531,61.68000030517578,61.7599983215332,62.31999969482422,688800.0,52.013587951660156
2011-04-20,63.290000915527344,62.58000183105469,63.040000915527344,62.959999084472656,832200.0,52.5477409362793
2011-04-21,63.52000045776367,63.02000045776367,63.20000076293945,63.5,470200.0,52.998435974121094
2011-04-25,63.70000076293945,63.220001220703125,63.40999984741211,63.5,427500.0,52.998435974121094
2011-04-26,64.16000366210938,63.5,63.5,63.63999938964844,600400.0,53.11528015136719
2011-04-27,63.81999969482422,62.880001068115234,63.790000915527344,63.47999954223633,585000.0,52.98173904418945
2011-04-28,63.72999954223633,63.18000030517578,63.43000030517578,63.43000030517578,455800.0,52.94001388549805
2011-04-29,63.75,63.380001068115234,63.599998474121094,63.52000045776367,505000.0,53.01512908935547
2011-05-02,63.970001220703125,63.099998474121094,63.880001068115234,63.310001373291016,369700.0,52.83985900878906
2011-05-03,63.4900016784668,62.4900016784668,63.150001525878906,63.06999969482422,535400.0,52.639549255371094
2011-05-04,63.130001068115234,62.459999084472656,62.970001220703125,62.459999084472656,684000.0,52.130428314208984
2011-05-05,63.04999923706055,62.11000061035156,62.220001220703125,62.380001068115234,770300.0,52.063663482666016
2011-05-06,63.52000045776367,62.380001068115234,63.209999084472656,62.7400016784668,488100.0,52.364131927490234
2011-05-09,63.939998626708984,62.41999816894531,62.41999816894531,63.72999954223633,637900.0,53.190399169921875
2011-05-10,66.29000091552734,64.1500015258789,64.20999908447266,65.23999786376953,2104900.0,54.45068359375
2011-05-11,65.36000061035156,64.37999725341797,65.2300033569336,64.87000274658203,1035900.0,54.14187240600586
2011-05-12,64.75,63.650001525878906,64.75,63.83000183105469,1183400.0,53.27387237548828
2011-05-13,63.869998931884766,62.77000045776367,63.66999816894531,62.90999984741211,1000100.0,52.506011962890625
2011-05-16,63.540000915527344,62.36000061035156,62.630001068115234,62.54999923706055,843000.0,52.20554733276367
2011-05-17,62.61000061035156,61.959999084472656,62.5,62.310001373291016,900600.0,52.00522994995117
2011-05-18,63.75,62.16999816894531,62.38999938964844,63.709999084472656,572000.0,53.1737060546875
2011-05-19,64.29000091552734,63.4900016784668,63.939998626708984,63.93000030517578,714300.0,53.35733413696289
2011-05-20,64.11000061035156,63.06999969482422,63.93000030517578,63.33000183105469,558300.0,52.85655975341797
2011-05-23,62.88999938964844,62.369998931884766,62.529998779296875,62.7400016784668,731500.0,52.364131927490234
2011-05-24,63.220001220703125,62.400001525878906,62.93000030517578,62.779998779296875,618000.0,52.39750289916992
2011-05-25,63.31999969482422,62.31999969482422,62.31999969482422,63.130001068115234,548200.0,52.68962478637695
2011-05-26,63.34000015258789,62.66999816894531,62.869998931884766,63.220001220703125,564900.0,52.764747619628906
2011-05-27,64.19999694824219,63.4900016784668,63.56999969482422,63.9900016784668,334100.0,53.407405853271484
2011-05-31,64.76000213623047,63.709999084472656,64.68000030517578,64.05999755859375,885300.0,53.465824127197266
2011-06-01,63.9900016784668,62.68000030517578,63.95000076293945,62.72999954223633,865000.0,52.35578155517578
2011-06-02,63.20000076293945,62.099998474121094,62.709999084472656,62.130001068115234,937700.0,51.855010986328125
2011-06-03,61.709999084472656,61.189998626708984,61.43000030517578,61.22999954223633,833800.0,51.10384750366211
2011-06-06,61.5099983215332,60.540000915527344,61.02000045776367,60.56999969482422,671300.0,50.553009033203125
2011-06-07,61.959999084472656,60.83000183105469,60.9900016784668,61.459999084472656,704600.0,51.295806884765625
2011-06-08,61.689998626708984,60.90999984741211,61.310001373291016,61.220001220703125,762500.0,51.09550094604492
2011-06-09,62.220001220703125,61.29999923706055,61.33000183105469,62.0,689400.0,51.74650573730469
2011-06-10,62.0,61.400001525878906,61.65999984741211,61.47999954223633,778600.0,51.31250762939453
2011-06-13,62.040000915527344,61.40999984741211,61.54999923706055,61.65999984741211,475600.0,51.46273422241211
2011-06-14,62.43000030517578,61.880001068115234,62.16999816894531,61.9900016784668,796800.0,51.7381706237793
2011-06-15,61.93000030517578,61.150001525878906,61.58000183105469,61.310001373291016,1015200.0,51.170623779296875
2011-06-16,61.43000030517578,60.380001068115234,61.310001373291016,61.08000183105469,482200.0,50.9786491394043
2011-06-17,62.0,61.20000076293945,61.529998779296875,61.779998779296875,776300.0,51.56288528442383
2011-06-20,61.900001525878906,61.400001525878906,61.459999084472656,61.81999969482422,829000.0,51.822750091552734
2011-06-21,63.11000061035156,62.06999969482422,62.29999923706055,63.040000915527344,694600.0,52.84546661376953
2011-06-22,63.43000030517578,62.650001525878906,62.75,62.70000076293945,534100.0,52.560455322265625
2011-06-23,62.54999923706055,61.25,62.060001373291016,62.41999816894531,923400.0,52.32571792602539
2011-06-24,62.7599983215332,62.04999923706055,62.43000030517578,62.279998779296875,636700.0,52.20836639404297
2011-06-27,62.540000915527344,61.79999923706055,62.33000183105469,62.2400016784668,482400.0,52.17483139038086
2011-06-28,62.810001373291016,62.279998779296875,62.38999938964844,62.810001373291016,346400.0,52.652652740478516
2011-06-29,63.540000915527344,62.83000183105469,63.09000015258789,63.47999954223633,699500.0,53.21429443359375
2011-06-30,64.30000305175781,63.400001525878906,63.70000076293945,64.23999786376953,583700.0,53.85140609741211
2011-07-01,64.83000183105469,64.04000091552734,64.3499984741211,64.7300033569336,403500.0,54.262176513671875
2011-07-05,64.73999786376953,64.12999725341797,64.54000091552734,64.30000305175781,664500.0,53.901702880859375
2011-07-06,64.55999755859375,64.13999938964844,64.25,64.33000183105469,955000.0,53.926856994628906
2011-07-07,65.23999786376953,64.72000122070312,64.77999877929688,64.95999908447266,668000.0,54.4549674987793
2011-07-08,65.06999969482422,64.27999877929688,64.27999877929688,64.94999694824219,633800.0,54.44657897949219
2011-07-11,64.33999633789062,63.790000915527344,64.2699966430664,64.12999725341797,541800.0,53.75918960571289
2011-07-12,64.13999938964844,63.5,63.88999938964844,63.61000061035156,800500.0,53.32329177856445
2011-07-13,64.4000015258789,63.540000915527344,63.77000045776367,64.01000213623047,743300.0,53.65860366821289
2011-07-14,64.33999633789062,63.2599983215332,64.05000305175781,63.45000076293945,629400.0,53.18915557861328
2011-07-15,63.72999954223633,63.029998779296875,63.709999084472656,63.68000030517578,847900.0,53.38196563720703
2011-07-18,63.45000076293945,62.56999969482422,63.43000030517578,62.7400016784668,657400.0,52.59397888183594
2011-07-19,63.41999816894531,62.970001220703125,63.040000915527344,63.349998474121094,727400.0,53.1053352355957
2011-07-20,63.47999954223633,62.470001220703125,63.40999984741211,62.540000915527344,603200.0,52.426326751708984
2011-07-21,63.34000015258789,62.7599983215332,62.900001525878906,63.279998779296875,809200.0,53.046653747558594
2011-07-22,63.4900016784668,63.04999923706055,63.43000030517578,63.15999984741211,543500.0,52.946048736572266
2011-07-25,63.36000061035156,62.43000030517578,62.58000183105469,62.81999969482422,656000.0,52.66102981567383
2011-07-26,62.77000045776367,62.150001525878906,62.709999084472656,62.22999954223633,524600.0,52.16646194458008
2011-07-27,62.189998626708984,61.13999938964844,61.88999938964844,61.16999816894531,634700.0,51.27787399291992
2011-07-28,62.310001373291016,61.2400016784668,61.2400016784668,61.369998931884766,869400.0,51.445526123046875
2011-07-29,61.439998626708984,60.61000061035156,60.93000030517578,61.16999816894531,920300.0,51.27787399291992
2011-08-01,62.15999984741211,60.79999923706055,61.689998626708984,62.029998779296875,1420800.0,51.9987907409668
2011-08-02,62.0,60.41999816894531,61.470001220703125,60.47999954223633,1130500.0,50.6994514465332
2011-08-03,60.709999084472656,59.439998626708984,60.58000183105469,60.54999923706055,1054500.0,50.75812911987305
2011-08-04,58.79999923706055,55.77000045776367,58.77000045776367,56.619998931884766,2926400.0,47.46367263793945
2011-08-05,58.08000183105469,55.54999923706055,57.369998931884766,57.65999984741211,2427700.0,48.33549499511719
2011-08-08,56.43000030517578,52.75,56.22999954223633,52.81999969482422,2625300.0,44.278194427490234
2011-08-09,56.7400016784668,53.400001525878906,53.84000015258789,55.95000076293945,3721000.0,46.90202713012695
2011-08-10,55.130001068115234,53.15999984741211,55.0,53.27000045776367,2449500.0,44.655426025390625
2011-08-11,55.45000076293945,53.099998474121094,53.59000015258789,54.779998779296875,2118400.0,45.921234130859375
2011-08-12,56.5,54.880001068115234,55.06999969482422,56.38999938964844,1169000.0,47.270870208740234
2011-08-15,56.84000015258789,55.77000045776367,56.77000045776367,56.83000183105469,844700.0,47.63972091674805
2011-08-16,56.2599983215332,55.11000061035156,55.970001220703125,55.560001373291016,930600.0,46.575103759765625
2011-08-17,56.41999816894531,55.130001068115234,56.040000915527344,55.290000915527344,746500.0,46.348758697509766
2011-08-18,54.15999984741211,52.75,53.86000061035156,53.150001525878906,896500.0,44.5548210144043
2011-08-19,54.0,52.209999084472656,52.400001525878906,52.79999923706055,888300.0,44.26142501831055
2011-08-22,54.04999923706055,53.20000076293945,53.810001373291016,53.36000061035156,1037200.0,44.730865478515625
2011-08-23,55.630001068115234,53.36000061035156,53.54999923706055,55.630001068115234,1011300.0,46.633785247802734
2011-08-24,55.900001525878906,54.70000076293945,55.380001068115234,54.869998931884766,1395700.0,45.99668502807617
2011-08-25,55.439998626708984,54.040000915527344,55.15999984741211,54.5099983215332,955300.0,45.69490051269531
2011-08-26,56.20000076293945,53.5,54.25,56.040000915527344,931600.0,46.977474212646484
2011-08-29,57.52000045776367,56.4900016784668,56.529998779296875,57.40999984741211,433800.0,48.12591552734375
2011-08-30,58.189998626708984,57.02000045776367,57.02000045776367,57.599998474121094,834700.0,48.285194396972656
2011-08-31,58.5099983215332,57.5099983215332,57.970001220703125,58.02000045776367,705900.0,48.63726806640625
2011-09-01,58.27000045776367,57.29999923706055,57.93000030517578,57.40999984741211,658000.0,48.12591552734375
2011-09-02,56.630001068115234,55.900001525878906,56.13999938964844,56.09000015258789,1019000.0,47.019386291503906
2011-09-06,56.33000183105469,53.79999923706055,54.220001220703125,56.040000915527344,952000.0,46.977474212646484
2011-09-07,57.29999923706055,56.54999923706055,56.95000076293945,57.27000045776367,799700.0,48.00856399536133
2011-09-08,57.790000915527344,56.959999084472656,57.099998474121094,57.29999923706055,950500.0,48.033721923828125
2011-09-09,57.060001373291016,55.79999923706055,56.540000915527344,56.060001373291016,1740200.0,46.994239807128906
2011-09-12,56.0099983215332,54.72999954223633,55.18000030517578,55.88999938964844,617300.0,46.85172653198242
2011-09-13,56.70000076293945,55.65999984741211,55.90999984741211,56.540000915527344,462000.0,47.396629333496094
2011-09-14,58.18000030517578,56.0099983215332,56.709999084472656,57.54999923706055,675500.0,48.243282318115234
2011-09-15,58.970001220703125,57.65999984741211,57.95000076293945,58.810001373291016,684700.0,49.29952621459961
2011-09-16,60.45000076293945,58.88999938964844,59.119998931884766,60.189998626708984,1294800.0,50.456356048583984
2011-09-19,59.970001220703125,58.15999984741211,59.040000915527344,59.709999084472656,880000.0,50.313106536865234
2011-09-20,60.56999969482422,59.310001373291016,59.93000030517578,59.540000915527344,614300.0,50.16986083984375
2011-09-21,59.83000183105469,58.040000915527344,59.77000045776367,58.119998931884766,930100.0,48.97333526611328
2011-09-22,56.689998626708984,55.529998779296875,56.29999923706055,56.209999084472656,1547600.0,47.36392593383789
2011-09-23,56.540000915527344,55.58000183105469,56.0,56.290000915527344,1236300.0,47.431331634521484
2011-09-26,57.22999954223633,55.939998626708984,56.900001525878906,57.209999084472656,1029200.0,48.206539154052734
2011-09-27,60.25,58.279998779296875,58.689998626708984,59.04999923706055,953700.0,49.75696563720703
2011-09-28,59.22999954223633,56.84000015258789,59.13999938964844,56.84000015258789,829700.0,47.89478302001953
2011-09-29,58.13999938964844,56.529998779296875,57.68000030517578,57.599998474121094,975100.0,48.53516387939453
2011-09-30,57.40999984741211,56.209999084472656,56.72999954223633,56.220001220703125,785700.0,47.37234115600586
2011-10-03,57.0,55.56999969482422,55.709999084472656,55.77000045776367,1214500.0,46.9931755065918
2011-10-04,57.65999984741211,54.790000915527344,54.95000076293945,57.630001068115234,1300000.0,48.56044006347656
2011-10-05,58.619998931884766,57.25,57.68000030517578,58.279998779296875,755100.0,49.1081657409668
2011-10-06,59.02000045776367,57.630001068115234,58.209999084472656,58.900001525878906,444900.0,49.630584716796875
2011-10-07,59.38999938964844,58.0099983215332,59.38999938964844,58.47999954223633,681000.0,49.27668380737305
2011-10-10,60.25,59.369998931884766,59.439998626708984,60.25,587800.0,50.76811599731445
2011-10-11,60.279998779296875,59.5099983215332,59.54999923706055,59.9900016784668,414900.0,50.549034118652344
2011-10-12,61.02000045776367,59.79999923706055,60.349998474121094,60.540000915527344,580300.0,51.01249313354492
2011-10-13,60.18000030517578,59.11000061035156,60.06999969482422,59.5099983215332,823400.0,50.144588470458984
2011-10-14,61.5099983215332,60.04999923706055,60.40999984741211,61.25,582600.0,51.610755920410156
2011-10-17,61.25,59.68000030517578,61.029998779296875,59.900001525878906,420800.0,50.47319793701172
2011-10-18,61.22999954223633,58.900001525878906,60.0099983215332,60.560001373291016,742900.0,51.02934646606445
2011-10-19,60.91999816894531,59.45000076293945,60.45000076293945,59.7400016784668,545200.0,50.33838653564453
2011-10-20,60.02000045776367,58.81999969482422,59.790000915527344,59.65999984741211,686200.0,50.270965576171875
2011-10-21,61.2400016784668,59.790000915527344,59.959999084472656,61.2400016784668,842300.0,51.602325439453125
2011-10-24,60.869998931884766,59.790000915527344,60.83000183105469,60.86000061035156,1094900.0,51.28213119506836
2011-10-25,61.040000915527344,59.33000183105469,60.439998626708984,59.380001068115234,1101600.0,50.0350341796875
2011-10-26,61.029998779296875,59.2599983215332,60.08000183105469,60.54999923706055,1051900.0,51.02090835571289
2011-10-27,63.779998779296875,61.9900016784668,62.40999984741211,63.0099983215332,876600.0,53.09376907348633
2011-10-28,63.4900016784668,62.5,63.06999969482422,62.93000030517578,595500.0,53.0263557434082
2011-10-31,62.38999938964844,60.560001373291016,62.119998931884766,60.560001373291016,1083100.0,51.02934646606445
2011-11-01,60.029998779296875,58.380001068115234,58.619998931884766,59.040000915527344,976300.0,49.748558044433594
2011-11-02,60.61000061035156,59.18000030517578,60.0099983215332,60.09000015258789,421800.0,50.6333122253418
2011-11-03,61.84000015258789,60.310001373291016,60.81999969482422,61.61000061035156,844000.0,51.91409683227539
2011-11-04,61.56999969482422,60.380001068115234,61.279998779296875,61.06999969482422,756700.0,51.459068298339844
2011-11-07,61.47999954223633,60.43000030517578,60.849998474121094,61.310001373291016,1475000.0,51.661312103271484
2011-11-08,59.040000915527344,54.5099983215332,57.5,55.029998779296875,5063000.0,46.369625091552734
2011-11-09,54.4900016784668,53.2599983215332,53.34000015258789,53.81999969482422,2319000.0,45.35005187988281
2011-11-10,54.59000015258789,53.290000915527344,54.2599983215332,53.63999938964844,1785100.0,45.19837951660156
2011-11-11,54.88999938964844,54.09000015258789,54.189998626708984,54.45000076293945,1154000.0,45.88088607788086
2011-11-14,54.720001220703125,53.880001068115234,54.29999923706055,54.16999816894531,756000.0,45.644954681396484
2011-11-15,54.31999969482422,53.56999969482422,53.90999984741211,53.779998779296875,881700.0,45.31632995605469
2011-11-16,54.040000915527344,53.20000076293945,53.220001220703125,53.310001373291016,944400.0,44.92030715942383
2011-11-17,53.25,52.16999816894531,53.119998931884766,52.40999984741211,1990400.0,44.161949157714844
2011-11-18,52.849998474121094,52.060001373291016,52.66999816894531,52.529998779296875,1101400.0,44.2630615234375
2011-11-21,53.13999938964844,52.25,52.630001068115234,52.65999984741211,1498100.0,44.37260437011719
2011-11-22,53.27000045776367,52.27000045776367,52.56999969482422,52.380001068115234,782200.0,44.136661529541016
2011-11-23,52.2400016784668,51.45000076293945,51.83000183105469,51.709999084472656,934000.0,43.57210922241211
2011-11-25,52.099998474121094,51.4900016784668,51.630001068115234,51.619998931884766,220400.0,43.496273040771484
2011-11-28,53.52000045776367,52.689998626708984,53.130001068115234,53.25,1023300.0,44.869747161865234
2011-11-29,53.540000915527344,52.279998779296875,53.22999954223633,52.619998931884766,1086600.0,44.338897705078125
2011-11-30,54.310001373291016,53.65999984741211,54.119998931884766,54.2599983215332,912400.0,45.720794677734375
2011-12-01,54.619998931884766,53.59000015258789,54.040000915527344,53.79999923706055,727700.0,45.33320236206055
2011-12-02,54.56999969482422,53.459999084472656,54.33000183105469,53.65999984741211,565900.0,45.21522521972656
2011-12-05,54.56999969482422,53.68000030517578,54.470001220703125,54.119998931884766,687100.0,45.60283279418945
2011-12-06,54.45000076293945,53.7599983215332,54.18000030517578,54.02000045776367,708100.0,45.51856994628906
2011-12-07,54.79999923706055,53.709999084472656,53.959999084472656,54.459999084472656,682900.0,45.88933563232422
2011-12-08,54.20000076293945,53.15999984741211,54.130001068115234,53.36000061035156,590000.0,44.962440490722656
2011-12-09,54.4900016784668,53.25,53.4900016784668,54.20000076293945,531700.0,45.670249938964844
2011-12-12,53.63999938964844,52.400001525878906,53.630001068115234,52.84000015258789,628300.0,44.52427291870117
2011-12-13,53.560001373291016,52.060001373291016,53.189998626708984,52.349998474121094,640900.0,44.11138916015625
2011-12-14,52.540000915527344,51.880001068115234,52.189998626708984,52.09000015258789,539100.0,43.892303466796875
2011-12-15,52.59000015258789,51.70000076293945,52.59000015258789,52.16999816894531,677700.0,43.9597053527832
2011-12-16,52.900001525878906,51.5,52.63999938964844,51.88999938964844,1571600.0,43.72378158569336
2011-12-19,52.54999923706055,51.20000076293945,52.06999969482422,51.310001373291016,603200.0,43.23507308959961
2011-12-20,52.45000076293945,52.040000915527344,52.2400016784668,52.25,818300.0,44.027130126953125
2011-12-21,52.56999969482422,51.970001220703125,52.310001373291016,52.16999816894531,554300.0,43.9597053527832
2011-12-22,52.41999816894531,52.029998779296875,52.22999954223633,52.18000030517578,546300.0,43.9681396484375
2011-12-23,53.130001068115234,51.939998626708984,52.040000915527344,53.130001068115234,662400.0,45.03619384765625
2011-12-27,53.560001373291016,52.91999816894531,53.060001373291016,53.34000015258789,262200.0,45.214202880859375
2011-12-28,53.540000915527344,52.0099983215332,53.43000030517578,52.06999969482422,373100.0,44.13768005371094
2011-12-29,52.7599983215332,52.06999969482422,52.06999969482422,52.689998626708984,326100.0,44.663230895996094
2011-12-30,52.90999984741211,52.36000061035156,52.58000183105469,52.41999816894531,250700.0,44.434356689453125
2012-01-03,53.4900016784668,52.81999969482422,53.38999938964844,52.880001068115234,420700.0,44.824283599853516
2012-01-04,53.02000045776367,52.5,52.709999084472656,52.95000076293945,296600.0,44.88362121582031
2012-01-05,53.08000183105469,52.04999923706055,52.470001220703125,52.900001525878906,405000.0,44.84123611450195
2012-01-06,53.310001373291016,52.560001373291016,52.880001068115234,53.06999969482422,361300.0,44.98533248901367
2012-01-09,53.290000915527344,52.900001525878906,53.0099983215332,53.220001220703125,438800.0,45.11248016357422
2012-01-10,54.25,53.68000030517578,53.68000030517578,54.060001373291016,437200.0,45.82451629638672
2012-01-11,54.2400016784668,53.52000045776367,53.79999923706055,54.220001220703125,524600.0,45.96015167236328
2012-01-12,55.09000015258789,53.93000030517578,54.22999954223633,55.08000183105469,474300.0,46.68914031982422
2012-01-13,54.68000030517578,54.02000045776367,54.20000076293945,54.56999969482422,413400.0,46.25682830810547
2012-01-17,55.689998626708984,54.720001220703125,55.310001373291016,55.08000183105469,685200.0,46.68914031982422
2012-01-18,55.810001373291016,54.880001068115234,55.09000015258789,55.70000076293945,701100.0,47.214683532714844
2012-01-19,56.09000015258789,55.31999969482422,55.75,56.02000045776367,1127000.0,47.485939025878906
2012-01-20,56.369998931884766,55.959999084472656,56.04999923706055,56.150001525878906,648200.0,47.596126556396484
2012-01-23,56.54999923706055,56.04999923706055,56.150001525878906,56.459999084472656,513200.0,47.85889434814453
2012-01-24,56.59000015258789,55.939998626708984,56.2599983215332,56.45000076293945,353700.0,47.85044479370117
2012-01-25,56.880001068115234,56.13999938964844,56.29999923706055,56.790000915527344,370300.0,48.13862991333008
2012-01-26,57.099998474121094,56.58000183105469,57.0,56.7599983215332,430000.0,48.11320495605469
2012-01-27,57.13999938964844,56.599998474121094,56.61000061035156,56.939998626708984,502900.0,48.26579666137695
2012-01-30,56.61000061035156,56.0,56.5099983215332,56.40999984741211,723600.0,47.81651306152344
2012-01-31,56.75,55.709999084472656,56.61000061035156,55.810001373291016,839700.0,47.30792999267578
2012-02-01,56.66999816894531,56.06999969482422,56.33000183105469,56.279998779296875,542000.0,47.70632553100586
2012-02-02,56.59000015258789,56.029998779296875,56.29999923706055,56.040000915527344,578400.0,47.50289535522461
2012-02-03,57.31999969482422,56.279998779296875,57.31999969482422,56.38999938964844,649600.0,47.79957580566406
2012-02-06,56.5099983215332,55.959999084472656,56.20000076293945,56.290000915527344,462600.0,47.714805603027344
2012-02-07,56.130001068115234,55.5099983215332,56.040000915527344,55.599998474121094,1149200.0,47.129920959472656
2012-02-08,56.4900016784668,55.58000183105469,55.810001373291016,56.25,897800.0,47.6808967590332
2012-02-09,58.810001373291016,56.40999984741211,58.33000183105469,57.220001220703125,1226500.0,48.50312423706055
2012-02-10,57.25,55.5,57.25,56.02000045776367,830400.0,47.485939025878906
2012-02-13,56.630001068115234,56.18000030517578,56.43000030517578,56.29999923706055,497100.0,47.72328186035156
2012-02-14,56.45000076293945,55.9900016784668,56.060001373291016,56.400001525878906,718500.0,47.80805206298828
2012-02-15,56.7599983215332,55.900001525878906,56.47999954223633,55.97999954223633,595500.0,47.4520378112793
2012-02-16,56.59000015258789,55.709999084472656,55.90999984741211,56.310001373291016,494900.0,47.731746673583984
2012-02-17,56.709999084472656,56.34000015258789,56.5,56.65999984741211,672900.0,48.02843475341797
2012-02-21,57.52000045776367,56.650001525878906,56.72999954223633,57.349998474121094,829100.0,48.61332702636719
2012-02-22,57.619998931884766,57.029998779296875,57.43000030517578,57.41999816894531,458500.0,48.67266082763672
2012-02-23,57.65999984741211,56.939998626708984,57.52000045776367,57.47999954223633,378200.0,48.72352600097656
2012-02-24,57.88999938964844,57.34000015258789,57.560001373291016,57.630001068115234,465600.0,48.85066604614258
2012-02-27,57.79999923706055,57.150001525878906,57.27000045776367,57.619998931884766,326500.0,48.842201232910156
2012-02-28,58.06999969482422,57.349998474121094,57.7400016784668,57.599998474121094,536600.0,48.825233459472656
2012-02-29,57.70000076293945,56.779998779296875,57.65999984741211,57.029998779296875,711800.0,48.342079162597656
2012-03-01,57.36000061035156,56.47999954223633,57.36000061035156,56.47999954223633,607300.0,47.87586212158203
2012-03-02,57.290000915527344,56.36000061035156,56.43000030517578,56.880001068115234,504900.0,48.21491241455078
2012-03-05,56.849998474121094,56.06999969482422,56.849998474121094,56.5,510000.0,47.8928108215332
2012-03-06,56.36000061035156,55.34000015258789,56.04999923706055,55.439998626708984,626500.0,46.99429702758789
2012-03-07,55.91999816894531,55.310001373291016,55.380001068115234,55.779998779296875,336500.0,47.282493591308594
2012-03-08,56.38999938964844,55.810001373291016,56.13999938964844,56.189998626708984,556300.0,47.630027770996094
2012-03-09,56.529998779296875,56.060001373291016,56.349998474121094,56.20000076293945,709500.0,47.63851547241211
2012-03-12,56.4900016784668,55.939998626708984,56.20000076293945,56.040000915527344,412800.0,47.50289535522461
2012-03-13,56.540000915527344,55.869998931884766,56.119998931884766,56.43000030517578,579600.0,47.83346939086914
2012-03-14,56.869998931884766,56.31999969482422,56.369998931884766,56.56999969482422,349100.0,47.952152252197266
2012-03-15,57.220001220703125,56.45000076293945,56.63999938964844,57.220001220703125,470100.0,48.50312423706055
2012-03-16,57.41999816894531,57.0,57.310001373291016,57.2400016784668,484100.0,48.520084381103516
2012-03-19,57.279998779296875,56.63999938964844,56.63999938964844,57.130001068115234,287400.0,48.69053268432617
2012-03-20,57.099998474121094,56.61000061035156,56.72999954223633,56.95000076293945,457600.0,48.53713607788086
2012-03-21,57.2599983215332,56.83000183105469,56.939998626708984,57.099998474121094,512400.0,48.66496658325195
2012-03-22,56.79999923706055,56.29999923706055,56.720001220703125,56.63999938964844,611100.0,48.27293395996094
2012-03-23,57.2599983215332,56.5,56.630001068115234,57.099998474121094,354200.0,48.66496658325195
2012-03-26,57.90999984741211,57.43000030517578,57.5,57.900001525878906,494400.0,49.346797943115234
2012-03-27,58.66999816894531,57.869998931884766,57.900001525878906,58.619998931884766,555400.0,49.96043395996094
2012-03-28,58.7599983215332,58.119998931884766,58.54999923706055,58.470001220703125,761900.0,49.832584381103516
2012-03-29,58.2599983215332,57.70000076293945,57.95000076293945,58.130001068115234,626400.0,49.542816162109375
2012-03-30,58.88999938964844,58.09000015258789,58.380001068115234,58.599998474121094,741600.0,49.94339370727539
2012-04-02,59.70000076293945,58.31999969482422,58.5099983215332,59.61000061035156,621800.0,50.8041877746582
2012-04-03,59.61000061035156,58.75,59.61000061035156,59.27000045776367,663100.0,50.514404296875
2012-04-04,58.95000076293945,58.40999984741211,58.630001068115234,58.65999984741211,482200.0,49.99452590942383
2012-04-05,58.83000183105469,58.25,58.47999954223633,58.59000015258789,768800.0,49.93487548828125
2012-04-09,58.130001068115234,57.619998931884766,57.90999984741211,57.9900016784668,602200.0,49.42348861694336
2012-04-10,58.029998779296875,56.77000045776367,57.869998931884766,56.790000915527344,751900.0,48.4007568359375
2012-04-11,57.959999084472656,57.2400016784668,57.439998626708984,57.5099983215332,1592900.0,49.014404296875
2012-04-12,58.970001220703125,57.400001525878906,57.65999984741211,58.529998779296875,693400.0,49.883724212646484
2012-04-13,58.470001220703125,57.939998626708984,58.349998474121094,58.0099983215332,479200.0,49.44053268432617
2012-04-16,58.5099983215332,57.61000061035156,58.36000061035156,58.31999969482422,460200.0,49.704750061035156
2012-04-17,59.189998626708984,58.54999923706055,58.65999984741211,58.91999816894531,379800.0,50.21611404418945
2012-04-18,59.310001373291016,58.61000061035156,58.7400016784668,59.13999938964844,444100.0,50.40360641479492
2012-04-19,59.369998931884766,58.79999923706055,59.150001525878906,59.22999954223633,794700.0,50.48031234741211
2012-04-20,59.84000015258789,59.2599983215332,59.36000061035156,59.439998626708984,462300.0,50.659297943115234
2012-04-23,59.04999923706055,58.540000915527344,58.900001525878906,58.9900016784668,612500.0,50.27577590942383
2012-04-24,59.47999954223633,59.0,59.119998931884766,59.130001068115234,430500.0,50.39509201049805
2012-04-25,59.7599983215332,59.369998931884766,59.689998626708984,59.54999923706055,533400.0,50.75304412841797
2012-04-26,60.33000183105469,59.2400016784668,59.369998931884766,60.130001068115234,347700.0,51.24736022949219
2012-04-27,60.79999923706055,60.119998931884766,60.34000015258789,60.540000915527344,496000.0,51.5968017578125
2012-04-30,60.61000061035156,60.0,60.400001525878906,60.209999084472656,620400.0,51.3155403137207
2012-05-01,60.90999984741211,59.88999938964844,60.0,60.38999938964844,446500.0,51.46894836425781
2012-05-02,60.59000015258789,59.9900016784668,60.119998931884766,60.36000061035156,531900.0,51.443382263183594
2012-05-03,60.65999984741211,59.88999938964844,60.209999084472656,59.97999954223633,622300.0,51.11952590942383
2012-05-04,59.630001068115234,58.599998474121094,59.459999084472656,58.880001068115234,867000.0,50.18202209472656
2012-05-07,59.65999984741211,58.68000030517578,58.68000030517578,59.47999954223633,724000.0,50.69339370727539
2012-05-08,58.77000045776367,57.5099983215332,57.5099983215332,58.66999816894531,1008100.0,50.00304412841797
2012-05-09,58.900001525878906,57.720001220703125,58.04999923706055,58.41999816894531,878100.0,49.789974212646484
2012-05-10,58.86000061035156,58.209999084472656,58.86000061035156,58.31999969482422,768400.0,49.704750061035156
2012-05-11,58.52000045776367,57.95000076293945,58.06999969482422,57.97999954223633,638200.0,49.414974212646484
2012-05-14,57.900001525878906,57.31999969482422,57.459999084472656,57.59000015258789,524900.0,49.08258819580078
2012-05-15,57.77000045776367,57.15999984741211,57.63999938964844,57.400001525878906,656200.0,48.920658111572266
2012-05-16,57.790000915527344,56.72999954223633,57.540000915527344,57.09000015258789,957600.0,48.65644454956055
2012-05-17,57.189998626708984,55.56999969482422,57.040000915527344,55.58000183105469,630500.0,47.3695182800293
2012-05-18,56.06999969482422,55.18000030517578,56.0,55.400001525878906,856100.0,47.216094970703125
2012-05-21,57.25,55.41999816894531,55.5,57.20000076293945,615200.0,48.75019454956055
2012-05-22,57.470001220703125,56.849998474121094,57.209999084472656,57.09000015258789,502700.0,48.65644454956055
2012-05-23,57.04999923706055,55.77000045776367,56.66999816894531,56.93000030517578,904000.0,48.520084381103516
2012-05-24,57.470001220703125,56.630001068115234,56.90999984741211,57.34000015258789,495900.0,48.86951446533203
2012-05-25,57.560001373291016,56.880001068115234,57.279998779296875,57.029998779296875,253900.0,48.60531234741211
2012-05-29,58.16999816894531,57.380001068115234,57.59000015258789,57.779998779296875,276000.0,49.244510650634766
2012-05-30,57.369998931884766,56.560001373291016,57.189998626708984,56.56999969482422,559900.0,48.2132682800293
2012-05-31,56.630001068115234,55.900001525878906,56.54999923706055,56.380001068115234,707400.0,48.051326751708984
2012-06-01,55.650001525878906,54.150001525878906,55.63999938964844,54.349998474121094,1132900.0,46.32120895385742
2012-06-04,54.540000915527344,53.72999954223633,54.470001220703125,54.310001373291016,597600.0,46.287113189697266
2012-06-05,54.650001525878906,53.88999938964844,54.029998779296875,54.5099983215332,357300.0,46.457576751708984
2012-06-06,55.81999969482422,54.959999084472656,54.959999084472656,55.81999969482422,367700.0,47.574058532714844
2012-06-07,57.84000015258789,56.0,57.84000015258789,56.08000183105469,535600.0,47.79564666748047
2012-06-08,56.4900016784668,55.529998779296875,55.869998931884766,56.4900016784668,261900.0,48.14509201049805
2012-06-11,57.099998474121094,55.849998474121094,56.959999084472656,55.880001068115234,503700.0,47.62519073486328
2012-06-12,56.40999984741211,55.84000015258789,56.119998931884766,56.40999984741211,484800.0,48.07689666748047
2012-06-13,56.22999954223633,55.150001525878906,56.220001220703125,55.34000015258789,470200.0,47.16495895385742
2012-06-14,55.93000030517578,55.20000076293945,55.45000076293945,55.779998779296875,492200.0,47.53997039794922
2012-06-15,56.630001068115234,56.0,56.11000061035156,56.439998626708984,512100.0,48.10246658325195
2012-06-18,56.77000045776367,56.06999969482422,56.40999984741211,56.65999984741211,471800.0,48.28996658325195
2012-06-19,57.81999969482422,56.65999984741211,56.65999984741211,57.61000061035156,403000.0,49.09965133666992
2012-06-20,57.540000915527344,56.72999954223633,57.540000915527344,56.9900016784668,548000.0,48.57122039794922
2012-06-21,57.16999816894531,55.70000076293945,57.099998474121094,55.779998779296875,564700.0,47.53997039794922
2012-06-22,55.84000015258789,54.95000076293945,55.689998626708984,55.650001525878906,451300.0,47.69423294067383
2012-06-25,55.0,54.2400016784668,54.9900016784668,54.38999938964844,431400.0,46.6143684387207
2012-06-26,54.7400016784668,53.939998626708984,54.54999923706055,54.310001373291016,429300.0,46.545806884765625
2012-06-27,54.61000061035156,54.06999969482422,54.47999954223633,54.29999923706055,338500.0,46.537227630615234
2012-06-28,54.65999984741211,53.77000045776367,53.91999816894531,54.560001373291016,389300.0,46.760066986083984
2012-06-29,55.560001373291016,54.7400016784668,55.209999084472656,54.79999923706055,1011600.0,46.96574783325195
2012-07-02,55.029998779296875,54.209999084472656,54.56999969482422,54.34000015258789,725200.0,46.57150650024414
2012-07-03,54.970001220703125,54.15999984741211,54.349998474121094,54.95000076293945,396400.0,47.09430694580078
2012-07-05,55.34000015258789,54.650001525878906,54.790000915527344,55.0,518000.0,47.13714599609375
2012-07-06,54.65999984741211,53.84000015258789,54.5099983215332,54.060001373291016,497800.0,46.331539154052734
2012-07-09,54.41999816894531,53.689998626708984,54.13999938964844,54.38999938964844,852300.0,46.6143684387207
2012-07-10,55.27000045776367,53.619998931884766,54.68000030517578,53.900001525878906,367000.0,46.19441223144531
2012-07-11,54.2400016784668,53.63999938964844,53.84000015258789,54.02000045776367,365300.0,46.297264099121094
2012-07-12,54.099998474121094,53.470001220703125,53.540000915527344,53.83000183105469,429700.0,46.134422302246094
2012-07-13,55.16999816894531,54.0099983215332,54.060001373291016,54.58000183105469,414600.0,46.777198791503906
2012-07-16,54.7400016784668,53.880001068115234,54.7400016784668,54.16999816894531,298100.0,46.42580795288086
2012-07-17,54.810001373291016,54.08000183105469,54.439998626708984,54.790000915527344,253000.0,46.95718002319336
2012-07-18,54.880001068115234,54.38999938964844,54.540000915527344,54.869998931884766,221800.0,47.025733947753906
2012-07-19,55.72999954223633,54.90999984741211,54.939998626708984,55.40999984741211,296900.0,47.48854446411133
2012-07-20,55.290000915527344,54.849998474121094,55.08000183105469,55.06999969482422,412200.0,47.1971435546875
2012-07-23,54.2599983215332,53.7400016784668,54.15999984741211,53.95000076293945,251600.0,46.237274169921875
2012-07-24,54.029998779296875,53.029998779296875,53.900001525878906,53.33000183105469,281300.0,45.70589828491211
2012-07-25,54.060001373291016,53.31999969482422,53.619998931884766,53.86000061035156,449400.0,46.16013717651367
2012-07-26,54.970001220703125,53.75,54.709999084472656,54.08000183105469,411300.0,46.34868621826172
2012-07-27,55.54999923706055,54.36000061035156,54.5,55.43000030517578,331000.0,47.50568389892578
2012-07-30,55.9900016784668,55.290000915527344,55.41999816894531,55.869998931884766,445700.0,47.882781982421875
2012-07-31,56.029998779296875,55.45000076293945,55.709999084472656,55.7400016784668,486400.0,47.7713623046875
2012-08-01,56.150001525878906,55.31999969482422,55.970001220703125,55.540000915527344,465700.0,47.59996032714844
2012-08-02,55.630001068115234,53.79999923706055,54.40999984741211,55.08000183105469,459200.0,47.205718994140625
2012-08-03,55.779998779296875,54.83000183105469,55.75,55.47999954223633,1000600.0,47.54853057861328
2012-08-06,56.22999954223633,55.59000015258789,55.650001525878906,55.83000183105469,641700.0,47.8485107421875
2012-08-07,56.529998779296875,55.59000015258789,56.15999984741211,56.52000045776367,752900.0,48.43986511230469
2012-08-08,63.22999954223633,57.04999923706055,57.04999923706055,62.0099983215332,1928600.0,53.14500427246094
2012-08-09,62.04999923706055,60.68000030517578,61.54999923706055,61.060001373291016,939700.0,52.330814361572266
2012-08-10,61.5,60.40999984741211,60.72999954223633,61.43000030517578,714200.0,52.64792251586914
2012-08-13,61.63999938964844,60.90999984741211,61.13999938964844,61.34000015258789,279700.0,52.570777893066406
2012-08-14,61.68000030517578,60.959999084472656,61.68000030517578,61.11000061035156,307100.0,52.37367248535156
2012-08-15,61.540000915527344,60.70000076293945,60.90999984741211,61.43000030517578,461500.0,52.64792251586914
2012-08-16,62.459999084472656,61.369998931884766,61.369998931884766,62.2599983215332,574500.0,53.35926055908203
2012-08-17,62.4900016784668,61.72999954223633,62.380001068115234,61.900001525878906,423800.0,53.05073165893555
2012-08-20,62.209999084472656,61.61000061035156,61.88999938964844,62.11000061035156,337900.0,53.2307014465332
2012-08-21,62.40999984741211,61.56999969482422,62.13999938964844,61.650001525878906,360600.0,52.836463928222656
2012-08-22,61.790000915527344,61.16999816894531,61.5099983215332,61.56999969482422,531900.0,52.76790237426758
2012-08-23,61.75,60.939998626708984,61.41999816894531,60.9900016784668,530700.0,52.27082443237305
2012-08-24,61.220001220703125,60.79999923706055,61.04999923706055,61.040000915527344,394000.0,52.31367111206055
2012-08-27,61.470001220703125,60.869998931884766,61.25,60.93000030517578,229800.0,52.21938705444336
2012-08-28,61.09000015258789,60.720001220703125,60.79999923706055,60.83000183105469,253000.0,52.133689880371094
2012-08-29,61.0099983215332,60.720001220703125,60.88999938964844,60.79999923706055,272600.0,52.107975006103516
2012-08-30,60.849998474121094,60.18000030517578,60.5099983215332,60.279998779296875,275700.0,51.66231918334961
2012-08-31,61.02000045776367,60.36000061035156,60.75,60.52000045776367,330400.0,51.86800003051758
2012-09-04,60.61000061035156,59.70000076293945,60.54999923706055,60.02000045776367,488800.0,51.43949890136719
2012-09-05,60.40999984741211,59.68000030517578,60.099998474121094,60.130001068115234,800600.0,51.53376007080078
2012-09-06,61.5,60.5,60.630001068115234,61.119998931884766,420700.0,52.382240295410156
2012-09-07,61.560001373291016,61.119998931884766,61.29999923706055,61.290000915527344,405200.0,52.52792739868164
2012-09-10,61.68000030517578,60.61000061035156,61.22999954223633,61.130001068115234,226200.0,52.390804290771484
2012-09-11,61.31999969482422,60.790000915527344,61.18000030517578,60.970001220703125,308500.0,52.253684997558594
2012-09-12,61.15999984741211,60.27000045776367,61.060001373291016,60.34000015258789,382300.0,51.71375274658203
2012-09-13,61.369998931884766,60.0099983215332,60.27000045776367,60.86000061035156,367600.0,52.15940856933594
2012-09-14,61.709999084472656,60.0,61.02000045776367,60.25,499500.0,51.63660430908203
2012-09-17,60.13999938964844,59.63999938964844,60.060001373291016,60.099998474121094,387800.0,51.80036926269531
2012-09-18,60.33000183105469,59.810001373291016,60.099998474121094,60.15999984741211,308600.0,51.85208511352539
2012-09-19,60.66999816894531,60.04999923706055,60.470001220703125,60.47999954223633,531800.0,52.127891540527344
2012-09-20,60.630001068115234,60.119998931884766,60.13999938964844,60.599998474121094,380600.0,52.23130798339844
2012-09-21,61.130001068115234,60.45000076293945,60.959999084472656,60.470001220703125,591600.0,52.11927795410156
2012-09-24,60.400001525878906,59.900001525878906,60.16999816894531,60.13999938964844,251900.0,51.83485412597656
2012-09-25,60.40999984741211,59.790000915527344,60.310001373291016,59.86000061035156,358100.0,51.59351348876953
2012-09-26,59.939998626708984,59.33000183105469,59.86000061035156,59.56999969482422,327000.0,51.343563079833984
2012-09-27,60.099998474121094,59.33000183105469,59.779998779296875,60.0,259600.0,51.71418380737305
2012-09-28,59.84000015258789,59.25,59.709999084472656,59.58000183105469,260400.0,51.352195739746094
2012-10-01,61.06999969482422,59.779998779296875,59.779998779296875,60.560001373291016,495000.0,52.196842193603516
2012-10-02,60.970001220703125,60.11000061035156,60.63999938964844,60.43000030517578,300000.0,52.08480453491211
2012-10-03,60.650001525878906,60.029998779296875,60.5,60.34000015258789,197200.0,52.00723648071289
2012-10-04,60.7400016784668,60.22999954223633,60.650001525878906,60.599998474121094,147600.0,52.23130798339844
2012-10-05,61.59000015258789,60.65999984741211,60.93000030517578,60.95000076293945,264100.0,52.532989501953125
2012-10-08,60.91999816894531,60.25,60.81999969482422,60.75,171900.0,52.36061477661133
2012-10-09,61.060001373291016,60.38999938964844,60.790000915527344,60.5099983215332,219800.0,52.15374755859375
2012-10-10,60.7599983215332,60.150001525878906,60.52000045776367,60.45000076293945,330600.0,52.102046966552734
2012-10-11,60.93000030517578,60.4900016784668,60.83000183105469,60.7400016784668,194000.0,52.35199737548828
2012-10-12,61.2400016784668,60.47999954223633,60.90999984741211,60.540000915527344,265900.0,52.17961120605469
2012-10-15,61.18000030517578,60.45000076293945,60.68000030517578,61.099998474121094,139800.0,52.66228485107422
2012-10-16,62.41999816894531,61.22999954223633,61.47999954223633,62.22999954223633,235100.0,53.63623046875
2012-10-17,63.11000061035156,62.22999954223633,62.540000915527344,62.900001525878906,231700.0,54.21369934082031
2012-10-18,62.959999084472656,62.34000015258789,62.72999954223633,62.7599983215332,249600.0,54.093040466308594
2012-10-19,62.52000045776367,61.59000015258789,62.52000045776367,61.689998626708984,352300.0,53.17079162597656
2012-10-22,64.98999786376953,62.939998626708984,63.400001525878906,64.29000091552734,760600.0,55.4117431640625
2012-10-23,63.869998931884766,62.900001525878906,63.5099983215332,63.619998931884766,501500.0,54.83426284790039
2012-10-24,64.3499984741211,63.189998626708984,64.0,63.290000915527344,369700.0,54.54984664916992
2012-10-25,64.08000183105469,63.5099983215332,63.5099983215332,63.880001068115234,259600.0,55.058372497558594
2012-10-26,64.18000030517578,63.66999816894531,63.970001220703125,63.939998626708984,248500.0,55.110084533691406
2012-10-31,64.66000366210938,63.52000045776367,64.08000183105469,64.62000274658203,448700.0,55.696170806884766
2012-11-01,65.5199966430664,64.11000061035156,64.62000274658203,65.2699966430664,364500.0,56.256404876708984
2012-11-02,65.94999694824219,64.45999908447266,65.72000122070312,64.47000122070312,331000.0,55.566890716552734
2012-11-05,65.31999969482422,63.34000015258789,63.93000030517578,65.31999969482422,528800.0,56.299495697021484
2012-11-06,66.22000122070312,63.02000045776367,65.11000061035156,64.33000183105469,830600.0,55.446224212646484
2012-11-07,63.90999984741211,62.08000183105469,63.90999984741211,63.34000015258789,704600.0,54.592926025390625
2012-11-08,63.63999938964844,62.47999954223633,63.63999938964844,62.540000915527344,461300.0,53.903419494628906
2012-11-09,63.380001068115234,62.43000030517578,62.540000915527344,62.59000015258789,294600.0,53.94650650024414
2012-11-12,63.130001068115234,62.58000183105469,62.7400016784668,62.619998931884766,217300.0,53.972373962402344
2012-11-13,63.119998931884766,62.06999969482422,62.63999938964844,62.15999984741211,295200.0,53.57589340209961
2012-11-14,62.790000915527344,61.5,62.20000076293945,61.630001068115234,521300.0,53.11909484863281
2012-11-15,62.290000915527344,61.4900016784668,61.689998626708984,61.7599983215332,348300.0,53.23112106323242
2012-11-16,62.380001068115234,60.779998779296875,61.72999954223633,61.56999969482422,446100.0,53.06736373901367
2012-11-19,63.290000915527344,61.45000076293945,62.27000045776367,63.27000045776367,326900.0,54.5326042175293
2012-11-20,63.599998474121094,62.709999084472656,62.97999954223633,63.33000183105469,231700.0,54.58433151245117
2012-11-21,63.93000030517578,63.27000045776367,63.34000015258789,63.709999084472656,235400.0,54.91183853149414
2012-11-23,64.4000015258789,63.400001525878906,64.02999877929688,64.33000183105469,119200.0,55.446224212646484
2012-11-26,64.73999786376953,63.630001068115234,63.7599983215332,64.19999694824219,312900.0,55.334171295166016
2012-11-27,64.68000030517578,63.779998779296875,64.20999908447266,64.16999816894531,273800.0,55.30831527709961
2012-11-28,64.62000274658203,63.290000915527344,63.900001525878906,64.56999969482422,348700.0,55.6530647277832
2012-11-29,65.08999633789062,64.33999633789062,64.9000015258789,64.94999694824219,353500.0,55.9805908203125
2012-11-30,65.11000061035156,64.55999755859375,64.77999877929688,65.02999877929688,490800.0,56.04954528808594
2012-12-03,65.70999908447266,64.30000305175781,65.55000305175781,64.5199966430664,298800.0,55.609989166259766
2012-12-04,64.88999938964844,64.26000213623047,64.4800033569336,64.62999725341797,265900.0,55.70479202270508
2012-12-05,64.83999633789062,64.04000091552734,64.58999633789062,64.43000030517578,238800.0,55.53241729736328
2012-12-06,64.70999908447266,64.19000244140625,64.44999694824219,64.69000244140625,162000.0,55.75650405883789
2012-12-07,65.0,64.41000366210938,65.0,64.73999786376953,222500.0,55.79960632324219
2012-12-10,65.5999984741211,64.5199966430664,64.62000274658203,65.37999725341797,462900.0,56.35121536254883
2012-12-11,65.86000061035156,65.0199966430664,65.66000366210938,65.16999816894531,416400.0,56.17021942138672
2012-12-12,66.20999908447266,65.23999786376953,65.72000122070312,65.45999908447266,564000.0,56.42015838623047
2012-12-13,65.62000274658203,65.22000122070312,65.37999725341797,65.43000030517578,323300.0,56.39432144165039
2012-12-14,65.91000366210938,65.41999816894531,65.4800033569336,65.69000244140625,297000.0,56.618412017822266
2012-12-17,66.4000015258789,65.66000366210938,65.79000091552734,66.37999725341797,251500.0,57.21312713623047
2012-12-18,67.19000244140625,66.08999633789062,66.36000061035156,67.05999755859375,369300.0,57.79922866821289
2012-12-19,67.25,66.80000305175781,66.86000061035156,66.83000183105469,382800.0,57.89450454711914
2012-12-20,67.41999816894531,66.47000122070312,66.83000183105469,67.41000366210938,328300.0,58.39696502685547
2012-12-21,67.36000061035156,66.76000213623047,67.0,66.94999694824219,1058400.0,57.99845886230469
2012-12-24,67.4800033569336,66.05999755859375,66.52999877929688,67.30000305175781,134200.0,58.30167770385742
2012-12-26,67.79000091552734,66.98999786376953,67.54000091552734,67.33999633789062,309400.0,58.3363037109375
2012-12-27,67.44000244140625,66.13999938964844,67.30000305175781,67.05999755859375,289700.0,58.09376525878906
2012-12-28,67.11000061035156,65.91000366210938,66.62000274658203,65.95999908447266,325000.0,57.14082717895508
2012-12-31,66.61000061035156,65.73999786376953,65.91000366210938,66.54000091552734,475900.0,57.643272399902344
2013-01-02,68.56999969482422,67.5,67.56999969482422,68.3499984741211,310800.0,59.21127700805664
2013-01-03,68.76000213623047,67.83999633789062,68.48999786376953,68.0999984741211,270700.0,58.99471664428711
2013-01-04,68.45999908447266,67.9800033569336,68.19999694824219,68.2300033569336,358300.0,59.107337951660156
2013-01-07,68.2699966430664,67.81999969482422,67.87999725341797,68.13999938964844,304600.0,59.02936553955078
2013-01-08,68.20999908447266,67.7300033569336,67.97000122070312,68.19000244140625,455700.0,59.07267761230469
2013-01-09,69.02999877929688,68.41000366210938,68.41000366210938,68.63999938964844,351800.0,59.46250915527344
2013-01-10,69.13999938964844,68.26000213623047,69.02999877929688,69.05000305175781,287800.0,59.817684173583984
2013-01-11,69.3499984741211,68.55000305175781,69.3499984741211,68.62999725341797,310900.0,59.453826904296875
2013-01-14,69.08000183105469,68.23999786376953,68.54000091552734,69.04000091552734,201500.0,59.809024810791016
2013-01-15,69.56999969482422,68.62000274658203,68.6500015258789,69.44000244140625,286800.0,60.15553665161133
2013-01-16,69.54000091552734,68.91000366210938,68.91000366210938,69.45999908447266,250100.0,60.17285919189453
2013-01-17,70.2699966430664,69.68000030517578,69.81999969482422,70.08000183105469,238300.0,60.70998001098633
2013-01-18,70.58000183105469,69.61000061035156,69.87999725341797,70.55999755859375,344200.0,61.12577438354492
2013-01-22,70.87999725341797,69.83999633789062,70.69999694824219,70.80999755859375,337400.0,61.34236145019531
2013-01-23,70.81999969482422,70.16000366210938,70.6500015258789,70.29000091552734,328300.0,60.89190673828125
2013-01-24,71.20999908447266,70.26000213623047,70.69000244140625,70.7699966430664,433700.0,61.30771255493164
2013-01-25,71.37000274658203,70.87999725341797,71.05000305175781,71.12999725341797,278200.0,61.61957931518555
2013-01-28,71.27999877929688,70.30999755859375,71.27999877929688,70.51000213623047,312200.0,61.08246612548828
2013-01-29,71.19000244140625,70.51000213623047,70.52999877929688,71.16999816894531,314100.0,61.654212951660156
2013-01-30,71.41999816894531,70.72000122070312,71.16999816894531,70.83999633789062,374700.0,61.368350982666016
2013-01-31,71.19999694824219,70.4000015258789,70.76000213623047,70.43000030517578,1022200.0,61.01317596435547
2013-02-01,71.38999938964844,70.31999969482422,70.76000213623047,71.31999969482422,398700.0,61.784175872802734
2013-02-04,71.22000122070312,70.54000091552734,71.0199966430664,70.7300033569336,317900.0,61.27305603027344
2013-02-05,71.95999908447266,70.66000366210938,71.41000366210938,71.16999816894531,496000.0,61.654212951660156
2013-02-06,71.44000244140625,70.79000091552734,70.79000091552734,71.19000244140625,411800.0,61.67155456542969
2013-02-07,72.87000274658203,69.25,69.7300033569336,72.66000366210938,937700.0,62.94499588012695
2013-02-08,73.9000015258789,72.43000030517578,73.19999694824219,73.5999984741211,623700.0,63.75933837890625
2013-02-11,74.04000091552734,72.83999633789062,73.6500015258789,73.33000183105469,289400.0,63.52544021606445
2013-02-12,73.79000091552734,73.19999694824219,73.51000213623047,73.44000244140625,240900.0,63.6207160949707
2013-02-13,74.44000244140625,73.58000183105469,73.9000015258789,74.16999816894531,292000.0,64.25310516357422
2013-02-14,73.98999786376953,73.30999755859375,73.86000061035156,73.80000305175781,321100.0,63.93260955810547
2013-02-15,74.25,73.54000091552734,73.77999877929688,73.87999725341797,329300.0,64.00190734863281
2013-02-19,74.16000366210938,73.48999786376953,73.83000183105469,73.8499984741211,345400.0,63.97590255737305
2013-02-20,73.69000244140625,72.43000030517578,73.69000244140625,72.44000244140625,447200.0,62.75441360473633
2013-02-21,72.55000305175781,71.43000030517578,72.47000122070312,71.91000366210938,393600.0,62.29530715942383
2013-02-22,72.51000213623047,71.62999725341797,72.0999984741211,72.45999908447266,263400.0,62.771732330322266
2013-02-25,72.86000061035156,70.7300033569336,72.86000061035156,70.7300033569336,324300.0,61.27305603027344
2013-02-26,71.75,70.88999938964844,71.06999969482422,71.62999725341797,279600.0,62.05271911621094
2013-02-27,73.02999877929688,71.63999938964844,71.6500015258789,72.80000305175781,309200.0,63.06629943847656
2013-02-28,73.33999633789062,72.55000305175781,72.88999938964844,72.9800033569336,310400.0,63.22222137451172
2013-03-01,73.37999725341797,72.04000091552734,72.75,73.30000305175781,440900.0,63.499446868896484
2013-03-04,73.55000305175781,72.69999694824219,73.33000183105469,73.33999633789062,331400.0,63.53408432006836
2013-03-05,73.97000122070312,73.19000244140625,73.62999725341797,73.41999816894531,357200.0,63.6034049987793
2013-03-06,73.98999786376953,73.56999969482422,73.58999633789062,73.79000091552734,234200.0,63.92393493652344
2013-03-07,73.98999786376953,73.38999938964844,73.79000091552734,73.66999816894531,182800.0,63.81997299194336
2013-03-08,74.16999816894531,73.62999725341797,73.86000061035156,73.98999786376953,293700.0,64.09718322753906
2013-03-11,75.19000244140625,73.80000305175781,73.80000305175781,75.11000061035156,402000.0,65.06745147705078
2013-03-12,75.0999984741211,74.5199966430664,75.0999984741211,74.79000091552734,295800.0,64.79022216796875
2013-03-13,75.54000091552734,74.5,74.83999633789062,75.41000366210938,305000.0,65.32733154296875
2013-03-14,75.86000061035156,75.1500015258789,75.48999786376953,75.8499984741211,308800.0,65.70848083496094
2013-03-15,76.29000091552734,75.33999633789062,75.4800033569336,76.13999938964844,522500.0,65.95972442626953
2013-03-18,75.8499984741211,75.25,75.4800033569336,75.6500015258789,234900.0,65.53523254394531
2013-03-19,75.79000091552734,74.6500015258789,75.4800033569336,75.44999694824219,397800.0,65.65707397460938
2013-03-20,76.87999725341797,75.6500015258789,75.8499984741211,76.86000061035156,297900.0,66.88404083251953
2013-03-21,77.4000015258789,75.55999755859375,76.93000030517578,75.83999633789062,402000.0,65.99642944335938
2013-03-22,76.37000274658203,75.04000091552734,76.2699966430664,75.44000244140625,417300.0,65.64836120605469
2013-03-25,76.0999984741211,74.91000366210938,75.47000122070312,75.2699966430664,340700.0,65.50041961669922
2013-03-26,75.94000244140625,75.08999633789062,75.58999633789062,75.73999786376953,192300.0,65.90941619873047
2013-03-27,75.44000244140625,74.80000305175781,75.33999633789062,75.4000015258789,224000.0,65.61355590820312
2013-03-28,76.69000244140625,75.2699966430664,75.44999694824219,76.66999816894531,468500.0,66.71871185302734
2013-04-01,76.69000244140625,75.33000183105469,76.3499984741211,75.4800033569336,240200.0,65.68318176269531
2013-04-02,75.91999816894531,75.01000213623047,75.51000213623047,75.30000305175781,258600.0,65.52651977539062
2013-04-03,75.51000213623047,73.9000015258789,75.19000244140625,74.16000366210938,299000.0,64.53450012207031
2013-04-04,74.7699966430664,73.97000122070312,74.3499984741211,74.61000061035156,340200.0,64.92607879638672
2013-04-05,74.06999969482422,73.41999816894531,73.79000091552734,73.7699966430664,310700.0,64.19512176513672
2013-04-08,73.97000122070312,73.08999633789062,73.70999908447266,73.94999694824219,252900.0,64.35176086425781
2013-04-09,74.19999694824219,73.25,74.08000183105469,73.88999938964844,293100.0,64.29954528808594
2013-04-10,75.36000061035156,73.83999633789062,74.13999938964844,75.29000091552734,335100.0,65.51782989501953
2013-04-11,76.30000305175781,74.95999908447266,75.29000091552734,76.05999755859375,272100.0,66.1878662109375
2013-04-12,76.27999877929688,75.01000213623047,75.73999786376953,75.4800033569336,254000.0,65.68318176269531
2013-04-15,75.06999969482422,73.51000213623047,75.06999969482422,73.5199966430664,338700.0,63.977569580078125
2013-04-16,75.19000244140625,73.87000274658203,74.0,75.1500015258789,286100.0,65.39598083496094
2013-04-17,74.66999816894531,73.73999786376953,74.66000366210938,74.44999694824219,231700.0,64.786865234375
2013-04-18,74.77999877929688,73.56999969482422,74.56999969482422,73.8499984741211,156400.0,64.26475524902344
2013-04-19,75.19000244140625,73.94999694824219,74.25,75.05999755859375,397200.0,65.31768035888672
2013-04-22,76.31999969482422,74.12000274658203,75.18000030517578,76.0999984741211,293400.0,66.22270202636719
2013-04-23,77.19999694824219,76.22000122070312,76.37999725341797,77.08999633789062,319700.0,67.08419799804688
2013-04-24,77.30000305175781,76.69000244140625,77.26000213623047,76.83000183105469,274800.0,66.85794067382812
2013-04-25,77.31999969482422,76.55999755859375,77.22000122070312,76.86000061035156,229700.0,66.88404083251953
2013-04-26,76.87999725341797,75.80000305175781,76.87999725341797,75.88999938964844,217700.0,66.03996276855469
2013-04-29,76.7699966430664,75.87999725341797,76.12000274658203,76.48999786376953,215900.0,66.56207275390625
2013-04-30,77.2699966430664,75.94000244140625,76.44999694824219,77.19000244140625,428500.0,67.17121124267578
2013-05-01,77.0,76.19000244140625,77.0,76.20999908447266,240900.0,66.31841278076172
2013-05-02,76.9000015258789,76.04000091552734,76.54000091552734,76.80999755859375,209300.0,66.84053802490234
2013-05-03,78.02999877929688,77.25,77.33999633789062,77.94000244140625,201000.0,67.82388305664062
2013-05-06,78.30999755859375,77.55000305175781,77.76000213623047,78.19000244140625,249700.0,68.04142761230469
2013-05-07,79.66999816894531,74.87999725341797,77.48999786376953,79.45999908447266,276100.0,69.1465835571289
2013-05-08,79.7300033569336,78.56999969482422,79.44999694824219,79.72000122070312,345200.0,69.3728256225586
2013-05-09,79.7699966430664,79.37000274658203,79.51000213623047,79.63999938964844,275200.0,69.30321502685547
2013-05-10,80.22000122070312,79.5,79.69999694824219,80.16999816894531,263800.0,69.76441955566406
2013-05-13,80.36000061035156,79.80000305175781,80.2699966430664,80.06999969482422,213800.0,69.67738342285156
2013-05-14,81.66999816894531,80.12000274658203,80.12000274658203,81.44000244140625,397800.0,70.86959075927734
2013-05-15,81.9800033569336,80.7699966430664,81.08999633789062,81.87000274658203,465900.0,71.24378204345703
2013-05-16,81.83999633789062,81.12000274658203,81.66000366210938,81.19000244140625,209700.0,70.65206146240234
2013-05-17,82.47000122070312,81.2699966430664,81.2699966430664,82.41999816894531,200800.0,71.7223892211914
2013-05-20,82.69999694824219,82.05000305175781,82.45999908447266,82.12999725341797,200100.0,71.47003936767578
2013-05-21,82.80000305175781,81.83999633789062,82.0199966430664,82.31999969482422,187500.0,71.6353759765625
2013-05-22,82.66000366210938,81.12999725341797,82.26000213623047,81.44000244140625,396700.0,70.86959075927734
2013-05-23,82.19000244140625,80.38999938964844,80.66000366210938,81.7300033569336,261600.0,71.1219711303711
2013-05-24,82.25,80.9800033569336,81.36000061035156,81.9800033569336,298100.0,71.33951568603516
2013-05-28,82.75,82.0199966430664,82.7300033569336,82.37000274658203,360700.0,71.67887115478516
2013-05-29,81.9800033569336,81.11000061035156,81.86000061035156,81.61000061035156,203800.0,71.01752471923828
2013-05-30,81.94999694824219,81.0999984741211,81.80000305175781,81.43000030517578,234800.0,70.86089324951172
2013-05-31,81.3499984741211,80.27999877929688,81.0,80.29000091552734,347100.0,69.8688735961914
2013-06-03,80.88999938964844,79.9800033569336,80.58999633789062,80.29000091552734,802000.0,69.8688735961914
2013-06-04,80.70999908447266,79.5999984741211,80.29000091552734,80.22000122070312,412500.0,69.80794525146484
2013-06-05,80.27999877929688,78.31999969482422,79.87999725341797,78.38999938964844,382700.0,68.21546173095703
2013-06-06,78.73999786376953,77.9000015258789,78.44000244140625,78.6500015258789,345300.0,68.44173431396484
2013-06-07,79.95999908447266,78.83999633789062,78.9800033569336,79.68000030517578,308700.0,69.33802795410156
2013-06-10,79.91000366210938,79.30000305175781,79.87999725341797,79.73999786376953,199600.0,69.39022064208984
2013-06-11,79.98999786376953,78.81999969482422,79.27999877929688,78.93000030517578,349400.0,68.68537902832031
2013-06-12,79.66000366210938,78.08000183105469,79.55000305175781,78.22000122070312,258700.0,68.06753540039062
2013-06-13,79.16999816894531,77.62000274658203,78.20999908447266,79.08000183105469,282700.0,68.81590270996094
2013-06-14,79.2300033569336,78.37999725341797,78.44000244140625,78.47000122070312,183700.0,68.28507995605469
2013-06-17,79.76000213623047,78.69000244140625,79.08999633789062,79.51000213623047,447500.0,69.19009399414062
2013-06-18,80.18000030517578,79.70999908447266,79.87999725341797,79.94999694824219,225400.0,69.572998046875
2013-06-19,80.06999969482422,78.94000244140625,80.05000305175781,78.94000244140625,370300.0,68.6940689086914
2013-06-20,78.19000244140625,76.30000305175781,78.08999633789062,76.47000122070312,363100.0,66.54467010498047
2013-06-21,77.30999755859375,76.29000091552734,77.16000366210938,76.5999984741211,529000.0,66.65780639648438
2013-06-24,75.69999694824219,73.0199966430664,75.5,74.93000030517578,533600.0,65.20455169677734
2013-06-25,75.79000091552734,74.69000244140625,75.73999786376953,75.52999877929688,266000.0,66.02627563476562
2013-06-26,76.37999725341797,75.29000091552734,76.12000274658203,75.76000213623047,246900.0,66.22734832763672
2013-06-27,76.52999877929688,75.8499984741211,76.48999786376953,75.9000015258789,355100.0,66.34972381591797
2013-06-28,76.29000091552734,75.16000366210938,75.79000091552734,75.16000366210938,481000.0,65.70282745361328
2013-07-01,78.19000244140625,75.86000061035156,76.16999816894531,77.91000366210938,454700.0,68.10682678222656
2013-07-02,78.01000213623047,77.02999877929688,77.73999786376953,77.72000122070312,388400.0,67.94070434570312
2013-07-03,77.91000366210938,77.20999908447266,77.56999969482422,77.31999969482422,237100.0,67.59104919433594
2013-07-05,78.94999694824219,77.7699966430664,77.7699966430664,78.87000274658203,257200.0,68.9460220336914
2013-07-08,79.5,78.80999755859375,79.29000091552734,79.18000030517578,292000.0,69.21703338623047
2013-07-09,79.9000015258789,79.25,79.72000122070312,79.58000183105469,308900.0,69.56668853759766
2013-07-10,80.12999725341797,79.3499984741211,79.6500015258789,79.98999786376953,400200.0,69.92507934570312
2013-07-11,81.44999694824219,80.16999816894531,81.01000213623047,80.4000015258789,278400.0,70.28351593017578
2013-07-12,80.48999786376953,79.8499984741211,80.25,80.16000366210938,329500.0,70.07369995117188
2013-07-15,80.41000366210938,79.79000091552734,80.1500015258789,79.94999694824219,197700.0,69.8901138305664
2013-07-16,80.13999938964844,79.1500015258789,80.13999938964844,79.56999969482422,258700.0,69.55792999267578
2013-07-17,80.25,79.18000030517578,80.0,79.30000305175781,221500.0,69.3219223022461
2013-07-18,79.86000061035156,79.18000030517578,79.30999755859375,79.5199966430664,248900.0,69.51422119140625
2013-07-19,79.91000366210938,79.0,79.5,79.9000015258789,297400.0,69.84640502929688
2013-07-22,80.29000091552734,79.76000213623047,80.01000213623047,79.95999908447266,153500.0,69.89887237548828
2013-07-23,80.19000244140625,78.69999694824219,80.12999725341797,78.97000122070312,380200.0,69.03343200683594
2013-07-24,79.19999694824219,78.51000213623047,79.13999938964844,78.75,336900.0,68.84111022949219
2013-07-25,80.26000213623047,78.63999938964844,78.63999938964844,79.69999694824219,377100.0,69.67156219482422
2013-07-26,79.48999786376953,78.73999786376953,79.20999908447266,79.33999633789062,215900.0,69.35686492919922
2013-07-29,80.11000061035156,79.13999938964844,79.1500015258789,79.93000030517578,264700.0,69.87265014648438
2013-07-30,80.5,79.66000366210938,79.87999725341797,80.29000091552734,390700.0,70.18734741210938
2013-07-31,81.41999816894531,80.23999786376953,80.6500015258789,80.68000030517578,312500.0,70.52826690673828
2013-08-01,82.88999938964844,80.9800033569336,80.9800033569336,81.91999816894531,333800.0,71.61224365234375
2013-08-02,82.12999725341797,81.23999786376953,81.73999786376953,81.68000030517578,332600.0,71.40243530273438
2013-08-05,82.80000305175781,81.33000183105469,81.4800033569336,82.7699966430664,328100.0,72.35527038574219
2013-08-06,84.98999786376953,82.29000091552734,84.98999786376953,83.2300033569336,386500.0,72.75741577148438
2013-08-07,83.66999816894531,82.9800033569336,83.19999694824219,83.22000122070312,373800.0,72.74866485595703
2013-08-08,84.52999877929688,83.68000030517578,83.70999908447266,84.12000274658203,379000.0,73.535400390625
2013-08-09,84.58999633789062,83.27999877929688,84.18000030517578,83.55999755859375,267400.0,73.04586791992188
2013-08-12,83.83000183105469,83.11000061035156,83.29000091552734,83.58000183105469,299800.0,73.06336975097656
2013-08-13,83.76000213623047,83.0199966430664,83.63999938964844,83.5999984741211,311400.0,73.08084869384766
2013-08-14,83.93000030517578,82.83000183105469,83.5199966430664,83.04000091552734,271900.0,72.59131622314453
2013-08-15,82.36000061035156,81.38999938964844,82.20999908447266,82.26000213623047,277900.0,71.90946960449219
2013-08-16,82.52999877929688,81.6500015258789,82.0,82.19999694824219,304900.0,71.85700988769531
2013-08-19,82.72000122070312,81.27999877929688,81.95999908447266,81.38999938964844,157400.0,71.14891815185547
2013-08-20,82.43000030517578,81.33000183105469,81.38999938964844,82.0999984741211,235900.0,71.76957702636719
2013-08-21,82.27999877929688,81.04000091552734,81.95999908447266,81.1500015258789,179100.0,70.93912506103516
2013-08-22,81.94999694824219,81.13999938964844,81.25,81.73999786376953,163600.0,71.45491027832031
2013-08-23,82.30999755859375,81.0,81.81999969482422,81.5199966430664,239300.0,71.26256561279297
2013-08-26,82.30000305175781,81.44999694824219,81.62000274658203,81.55999755859375,142600.0,71.29754638671875
2013-08-27,81.30000305175781,79.87000274658203,80.91000366210938,79.9000015258789,136400.0,69.84640502929688
2013-08-28,80.08000183105469,79.5199966430664,80.0,79.62000274658203,198900.0,69.60165405273438
2013-08-29,79.9800033569336,79.30000305175781,79.61000061035156,79.47000122070312,258500.0,69.47052001953125
2013-08-30,79.94999694824219,78.77999877929688,79.66000366210938,79.01000213623047,299900.0,69.06838989257812
2013-09-03,81.0199966430664,78.93000030517578,80.0199966430664,79.38999938964844,250400.0,69.40058898925781
2013-09-04,80.44999694824219,79.29000091552734,79.31999969482422,80.33999633789062,176500.0,70.2310562133789
2013-09-05,80.88999938964844,79.48999786376953,80.26000213623047,79.80000305175781,340000.0,69.75899505615234
2013-09-06,80.41999816894531,78.75,79.98999786376953,78.80999755859375,259800.0,68.89353942871094
2013-09-09,80.26000213623047,79.0,79.20999908447266,79.73999786376953,215500.0,69.7065200805664
2013-09-10,80.91999816894531,80.04000091552734,80.0999984741211,80.27999877929688,251600.0,70.17860412597656
2013-09-11,80.80000305175781,79.80000305175781,80.2699966430664,80.7699966430664,285500.0,70.60691833496094
2013-09-12,81.80000305175781,80.62999725341797,80.87000274658203,80.87000274658203,397800.0,70.6943588256836
2013-09-13,82.23999786376953,80.68000030517578,80.68000030517578,81.98999786376953,286400.0,71.67342376708984
2013-09-16,83.38999938964844,82.54000091552734,83.37000274658203,82.91000366210938,202100.0,72.47771453857422
2013-09-17,82.93000030517578,82.37000274658203,82.91000366210938,82.6500015258789,185900.0,72.25037384033203
2013-09-18,84.20999908447266,82.30000305175781,82.79000091552734,84.19000244140625,290300.0,73.59660339355469
2013-09-19,84.87000274658203,83.58000183105469,84.29000091552734,83.91000366210938,213300.0,73.35184478759766
2013-09-20,84.11000061035156,83.0999984741211,83.69000244140625,83.12999725341797,292100.0,72.67000579833984
2013-09-23,83.30999755859375,82.51000213623047,83.22000122070312,82.51000213623047,154500.0,72.12800598144531
2013-09-24,83.58000183105469,81.9000015258789,82.37000274658203,82.63999938964844,258400.0,72.58474731445312
2013-09-25,83.05000305175781,81.68000030517578,82.66000366210938,82.08000183105469,255800.0,72.09288787841797
2013-09-26,83.05999755859375,81.5,82.56999969482422,81.94999694824219,293900.0,71.97867584228516
2013-09-27,82.12999725341797,81.55000305175781,81.73999786376953,81.5999984741211,257300.0,71.6712875366211
2013-09-30,82.37000274658203,81.12999725341797,81.18000030517578,82.30000305175781,248700.0,72.28612518310547
2013-10-01,83.16000366210938,81.97000122070312,82.31999969482422,82.62000274658203,276500.0,72.56717681884766
2013-10-02,82.41000366210938,81.55000305175781,82.18000030517578,82.12000274658203,245500.0,72.12801361083984
2013-10-03,82.06999969482422,80.88999938964844,81.76000213623047,81.7699966430664,395400.0,71.82059478759766
2013-10-04,83.33000183105469,81.76000213623047,82.08999633789062,82.97000122070312,254400.0,72.87456512451172
2013-10-07,82.72000122070312,81.37000274658203,82.31999969482422,81.41000366210938,279500.0,71.50439453125
2013-10-08,81.43000030517578,79.88999938964844,81.23999786376953,79.97000122070312,265500.0,70.2396011352539
2013-10-09,80.7699966430664,79.58999633789062,80.31999969482422,80.16000366210938,182600.0,70.40647888183594
2013-10-10,81.56999969482422,80.47000122070312,81.22000122070312,81.1500015258789,227300.0,71.27603149414062
2013-10-11,81.66999816894531,80.7699966430664,81.1500015258789,81.08000183105469,275300.0,71.21456909179688
2013-10-14,81.54000091552734,80.45999908447266,80.75,81.31999969482422,172200.0,71.42532348632812
2013-10-15,81.9000015258789,80.04000091552734,81.27999877929688,80.22000122070312,288700.0,70.45919799804688
2013-10-16,81.62000274658203,80.5999984741211,80.87999725341797,81.11000061035156,236200.0,71.24089813232422
2013-10-17,82.97000122070312,80.8499984741211,80.93000030517578,82.81999969482422,289200.0,72.74284362792969
2013-10-18,83.30999755859375,82.16999816894531,83.20999908447266,82.33999633789062,281700.0,72.32124328613281
2013-10-21,82.69999694824219,82.05000305175781,82.22000122070312,82.20999908447266,172000.0,72.2070541381836
2013-10-22,82.9000015258789,82.41999816894531,82.5,82.52999877929688,358800.0,72.48812103271484
2013-10-23,82.6500015258789,82.12000274658203,82.27999877929688,82.29000091552734,173500.0,72.27734375
2013-10-24,83.20999908447266,82.16000366210938,82.62999725341797,82.51000213623047,167600.0,72.47053527832031
2013-10-25,82.73999786376953,81.56999969482422,82.73999786376953,81.81999969482422,332300.0,71.86448669433594
2013-10-28,82.83000183105469,81.70999908447266,82.0,82.72000122070312,286100.0,72.65499877929688
2013-10-29,83.62999725341797,82.75,82.80000305175781,83.5,314100.0,73.34008026123047
2013-10-30,84.08000183105469,82.87000274658203,83.44999694824219,83.02999877929688,221800.0,72.9272689819336
2013-10-31,83.31999969482422,82.20999908447266,82.8499984741211,82.6500015258789,416500.0,72.59352111816406
2013-11-01,83.18000030517578,82.18000030517578,83.0999984741211,82.87000274658203,363500.0,72.78677368164062
2013-11-04,83.63999938964844,82.79000091552734,82.93000030517578,83.5199966430664,356400.0,73.35765075683594
2013-11-05,85.05000305175781,82.06999969482422,82.88999938964844,84.22000122070312,583600.0,73.97248077392578
2013-11-06,86.72000122070312,84.30000305175781,84.69000244140625,86.69999694824219,542400.0,76.1507339477539
2013-11-07,87.05000305175781,85.0199966430664,86.44000244140625,85.12999725341797,365100.0,74.7717514038086
2013-11-08,86.9800033569336,84.97000122070312,85.25,86.94000244140625,417300.0,76.36154174804688
2013-11-11,87.41000366210938,86.61000061035156,86.75,87.23999786376953,248500.0,76.62501525878906
2013-11-12,87.68000030517578,86.94000244140625,87.08000183105469,87.51000213623047,321300.0,76.86219024658203
2013-11-13,88.83999633789062,87.30000305175781,87.30999755859375,88.81999969482422,349300.0,78.01277923583984
2013-11-14,90.02999877929688,88.80999755859375,89.13999938964844,89.88999938964844,548800.0,78.95258331298828
2013-11-15,90.30000305175781,88.58000183105469,89.91000366210938,88.58000183105469,1315800.0,77.80198669433594
2013-11-18,89.13999938964844,88.26000213623047,88.91000366210938,88.55999755859375,371400.0,77.7844009399414
2013-11-19,89.06999969482422,88.22000122070312,88.58000183105469,88.5999984741211,263800.0,77.81954193115234
2013-11-20,89.05000305175781,88.05000305175781,88.62999725341797,88.20999908447266,287600.0,77.47698974609375
2013-11-21,88.9000015258789,88.05999755859375,88.58999633789062,88.33000183105469,257800.0,77.5823974609375
2013-11-22,88.80999755859375,87.86000061035156,88.55999755859375,88.41999816894531,286100.0,77.66143035888672
2013-11-25,88.9800033569336,87.7300033569336,88.80000305175781,88.05000305175781,261700.0,77.33648681640625
2013-11-26,88.9800033569336,88.05999755859375,88.9800033569336,88.25,327500.0,77.51212310791016
2013-11-27,88.69999694824219,88.0,88.23999786376953,88.41999816894531,219800.0,77.66143035888672
2013-11-29,88.9800033569336,88.26000213623047,88.81999969482422,88.3499984741211,202500.0,77.59996032714844
2013-12-02,90.08999633789062,87.7699966430664,88.54000091552734,87.87000274658203,286800.0,77.17837524414062
2013-12-03,87.7699966430664,85.44999694824219,87.44000244140625,86.5999984741211,574900.0,76.0628890991211
2013-12-04,86.48999786376953,84.58000183105469,86.12000274658203,85.25,380300.0,74.87715911865234
2013-12-05,85.73999786376953,84.44999694824219,84.69999694824219,84.75,484600.0,74.43798065185547
2013-12-06,86.33000183105469,85.36000061035156,85.75,86.30999755859375,320900.0,75.80819702148438
2013-12-09,86.87000274658203,85.98999786376953,86.45999908447266,86.29000091552734,255600.0,75.7906265258789
2013-12-10,86.43000030517578,85.45999908447266,86.22000122070312,85.95999908447266,275900.0,75.50076293945312
2013-12-11,86.48999786376953,84.91999816894531,86.01000213623047,85.06999969482422,451200.0,74.71906280517578
2013-12-12,85.41000366210938,84.31999969482422,84.94999694824219,84.94000244140625,420800.0,74.60488891601562
2013-12-13,85.58999633789062,84.55999755859375,85.02999877929688,84.69999694824219,335300.0,74.39408111572266
2013-12-16,85.0,83.69000244140625,84.73999786376953,84.19000244140625,616200.0,73.9461441040039
2013-12-17,84.63999938964844,83.51000213623047,84.13999938964844,84.05000305175781,475000.0,73.82318115234375
2013-12-18,85.55999755859375,83.05000305175781,84.05999755859375,85.54000091552734,603000.0,75.1318588256836
2013-12-19,85.58999633789062,84.77999877929688,85.19000244140625,85.0999984741211,706000.0,74.74539947509766
2013-12-20,85.94999694824219,84.8499984741211,85.33999633789062,85.63999938964844,1996100.0,75.21968841552734
2013-12-23,86.58999633789062,85.68000030517578,86.30999755859375,85.75,270400.0,75.31631469726562
2013-12-24,86.36000061035156,85.12999725341797,85.62000274658203,86.06999969482422,94300.0,75.94278717041016
2013-12-26,86.4000015258789,85.69999694824219,86.16999816894531,86.12000274658203,235900.0,75.98690795898438
2013-12-27,86.41999816894531,85.83000183105469,86.4000015258789,85.94000244140625,180300.0,75.82808685302734
2013-12-30,86.43000030517578,85.9000015258789,86.0199966430664,85.98999786376953,368000.0,75.87220001220703
2013-12-31,86.27999877929688,85.66999816894531,85.9000015258789,85.9800033569336,292900.0,75.86337280273438
2014-01-02,86.5,85.47000122070312,85.9800033569336,85.6500015258789,346600.0,75.57218933105469
2014-01-03,86.16999816894531,85.54000091552734,85.79000091552734,85.91999816894531,390200.0,75.81044006347656
2014-01-06,86.5,85.33000183105469,86.20999908447266,85.37000274658203,449100.0,75.32513427734375
2014-01-07,85.98999786376953,85.12999725341797,85.51000213623047,85.44999694824219,423900.0,75.3957290649414
2014-01-08,85.68000030517578,84.66999816894531,85.41999816894531,84.87000274658203,489500.0,74.88397979736328
2014-01-09,85.31999969482422,84.56999969482422,85.27999877929688,85.06999969482422,432100.0,75.0604476928711
2014-01-10,86.04000091552734,85.16999816894531,85.2699966430664,85.70999908447266,314800.0,75.6251449584961
2014-01-13,85.87999725341797,84.61000061035156,85.55000305175781,84.79000091552734,294000.0,74.8133773803711
2014-01-14,86.0,84.55999755859375,85.01000213623047,85.86000061035156,269000.0,75.75748443603516
2014-01-15,86.33000183105469,85.7699966430664,85.83999633789062,86.27999877929688,297800.0,76.12808227539062
2014-01-16,87.19000244140625,85.5,86.19000244140625,86.87000274658203,344000.0,76.64865112304688
2014-01-17,87.37000274658203,86.33999633789062,87.08999633789062,87.0199966430664,408400.0,76.78099822998047
2014-01-21,88.01000213623047,86.73999786376953,87.45999908447266,87.41999816894531,367000.0,77.13394165039062
2014-01-22,87.7699966430664,87.05000305175781,87.45999908447266,87.30999755859375,397900.0,77.03687286376953
2014-01-23,87.22000122070312,85.88999938964844,86.55999755859375,86.3499984741211,306800.0,76.1898422241211
2014-01-24,86.13999938964844,85.0,85.9000015258789,85.0,516500.0,74.99869537353516
2014-01-27,85.41999816894531,84.51000213623047,84.87999725341797,85.05999755859375,720100.0,75.05162811279297
2014-01-28,87.45999908447266,85.68000030517578,85.68000030517578,87.19999694824219,512500.0,76.9398422241211
2014-01-29,86.7699966430664,85.5199966430664,86.54000091552734,85.83999633789062,551300.0,75.7398452758789
2014-01-30,87.80000305175781,86.19999694824219,86.29000091552734,87.30000305175781,442200.0,77.02803802490234
2014-01-31,87.11000061035156,85.80000305175781,86.13999938964844,86.68000030517578,443700.0,76.48100280761719
2014-02-03,87.13999938964844,83.9800033569336,86.43000030517578,84.04000091552734,402300.0,74.1516342163086
2014-02-04,84.52999877929688,83.58999633789062,84.33000183105469,83.83999633789062,448800.0,73.97516632080078
2014-02-05,85.0,82.91000366210938,83.5,84.6500015258789,375100.0,74.68984985351562
2014-02-06,86.06999969482422,84.58999633789062,84.7300033569336,85.93000030517578,317000.0,75.81924438476562
2014-02-07,87.04000091552734,86.2300033569336,86.38999938964844,86.91000366210938,259000.0,76.6839370727539
2014-02-10,87.79000091552734,86.52999877929688,86.80999755859375,87.7699966430664,301500.0,77.4427490234375
2014-02-11,88.80999755859375,87.70999908447266,88.02999877929688,88.56999969482422,294400.0,78.14862823486328
2014-02-12,88.91000366210938,87.62000274658203,88.58000183105469,88.11000061035156,582700.0,77.74274444580078
2014-02-13,90.66999816894531,87.56999969482422,88.6500015258789,90.55999755859375,630100.0,79.90447235107422
2014-02-14,92.04000091552734,90.6500015258789,91.08999633789062,91.73999786376953,386500.0,80.94564056396484
2014-02-18,92.5999984741211,91.61000061035156,92.02999877929688,92.54000091552734,449000.0,81.65149688720703
2014-02-19,93.29000091552734,91.44999694824219,92.33000183105469,91.51000213623047,384500.0,80.74268341064453
2014-02-20,92.08999633789062,90.94999694824219,91.6500015258789,91.97000122070312,405100.0,81.14859008789062
2014-02-21,92.62999725341797,91.3499984741211,92.25,91.38999938964844,386300.0,80.6368179321289
2014-02-24,92.1500015258789,91.37000274658203,91.52999877929688,91.44000244140625,276800.0,80.68094635009766
2014-02-25,92.41999816894531,91.23999786376953,91.38999938964844,91.70999908447266,422700.0,80.91915893554688
2014-02-26,93.55999755859375,91.94000244140625,91.94000244140625,93.30999755859375,584600.0,82.33090209960938
2014-02-27,93.5,92.87000274658203,93.16999816894531,93.18000030517578,372200.0,82.21622467041016
2014-02-28,94.30999755859375,93.0999984741211,93.38999938964844,93.79000091552734,505900.0,82.7544174194336
2014-03-03,97.91000366210938,93.20999908447266,93.69999694824219,94.0,602800.0,82.93971252441406
2014-03-04,96.05000305175781,94.11000061035156,95.0,95.9800033569336,571000.0,84.68675231933594
2014-03-05,96.01000213623047,94.94000244140625,95.79000091552734,95.27999877929688,496600.0,84.06912994384766
2014-03-06,95.81999969482422,94.94999694824219,95.58000183105469,95.2300033569336,405800.0,84.02499389648438
2014-03-07,95.62999725341797,94.88999938964844,95.58000183105469,95.30000305175781,368700.0,84.08676147460938
2014-03-10,95.72000122070312,94.66000366210938,95.37000274658203,95.27999877929688,299600.0,84.06912994384766
2014-03-11,96.43000030517578,94.18000030517578,95.63999938964844,94.27999877929688,396300.0,83.186767578125
2014-03-12,94.33999633789062,93.7300033569336,93.93000030517578,94.05999755859375,396400.0,82.9926528930664
2014-03-13,94.81999969482422,92.62999725341797,94.37000274658203,92.73999786376953,469600.0,81.82797241210938
2014-03-14,93.55999755859375,92.69999694824219,92.77999877929688,92.83999633789062,484800.0,81.91619873046875
2014-03-17,94.1500015258789,93.02999877929688,93.30999755859375,93.54000091552734,350700.0,82.5338363647461
2014-03-18,93.93000030517578,93.19999694824219,93.7300033569336,93.56999969482422,252100.0,82.56031036376953
2014-03-19,93.80999755859375,92.30999755859375,93.5999984741211,92.72000122070312,255700.0,81.81033325195312
2014-03-20,93.27999877929688,92.27999877929688,92.55000305175781,93.25,517500.0,82.2779541015625
2014-03-21,94.19000244140625,93.41000366210938,94.05999755859375,93.7699966430664,769900.0,82.73678588867188
2014-03-24,94.75,92.38999938964844,94.30999755859375,92.80999755859375,296900.0,81.88971710205078
2014-03-25,93.45999908447266,92.58000183105469,92.9800033569336,93.36000061035156,493900.0,82.7226333618164
2014-03-26,93.95999908447266,92.58999633789062,93.58000183105469,92.58999633789062,398700.0,82.04037475585938
2014-03-27,93.51000213623047,92.22000122070312,92.69000244140625,93.19999694824219,438500.0,82.58085632324219
2014-03-28,94.5,93.2699966430664,93.29000091552734,94.13999938964844,349500.0,83.41374969482422
2014-03-31,95.76000213623047,94.69999694824219,94.80999755859375,95.66999816894531,513500.0,84.7694320678711
2014-04-01,96.4800033569336,95.43000030517578,95.7300033569336,96.41000366210938,430000.0,85.42511749267578
2014-04-02,96.5999984741211,96.12999725341797,96.51000213623047,96.43000030517578,707200.0,85.44284057617188
2014-04-03,97.02999877929688,96.08000183105469,96.66000366210938,96.77999877929688,612000.0,85.75297546386719
2014-04-04,97.41000366210938,94.54000091552734,97.12000274658203,94.8499984741211,439700.0,84.04283905029297
2014-04-07,95.16999816894531,93.20999908447266,94.83000183105469,93.48999786376953,746700.0,82.83781433105469
2014-04-08,93.55999755859375,92.16999816894531,93.2300033569336,93.0999984741211,619100.0,82.49226379394531
2014-04-09,94.47000122070312,92.9000015258789,93.19999694824219,94.33000183105469,409300.0,83.58209991455078
2014-04-10,94.5,92.0999984741211,94.44999694824219,92.0999984741211,339800.0,81.60620880126953
2014-04-11,92.2300033569336,91.30999755859375,91.63999938964844,91.55000305175781,460500.0,81.11885833740234
2014-04-14,92.69999694824219,91.94999694824219,92.12000274658203,92.4800033569336,303800.0,81.94290924072266
2014-04-15,93.41000366210938,92.0999984741211,92.51000213623047,93.19999694824219,520300.0,82.58085632324219
2014-04-16,94.7699966430664,93.54000091552734,93.76000213623047,94.37999725341797,375800.0,83.62640380859375
2014-04-17,95.30999755859375,94.6500015258789,94.66999816894531,95.13999938964844,377300.0,84.29981231689453
2014-04-21,95.16000366210938,94.44999694824219,95.0199966430664,95.1500015258789,284800.0,84.30867004394531
2014-04-22,96.20999908447266,95.26000213623047,95.26000213623047,95.81999969482422,327900.0,84.90234375
2014-04-23,96.04000091552734,95.56999969482422,95.76000213623047,95.91000366210938,326000.0,84.98208618164062
2014-04-24,96.55000305175781,95.37000274658203,96.30999755859375,95.68000030517578,269100.0,84.77828979492188
2014-04-25,95.7300033569336,94.83999633789062,95.2699966430664,95.22000122070312,361200.0,84.3707046508789
2014-04-28,95.7699966430664,94.69999694824219,95.44000244140625,95.48999786376953,678400.0,84.60994720458984
2014-04-29,96.97000122070312,95.93000030517578,95.93000030517578,96.80999755859375,435500.0,85.77953338623047
2014-04-30,98.55999755859375,96.22000122070312,96.52999877929688,98.5199966430664,611200.0,87.29470825195312
2014-05-01,98.9800033569336,98.05000305175781,98.69000244140625,98.27999877929688,428700.0,87.0820541381836
2014-05-02,98.62000274658203,97.47000122070312,98.22000122070312,97.66999816894531,620400.0,86.54155731201172
2014-05-05,97.97000122070312,96.9000015258789,97.3499984741211,97.83999633789062,385100.0,86.69218444824219
2014-05-06,98.2300033569336,97.13999938964844,98.0999984741211,98.05999755859375,484900.0,86.88712310791016
2014-05-07,100.0,98.0,98.02999877929688,100.0,455200.0,88.60607147216797
2014-05-08,100.93000030517578,98.55999755859375,99.76000213623047,99.0,378500.0,87.72002410888672
2014-05-09,99.04000091552734,98.1500015258789,98.8499984741211,98.30999755859375,472100.0,87.10862731933594
2014-05-12,99.25,98.3499984741211,98.87999725341797,98.69999694824219,466600.0,87.45419311523438
2014-05-13,99.22000122070312,98.01000213623047,98.9800033569336,98.19999694824219,333400.0,87.01116943359375
2014-05-14,98.19000244140625,97.16000366210938,98.12999725341797,97.26000213623047,375300.0,86.17829132080078
2014-05-15,97.2300033569336,95.51000213623047,97.13999938964844,96.2699966430664,470000.0,85.30108642578125
2014-05-16,97.38999938964844,96.16999816894531,96.37000274658203,97.3499984741211,342000.0,86.25802612304688
2014-05-19,98.0999984741211,97.0999984741211,97.19000244140625,97.93000030517578,234500.0,86.77194213867188
2014-05-20,98.0,96.58999633789062,97.93000030517578,96.94000244140625,270800.0,85.89473724365234
2014-05-21,98.41999816894531,97.20999908447266,97.20999908447266,98.0999984741211,273600.0,86.92256164550781
2014-05-22,98.55000305175781,97.7699966430664,97.95999908447266,98.05999755859375,198700.0,86.88712310791016
2014-05-23,98.91999816894531,97.80000305175781,98.0,98.86000061035156,157700.0,87.5959701538086
2014-05-27,99.37999725341797,98.23999786376953,99.08000183105469,98.62999725341797,261100.0,87.39217376708984
2014-05-28,98.91999816894531,98.29000091552734,98.30999755859375,98.63999938964844,242400.0,87.40103149414062
2014-05-29,99.0,98.16999816894531,98.79000091552734,98.94999694824219,268700.0,87.67571258544922
2014-05-30,100.2300033569336,98.83000183105469,98.83000183105469,99.26000213623047,628600.0,87.95040130615234
2014-06-02,100.19999694824219,99.20999908447266,99.44999694824219,99.75,416600.0,88.38455963134766
2014-06-03,100.58000183105469,99.33999633789062,99.75,99.75,305200.0,88.38455963134766
2014-06-04,100.69999694824219,99.43000030517578,99.86000061035156,100.5999984741211,417500.0,89.13771057128906
2014-06-05,100.91000366210938,99.79000091552734,100.55000305175781,100.44999694824219,229000.0,89.00480651855469
2014-06-06,100.86000061035156,100.1500015258789,100.5,100.86000061035156,299700.0,89.36808776855469
2014-06-09,101.7300033569336,100.73999786376953,100.86000061035156,101.66000366210938,316100.0,90.07695007324219
2014-06-10,101.80999755859375,101.30999755859375,101.62999725341797,101.7699966430664,236100.0,90.17442321777344
2014-06-11,102.0,101.19000244140625,101.41999816894531,101.8499984741211,221000.0,90.24529266357422
2014-06-12,101.83000183105469,101.04000091552734,101.58999633789062,101.12000274658203,294300.0,89.59845733642578
2014-06-13,101.29000091552734,100.62999725341797,101.13999938964844,100.79000091552734,270800.0,89.30606842041016
2014-06-16,101.33999633789062,100.11000061035156,100.79000091552734,100.3499984741211,525200.0,88.91619873046875
2014-06-17,101.1500015258789,99.95999908447266,100.55000305175781,100.94000244140625,230900.0,89.43898010253906
2014-06-18,102.97000122070312,100.7300033569336,101.06999969482422,102.94000244140625,501800.0,91.21109771728516
2014-06-19,103.11000061035156,102.2699966430664,102.94999694824219,102.75,315000.0,91.0427474975586
2014-06-20,105.61000061035156,101.75,103.45999908447266,104.80999755859375,837900.0,92.86803436279297
2014-06-23,105.33000183105469,103.79000091552734,104.95999908447266,104.11000061035156,329700.0,92.24779510498047
2014-06-24,103.98999786376953,103.0999984741211,103.6500015258789,103.1500015258789,303100.0,91.7408447265625
2014-06-25,104.02999877929688,103.16999816894531,103.29000091552734,103.83999633789062,351800.0,92.35450744628906
2014-06-26,103.86000061035156,102.80000305175781,103.68000030517578,103.51000213623047,192700.0,92.06101989746094
2014-06-27,104.44000244140625,102.79000091552734,102.83999633789062,104.37000274658203,282600.0,92.82588958740234
2014-06-30,104.76000213623047,103.4800033569336,104.55000305175781,104.27999877929688,309800.0,92.74583435058594
2014-07-01,105.37000274658203,104.19000244140625,104.7300033569336,105.12000274658203,331300.0,93.49293518066406
2014-07-02,105.3499984741211,104.5999984741211,104.91000366210938,105.05000305175781,263500.0,93.43067169189453
2014-07-03,105.66000366210938,105.16999816894531,105.23999786376953,105.43000030517578,250900.0,93.76866149902344
2014-07-07,105.83999633789062,105.04000091552734,105.58999633789062,105.27999877929688,557800.0,93.63523864746094
2014-07-08,105.37000274658203,104.3499984741211,105.3499984741211,104.5,382800.0,92.94151306152344
2014-07-09,105.19999694824219,104.16000366210938,104.9800033569336,104.37999725341797,313300.0,92.83477783203125
2014-07-10,104.25,103.23999786376953,103.51000213623047,103.93000030517578,243500.0,92.43453979492188
2014-07-11,104.43000030517578,103.83999633789062,103.93000030517578,104.25,255400.0,92.71915435791016
2014-07-14,104.69999694824219,104.27999877929688,104.62000274658203,104.51000213623047,259300.0,92.95039367675781
2014-07-15,105.06999969482422,104.08999633789062,104.79000091552734,104.30000305175781,289100.0,92.76364135742188
2014-07-16,104.58999633789062,103.93000030517578,104.58999633789062,104.23999786376953,403400.0,92.71026611328125
2014-07-17,104.4000015258789,103.25,103.88999938964844,103.41999816894531,306500.0,91.98098754882812
2014-07-18,104.44999694824219,103.2300033569336,103.76000213623047,104.29000091552734,306000.0,92.75475311279297
2014-07-21,104.47000122070312,103.2699966430664,103.9800033569336,103.80999755859375,282400.0,92.32783508300781
2014-07-22,105.06999969482422,103.66999816894531,104.08999633789062,104.08999633789062,618500.0,92.57685852050781
2014-07-23,104.1500015258789,103.48999786376953,104.1500015258789,103.91000366210938,691000.0,92.41677856445312
2014-07-24,104.44999694824219,103.63999938964844,104.1500015258789,103.8499984741211,297800.0,92.36341857910156
2014-07-25,104.02999877929688,103.30999755859375,103.80000305175781,103.80999755859375,359800.0,92.32783508300781
2014-07-28,104.41000366210938,103.19999694824219,103.70999908447266,104.05999755859375,310700.0,92.5501708984375
2014-07-29,104.31999969482422,102.94000244140625,103.98999786376953,102.9800033569336,289400.0,91.58964538574219
2014-07-30,103.58999633789062,102.66999816894531,103.44000244140625,103.20999908447266,388900.0,91.794189453125
2014-07-31,103.20999908447266,100.95999908447266,102.76000213623047,100.98999786376953,439800.0,89.81974029541016
2014-08-01,101.58999633789062,97.51000213623047,100.5999984741211,101.12999725341797,446100.0,89.94425964355469
2014-08-04,102.0199966430664,100.48999786376953,101.55999755859375,101.93000030517578,372100.0,90.65579223632812
2014-08-05,98.94000244140625,96.2300033569336,98.0,96.4800033569336,1082700.0,85.80858612060547
2014-08-06,98.27999877929688,96.0999984741211,96.20999908447266,98.05000305175781,705900.0,87.20494842529297
2014-08-07,98.45999908447266,97.19000244140625,98.33999633789062,97.61000061035156,653900.0,86.81360626220703
2014-08-08,98.77999877929688,97.31999969482422,97.9000015258789,98.7300033569336,401000.0,87.80973052978516
2014-08-11,99.37000274658203,98.44000244140625,98.83999633789062,98.58000183105469,390900.0,87.67632293701172
2014-08-12,99.62999725341797,98.38999938964844,98.68000030517578,99.44999694824219,407700.0,88.45008087158203
2014-08-13,100.70999908447266,99.56999969482422,100.26000213623047,100.55000305175781,354800.0,89.42840576171875
2014-08-14,100.94000244140625,100.11000061035156,100.45999908447266,100.48999786376953,241900.0,89.37504577636719
2014-08-15,100.98999786376953,99.36000061035156,100.83999633789062,100.01000213623047,463400.0,88.94815826416016
2014-08-18,101.19999694824219,100.26000213623047,100.6500015258789,100.87999725341797,310800.0,89.72190856933594
2014-08-19,101.66999816894531,101.04000091552734,101.3499984741211,101.58999633789062,346400.0,90.35338592529297
2014-08-20,101.76000213623047,100.47000122070312,101.58999633789062,100.87000274658203,354300.0,89.71302032470703
2014-08-21,101.80999755859375,100.72000122070312,101.08000183105469,101.2699966430664,327800.0,90.06877899169922
2014-08-22,101.62000274658203,100.75,101.18000030517578,100.77999877929688,274200.0,89.63299560546875
2014-08-25,101.37999725341797,100.61000061035156,100.95999908447266,100.86000061035156,461800.0,89.70413208007812
2014-08-26,101.27999877929688,100.61000061035156,101.16000366210938,100.70999908447266,418600.0,89.57070922851562
2014-08-27,101.22000122070312,100.08000183105469,101.19999694824219,100.72000122070312,344000.0,89.5796127319336
2014-08-28,101.55999755859375,100.16000366210938,100.44999694824219,101.25,291400.0,90.05099487304688
2014-08-29,102.0,101.08000183105469,101.4800033569336,101.58999633789062,258700.0,90.35338592529297
2014-09-02,102.08000183105469,100.4800033569336,101.5999984741211,101.33999633789062,405300.0,90.13102722167969
2014-09-03,102.0,100.44000244140625,102.0,100.62000274658203,571000.0,89.49067687988281
2014-09-04,101.58999633789062,100.58000183105469,100.62000274658203,101.18000030517578,425000.0,89.98873901367188
2014-09-05,101.41000366210938,100.72000122070312,101.38999938964844,101.38999938964844,416400.0,90.17550659179688
2014-09-08,102.01000213623047,101.27999877929688,101.37999725341797,101.33999633789062,424900.0,90.13102722167969
2014-09-09,101.25,98.8499984741211,100.98999786376953,98.94999694824219,640500.0,88.00537872314453
2014-09-10,99.47000122070312,98.63999938964844,98.93000030517578,99.0199966430664,560700.0,88.06763458251953
2014-09-11,99.37999725341797,98.45999908447266,98.47000122070312,99.12000274658203,310900.0,88.1565933227539
2014-09-12,99.55999755859375,97.94999694824219,99.18000030517578,98.2699966430664,376100.0,87.4006118774414
2014-09-15,98.87000274658203,97.91999816894531,98.19000244140625,98.58000183105469,267700.0,87.67632293701172
2014-09-16,99.56999969482422,98.25,98.4800033569336,99.23999786376953,278100.0,88.26329803466797
2014-09-17,99.91999816894531,98.94999694824219,99.62999725341797,99.37999725341797,341900.0,88.38780212402344
2014-09-18,100.80999755859375,99.69000244140625,99.73999786376953,100.6500015258789,492100.0,89.51737976074219
2014-09-19,101.33000183105469,100.22000122070312,101.08000183105469,100.7300033569336,903300.0,89.5885009765625
2014-09-22,100.98999786376953,99.29000091552734,100.5999984741211,99.44999694824219,464300.0,88.45008087158203
2014-09-23,99.06999969482422,97.48999786376953,98.88999938964844,97.5,480200.0,87.12751770019531
2014-09-24,97.77999877929688,97.02999877929688,97.38999938964844,97.48999786376953,574600.0,87.11858367919922
2014-09-25,97.16999816894531,95.52999877929688,97.16999816894531,95.62999725341797,462700.0,85.45647430419922
2014-09-26,96.81999969482422,95.51000213623047,95.70999908447266,96.79000091552734,415500.0,86.4930648803711
2014-09-29,96.9800033569336,95.81999969482422,95.86000061035156,96.76000213623047,398600.0,86.46626281738281
2014-09-30,97.01000213623047,95.63999938964844,96.72000122070312,95.87999725341797,463100.0,85.67986297607422
2014-10-01,95.7300033569336,94.08999633789062,95.7300033569336,94.12999725341797,530800.0,84.11605072021484
2014-10-02,94.83000183105469,93.04000091552734,94.02999877929688,94.69999694824219,407500.0,84.6253890991211
2014-10-03,95.41000366210938,94.88999938964844,95.01000213623047,95.11000061035156,419100.0,84.99178314208984
2014-10-06,95.7300033569336,94.29000091552734,95.25,94.52999877929688,426400.0,84.47350311279297
2014-10-07,94.44999694824219,93.18000030517578,94.12000274658203,93.19000244140625,492700.0,83.27605438232422
2014-10-08,94.88999938964844,92.75,93.3499984741211,94.86000061035156,358000.0,84.76839447021484
2014-10-09,94.8499984741211,92.8499984741211,94.79000091552734,93.0999984741211,547700.0,83.19562530517578
2014-10-10,93.47000122070312,92.08999633789062,92.98999786376953,92.93000030517578,724000.0,83.04369354248047
2014-10-13,93.38999938964844,91.63999938964844,93.0,92.02999877929688,893100.0,82.23947143554688
2014-10-14,93.87999725341797,91.86000061035156,92.9000015258789,93.38999938964844,683200.0,83.45476531982422
2014-10-15,94.52999877929688,91.6500015258789,92.27999877929688,94.13999938964844,658800.0,84.12498474121094
2014-10-16,94.9800033569336,92.18000030517578,92.61000061035156,94.63999938964844,502000.0,84.57179260253906
2014-10-17,96.6500015258789,94.98999786376953,95.4000015258789,95.41000366210938,594100.0,85.25985717773438
2014-10-20,96.33999633789062,94.87999725341797,95.33000183105469,96.30999755859375,334900.0,86.06414031982422
2014-10-21,98.30999755859375,96.70999908447266,96.72000122070312,98.30999755859375,450400.0,87.85135650634766
2014-10-22,99.37000274658203,97.66999816894531,98.63999938964844,97.70999908447266,387200.0,87.31519317626953
2014-10-23,98.62000274658203,96.0199966430664,98.62000274658203,96.19000244140625,700400.0,85.95691680908203
2014-10-24,97.4000015258789,96.05999755859375,96.30999755859375,97.30999755859375,377300.0,86.95773315429688
2014-10-27,96.3499984741211,94.93000030517578,96.33000183105469,95.43000030517578,539900.0,85.27774810791016
2014-10-28,98.66999816894531,95.61000061035156,95.61000061035156,98.66999816894531,666700.0,88.17304992675781
2014-10-29,98.73999786376953,95.91999816894531,98.66999816894531,96.5199966430664,1148000.0,86.25177764892578
2014-10-30,97.4000015258789,96.12999725341797,96.38999938964844,97.0,392000.0,86.68073272705078
2014-10-31,99.18000030517578,97.80000305175781,98.36000061035156,99.1500015258789,667700.0,88.60199737548828
2014-11-03,99.79000091552734,97.48999786376953,99.51000213623047,98.16999816894531,552100.0,87.72624969482422
2014-11-04,100.44000244140625,95.45999908447266,96.16999816894531,95.5,700100.0,85.34030151367188
2014-11-05,97.86000061035156,95.6500015258789,95.69999694824219,97.51000213623047,661000.0,87.1364517211914
2014-11-06,99.2699966430664,97.5,97.69999694824219,98.94000244140625,564300.0,88.41433715820312
2014-11-07,99.6500015258789,98.55000305175781,99.11000061035156,98.79000091552734,432400.0,88.28028869628906
2014-11-10,99.47000122070312,98.86000061035156,98.93000030517578,99.29000091552734,364900.0,88.72710418701172
2014-11-11,100.44000244140625,99.27999877929688,99.41999816894531,99.79000091552734,311600.0,89.17390441894531
2014-11-12,100.16999816894531,99.05999755859375,99.66000366210938,100.08000183105469,266400.0,89.43305969238281
2014-11-13,100.80000305175781,99.58000183105469,100.30000305175781,100.08000183105469,280300.0,89.43305969238281
2014-11-14,99.69999694824219,97.08000183105469,99.69999694824219,98.13999938964844,673500.0,87.69944763183594
2014-11-17,98.51000213623047,97.37000274658203,97.75,98.04000091552734,420900.0,87.6100845336914
2014-11-18,98.94000244140625,97.56999969482422,98.04000091552734,98.83000183105469,463900.0,88.31604766845703
2014-11-19,98.97000122070312,98.18000030517578,98.83999633789062,98.62000274658203,493400.0,88.12837219238281
2014-11-20,99.68000030517578,98.18000030517578,98.37000274658203,99.62999725341797,569400.0,89.03095245361328
2014-11-21,101.06999969482422,99.94000244140625,100.45999908447266,100.13999938964844,1065300.0,89.48667907714844
2014-11-24,100.45999908447266,99.2300033569336,100.2300033569336,99.79000091552734,328800.0,89.17390441894531
2014-11-25,100.33000183105469,99.33999633789062,100.02999877929688,99.38999938964844,548300.0,88.81646728515625
2014-11-26,100.18000030517578,98.70999908447266,99.41000366210938,100.12000274658203,250200.0,89.46878814697266
2014-11-28,102.08000183105469,100.16000366210938,100.4800033569336,101.16999816894531,486200.0,90.4071044921875
2014-12-01,101.93000030517578,99.9000015258789,100.80000305175781,101.45999908447266,782200.0,90.666259765625
2014-12-02,102.27999877929688,101.36000061035156,101.73999786376953,102.16000366210938,480100.0,91.2917709350586
2014-12-03,102.91999816894531,101.66000366210938,102.19999694824219,102.76000213623047,423100.0,91.82795715332031
2014-12-04,103.2300033569336,102.19999694824219,102.54000091552734,103.19000244140625,377100.0,92.21221160888672
2014-12-05,103.98999786376953,102.93000030517578,103.38999938964844,103.41999816894531,404700.0,92.41773223876953
2014-12-08,103.33999633789062,102.1500015258789,103.23999786376953,102.55000305175781,386600.0,91.64029693603516
2014-12-09,103.19000244140625,102.0199966430664,102.05000305175781,103.12000274658203,326300.0,92.14965057373047
2014-12-10,102.87000274658203,101.05999755859375,102.87000274658203,101.16000366210938,463800.0,90.39816284179688
2014-12-11,102.55999755859375,101.16999816894531,101.33999633789062,102.25,334900.0,91.37220764160156
2014-12-12,101.94999694824219,100.04000091552734,101.80000305175781,100.06999969482422,679300.0,89.42411041259766
2014-12-15,100.73999786376953,98.83999633789062,100.68000030517578,99.06999969482422,339300.0,88.53050231933594
2014-12-16,100.54000091552734,98.08000183105469,98.77999877929688,98.6500015258789,532000.0,88.15518188476562
2014-12-17,100.5999984741211,98.56999969482422,99.22000122070312,100.48999786376953,529300.0,89.7994384765625
2014-12-18,102.52999877929688,101.33999633789062,102.16999816894531,102.52999877929688,441000.0,91.62242126464844
2014-12-19,103.19999694824219,102.23999786376953,103.19999694824219,102.48999786376953,597800.0,91.58667755126953
2014-12-22,103.05000305175781,102.12999725341797,102.48999786376953,102.83000183105469,265000.0,91.8905029296875
2014-12-23,103.95999908447266,102.88999938964844,103.38999938964844,103.55000305175781,290400.0,92.53392028808594
2014-12-24,103.97000122070312,103.43000030517578,103.61000061035156,103.7300033569336,173900.0,92.69476318359375
2014-12-26,104.0,103.31999969482422,103.75,103.44000244140625,145000.0,92.85633850097656
2014-12-29,103.48999786376953,102.79000091552734,103.16000366210938,103.27999877929688,211600.0,92.71270751953125
2014-12-30,103.37999725341797,102.55000305175781,102.81999969482422,102.94999694824219,198600.0,92.41645050048828
2014-12-31,103.19999694824219,101.31999969482422,102.95999908447266,101.36000061035156,213100.0,90.98916625976562
2015-01-02,101.86000061035156,100.16999816894531,101.41999816894531,100.8499984741211,287600.0,90.5313491821289
2015-01-05,101.05999755859375,98.87000274658203,100.44999694824219,99.37000274658203,381500.0,89.2027816772461
2015-01-06,100.43000030517578,97.58999633789062,99.79000091552734,98.1500015258789,420200.0,88.10761260986328
2015-01-07,99.2300033569336,97.94000244140625,98.75,99.12000274658203,516700.0,88.97835540771484
2015-01-08,101.68000030517578,99.80000305175781,99.88999938964844,101.63999938964844,333900.0,91.2405014038086
2015-01-09,102.54000091552734,101.33999633789062,102.05999755859375,102.1500015258789,455300.0,91.69834899902344
2015-01-12,102.5,100.62999725341797,102.12999725341797,101.0999984741211,288800.0,90.75576782226562
2015-01-13,103.05000305175781,101.62000274658203,102.0,102.81999969482422,604800.0,92.2997817993164
2015-01-14,104.25,101.68000030517578,101.86000061035156,103.95999908447266,658900.0,93.32312774658203
2015-01-15,105.9800033569336,104.26000213623047,104.43000030517578,105.2699966430664,757700.0,94.49910736083984
2015-01-16,107.41999816894531,104.86000061035156,105.12999725341797,107.36000061035156,728100.0,96.37525177001953
2015-01-20,108.45999908447266,106.04000091552734,108.45999908447266,107.58000183105469,507600.0,96.57274627685547
2015-01-21,107.77999877929688,106.16000366210938,107.23999786376953,106.83000183105469,677800.0,95.89948272705078
2015-01-22,110.97000122070312,107.31999969482422,107.55000305175781,110.94000244140625,784800.0,99.5889663696289
2015-01-23,110.88999938964844,108.05999755859375,110.81999969482422,109.05000305175781,890600.0,97.89234161376953
2015-01-26,108.87999725341797,107.58999633789062,108.7699966430664,108.37000274658203,470300.0,97.28191375732422
2015-01-27,107.5199966430664,106.30000305175781,107.31999969482422,106.91999816894531,521300.0,95.98027038574219
2015-01-28,107.88999938964844,105.18000030517578,107.5199966430664,105.26000213623047,710900.0,94.49011993408203
2015-01-29,106.94000244140625,105.01000213623047,105.12999725341797,106.80000305175781,334800.0,95.87254333496094
2015-01-30,107.38999938964844,105.72000122070312,105.91000366210938,106.11000061035156,410300.0,95.25315856933594
2015-02-02,107.08999633789062,105.3499984741211,106.52999877929688,106.77999877929688,314300.0,95.85460662841797
2015-02-03,108.13999938964844,106.73999786376953,107.58000183105469,108.0,476700.0,96.94976043701172
2015-02-04,108.41000366210938,107.30000305175781,107.69000244140625,107.70999908447266,288500.0,96.68943786621094
2015-02-05,108.80000305175781,107.88999938964844,108.36000061035156,108.63999938964844,278600.0,97.52428436279297
2015-02-06,109.0999984741211,108.08000183105469,108.77999877929688,109.06999969482422,346200.0,97.91030883789062
2015-02-09,108.87999725341797,107.11000061035156,108.80999755859375,107.37999725341797,361100.0,96.39320373535156
2015-02-10,108.26000213623047,107.2300033569336,107.66999816894531,107.94000244140625,371100.0,96.89592742919922
2015-02-11,108.4000015258789,106.70999908447266,108.08999633789062,107.0,1050900.0,96.05208587646484
2015-02-12,116.4800033569336,109.33000183105469,109.33000183105469,114.7699966430664,1341700.0,103.0270767211914
2015-02-13,118.58000183105469,114.83000183105469,115.33999633789062,116.95999908447266,761800.0,104.9930191040039
2015-02-17,117.5999984741211,115.80000305175781,116.87999725341797,117.19999694824219,495500.0,105.20845794677734
2015-02-18,118.37000274658203,116.81999969482422,116.98999786376953,118.2699966430664,332800.0,106.16897583007812
2015-02-19,120.41999816894531,117.56999969482422,118.2699966430664,120.0999984741211,526700.0,107.8117446899414
2015-02-20,121.54000091552734,119.30999755859375,120.01000213623047,121.4000015258789,418200.0,108.97872924804688
2015-02-23,122.0,120.48999786376953,120.6500015258789,121.23999786376953,432600.0,108.83509063720703
2015-02-24,122.8499984741211,120.58999633789062,120.98999786376953,122.62999725341797,453000.0,110.08287811279297
2015-02-25,123.08000183105469,121.43000030517578,122.95999908447266,121.87000274658203,472900.0,109.40062713623047
2015-02-26,122.4000015258789,121.27999877929688,122.0,121.83999633789062,470800.0,109.37371063232422
2015-02-27,122.51000213623047,121.12000274658203,121.94999694824219,121.93000030517578,371100.0,109.4544906616211
2015-03-02,122.83999633789062,117.31999969482422,121.93000030517578,122.7699966430664,401400.0,110.20853424072266
2015-03-03,122.63999938964844,120.7699966430664,122.30999755859375,121.69000244140625,280700.0,109.23905944824219
2015-03-04,121.95999908447266,120.30000305175781,121.5199966430664,121.22000122070312,346300.0,108.81714630126953
2015-03-05,121.54000091552734,120.2300033569336,121.25,120.87999725341797,358600.0,108.5119400024414
2015-03-06,120.70999908447266,118.5199966430664,120.58999633789062,119.01000213623047,396100.0,106.83325958251953
2015-03-09,121.36000061035156,119.43000030517578,119.55000305175781,120.69000244140625,468600.0,108.34139251708984
2015-03-10,119.91000366210938,117.5999984741211,119.70999908447266,117.5999984741211,744100.0,105.56752014160156
2015-03-11,118.54000091552734,116.69999694824219,117.5999984741211,117.18000030517578,760600.0,105.19052124023438
2015-03-12,120.01000213623047,117.73999786376953,118.02999877929688,119.5,457700.0,107.27311706542969
2015-03-13,119.66000366210938,117.02999877929688,119.43000030517578,118.04000091552734,465500.0,105.96251678466797
2015-03-16,119.1500015258789,118.19999694824219,118.48999786376953,118.98999786376953,298800.0,106.81529998779297
2015-03-17,118.7699966430664,116.73999786376953,118.33999633789062,117.9000015258789,461700.0,105.83684539794922
2015-03-18,118.95999908447266,115.26000213623047,117.37999725341797,118.1500015258789,601400.0,106.06126403808594
2015-03-19,120.08000183105469,117.0999984741211,118.06999969482422,118.48999786376953,510700.0,106.36646270751953
2015-03-20,120.4000015258789,118.66000366210938,118.81999969482422,119.91999816894531,638300.0,107.65015411376953
2015-03-23,120.62000274658203,119.3499984741211,119.66999816894531,119.69000244140625,490100.0,107.44367980957031
2015-03-24,120.55999755859375,119.06999969482422,119.41000366210938,119.51000213623047,427500.0,107.28209686279297
2015-03-25,120.95999908447266,117.08000183105469,119.43000030517578,117.08000183105469,482300.0,105.51570129394531
2015-03-26,117.3499984741211,116.01000213623047,116.83999633789062,116.69999694824219,528500.0,105.17323303222656
2015-03-27,117.79000091552734,116.55000305175781,117.05999755859375,117.18000030517578,354400.0,105.60581970214844
2015-03-30,119.2699966430664,117.23999786376953,117.83999633789062,118.5,300800.0,106.79544830322266
2015-03-31,118.5,117.0,118.29000091552734,117.4000015258789,473900.0,105.80409240722656
2015-04-01,118.11000061035156,116.08000183105469,117.0999984741211,116.97000122070312,461900.0,105.41656494140625
2015-04-02,118.80999755859375,116.73999786376953,116.95999908447266,117.38999938964844,333500.0,105.79507446289062
2015-04-06,118.95999908447266,116.76000213623047,116.76000213623047,118.62000274658203,316700.0,106.9035873413086
2015-04-07,119.55000305175781,118.16000366210938,118.37999725341797,118.19000244140625,519000.0,106.51606750488281
2015-04-08,118.95999908447266,117.41000366210938,118.55999755859375,118.20999908447266,375600.0,106.53407287597656
2015-04-09,118.5,117.33999633789062,118.13999938964844,118.26000213623047,297300.0,106.57914733886719
2015-04-10,119.02999877929688,118.20999908447266,118.54000091552734,118.97000122070312,296300.0,107.2190170288086
2015-04-13,120.41999816894531,118.75,119.12999725341797,118.7699966430664,297700.0,107.03876495361328
2015-04-14,119.44999694824219,118.05999755859375,118.88999938964844,118.91000366210938,277200.0,107.16496276855469
2015-04-15,120.13999938964844,118.5199966430664,119.7300033569336,118.66999816894531,222900.0,106.9486312866211
2015-04-16,119.33000183105469,118.01000213623047,118.33999633789062,118.66000366210938,255300.0,106.93963623046875
2015-04-17,118.62000274658203,115.88999938964844,117.91000366210938,116.27999877929688,437600.0,104.79472351074219
2015-04-20,117.87000274658203,117.08999633789062,117.08999633789062,117.66999816894531,204900.0,106.04742431640625
2015-04-21,118.30999755859375,116.63999938964844,117.75,116.81999969482422,237500.0,105.2813949584961
2015-04-22,117.26000213623047,115.16000366210938,117.0,115.98999786376953,474700.0,104.5333480834961
2015-04-23,117.05999755859375,115.44000244140625,116.02999877929688,116.56999969482422,222200.0,105.05607604980469
2015-04-24,117.19999694824219,115.04000091552734,116.62000274658203,115.8499984741211,378500.0,104.40717315673828
2015-04-27,117.22000122070312,115.23999786376953,116.3499984741211,116.18000030517578,260900.0,104.70458221435547
2015-04-28,116.9800033569336,115.63999938964844,115.95999908447266,116.94999694824219,345000.0,105.39852905273438
2015-04-29,116.94000244140625,115.5999984741211,116.0,116.23999786376953,297100.0,104.75865173339844
2015-04-30,116.61000061035156,114.11000061035156,115.66000366210938,114.75,438800.0,103.41580963134766
2015-05-01,117.55000305175781,115.4800033569336,115.4800033569336,117.41999816894531,310100.0,105.82211303710938
2015-05-04,118.5999984741211,117.23999786376953,117.51000213623047,118.2300033569336,345300.0,106.55211639404297
2015-05-05,118.87000274658203,116.19000244140625,118.0199966430664,116.5999984741211,267400.0,105.08311462402344
2015-05-06,118.12000274658203,115.80000305175781,117.36000061035156,118.0999984741211,410100.0,106.43495178222656
2015-05-07,118.41000366210938,116.80999755859375,117.66000366210938,118.22000122070312,256100.0,106.54312133789062
2015-05-08,120.61000061035156,119.01000213623047,119.54000091552734,119.44000244140625,298200.0,107.6426010131836
2015-05-11,119.61000061035156,118.48999786376953,119.0199966430664,119.30000305175781,535900.0,107.51644134521484
2015-05-12,117.31999969482422,113.33999633789062,115.68000030517578,114.4000015258789,1012800.0,103.10041046142578
2015-05-13,114.02999877929688,110.56999969482422,114.02999877929688,112.69000244140625,971100.0,101.5593032836914
2015-05-14,115.16000366210938,112.62000274658203,113.30999755859375,115.05000305175781,467500.0,103.68622589111328
2015-05-15,115.44000244140625,114.69000244140625,114.98999786376953,115.43000030517578,295400.0,104.0286865234375
2015-05-18,115.48999786376953,114.81999969482422,115.0199966430664,115.27999877929688,222500.0,103.89349365234375
2015-05-19,116.30999755859375,115.02999877929688,115.36000061035156,115.88999938964844,266700.0,104.4432373046875
2015-05-20,117.86000061035156,115.58999633789062,116.05000305175781,117.52999877929688,419100.0,105.92125701904297
2015-05-21,118.45999908447266,117.29000091552734,117.29000091552734,118.26000213623047,491500.0,106.57914733886719
2015-05-22,118.72000122070312,117.77999877929688,117.98999786376953,118.3499984741211,364700.0,106.66026306152344
2015-05-26,117.97000122070312,116.47000122070312,117.47000122070312,117.0999984741211,419500.0,105.5337142944336
2015-05-27,119.05999755859375,116.8499984741211,116.91999816894531,118.81999969482422,382200.0,107.08383178710938
2015-05-28,119.7699966430664,118.73999786376953,118.87000274658203,119.2699966430664,337200.0,107.48939514160156
2015-05-29,120.19999694824219,118.5,119.44999694824219,119.04000091552734,555700.0,107.28211212158203
2015-06-01,119.29000091552734,116.73999786376953,119.29000091552734,117.51000213623047,432200.0,105.90323638916016
2015-06-02,118.04000091552734,116.4000015258789,117.18000030517578,116.44000244140625,382000.0,104.93891143798828
2015-06-03,117.05000305175781,113.97000122070312,116.6500015258789,114.47000122070312,952100.0,103.16349029541016
2015-06-04,114.36000061035156,112.33999633789062,113.66999816894531,112.4800033569336,856500.0,101.37005615234375
2015-06-05,112.44000244140625,111.01000213623047,112.1500015258789,111.12000274658203,627600.0,100.1443862915039
2015-06-08,112.26000213623047,110.30999755859375,111.19999694824219,110.33999633789062,562400.0,99.44142150878906
2015-06-09,110.44000244140625,109.41000366210938,110.33999633789062,109.76000213623047,607400.0,98.9187240600586
2015-06-10,111.04000091552734,109.87999725341797,110.2699966430664,110.83000183105469,1131100.0,99.8830337524414
2015-06-11,112.06999969482422,110.69000244140625,110.9000015258789,111.44999694824219,754300.0,100.44178009033203
2015-06-12,111.58999633789062,110.08000183105469,111.31999969482422,110.33000183105469,362700.0,99.43241882324219
2015-06-15,109.91999816894531,108.81999969482422,109.38999938964844,109.37000274658203,420500.0,98.5672378540039
2015-06-16,111.91999816894531,109.37999725341797,109.43000030517578,111.23999786376953,634500.0,100.25251770019531
2015-06-17,112.56999969482422,111.3499984741211,111.5999984741211,111.58000183105469,625500.0,100.55896759033203
2015-06-18,113.66000366210938,111.45999908447266,112.22000122070312,113.33999633789062,552700.0,102.14509582519531
2015-06-19,114.5999984741211,112.80000305175781,113.4800033569336,112.81999969482422,536400.0,101.67647552490234
2015-06-22,114.08999633789062,113.0,113.58999633789062,113.52999877929688,355600.0,102.31634521484375
2015-06-23,114.04000091552734,113.02999877929688,113.9800033569336,113.20999908447266,376300.0,102.02794647216797
2015-06-24,113.9000015258789,112.25,112.63999938964844,112.6500015258789,421600.0,101.94649505615234
2015-06-25,113.52999877929688,112.5,112.7300033569336,112.62000274658203,339300.0,101.91936492919922
2015-06-26,113.4000015258789,112.44999694824219,113.0,112.62000274658203,401000.0,101.91936492919922
2015-06-29,112.36000061035156,109.2300033569336,111.5999984741211,109.29000091552734,325600.0,98.90574645996094
2015-06-30,110.55999755859375,108.87000274658203,110.22000122070312,109.29000091552734,441300.0,98.90574645996094
2015-07-01,110.79000091552734,109.66000366210938,110.27999877929688,110.22000122070312,361700.0,99.74739074707031
2015-07-02,110.87000274658203,109.83999633789062,110.7699966430664,110.33000183105469,374500.0,99.8469467163086
2015-07-06,110.63999938964844,108.91000366210938,109.16999816894531,109.69999694824219,278600.0,99.27677917480469
2015-07-07,110.12000274658203,108.19999694824219,109.62000274658203,109.66000366210938,410400.0,99.2406005859375
2015-07-08,109.23999786376953,108.25,108.66999816894531,108.44999694824219,515200.0,98.14556121826172
2015-07-09,110.30999755859375,108.80999755859375,109.7300033569336,108.91000366210938,333800.0,98.56187438964844
2015-07-10,111.3499984741211,109.58000183105469,110.4000015258789,111.1500015258789,278000.0,100.58903503417969
2015-07-13,112.91999816894531,111.16999816894531,112.1500015258789,112.6500015258789,331200.0,101.94649505615234
2015-07-14,113.33000183105469,112.4000015258789,112.51000213623047,113.16000366210938,270600.0,102.40805053710938
2015-07-15,113.7699966430664,112.56999969482422,112.93000030517578,112.69000244140625,315000.0,101.98269653320312
2015-07-16,113.55000305175781,112.18000030517578,112.9800033569336,113.3499984741211,374100.0,102.5799789428711
2015-07-17,113.44000244140625,112.41000366210938,113.06999969482422,112.63999938964844,220300.0,101.93745422363281
2015-07-20,112.38999938964844,111.41999816894531,112.18000030517578,111.61000061035156,403500.0,101.00531768798828
2015-07-21,114.30999755859375,111.5199966430664,111.93000030517578,111.5999984741211,493600.0,100.99626159667969
2015-07-22,113.98999786376953,111.5,112.4000015258789,112.2699966430664,339300.0,101.60260009765625
2015-07-23,113.0,111.8499984741211,112.58999633789062,112.18000030517578,380000.0,101.52114868164062
2015-07-24,112.06999969482422,110.0,112.04000091552734,111.0999984741211,381400.0,100.54378509521484
2015-07-27,111.41999816894531,110.11000061035156,110.51000213623047,111.11000061035156,365500.0,100.5528335571289
2015-07-28,113.83999633789062,110.97000122070312,111.55999755859375,113.69999694824219,439900.0,102.89673614501953
2015-07-29,114.81999969482422,112.75,113.6500015258789,114.56999969482422,350200.0,103.68404388427734
2015-07-30,116.05999755859375,114.05999755859375,114.29000091552734,115.51000213623047,468100.0,104.53475189208984
2015-07-31,116.87000274658203,115.37000274658203,116.37999725341797,115.58999633789062,474600.0,104.60714721679688
2015-08-03,115.75,114.68000030517578,115.44999694824219,115.30000305175781,258400.0,104.3447036743164
2015-08-04,116.80000305175781,115.51000213623047,115.51000213623047,116.0,258400.0,104.97817993164062
2015-08-05,118.08000183105469,116.61000061035156,117.19000244140625,117.23999786376953,384500.0,106.1003646850586
2015-08-06,118.08999633789062,115.72000122070312,117.2300033569336,116.41999816894531,458900.0,105.35828399658203
2015-08-07,116.93000030517578,115.8499984741211,116.52999877929688,116.27999877929688,283000.0,105.23159790039062
2015-08-10,118.87000274658203,116.33000183105469,116.73999786376953,118.80999755859375,390900.0,107.52120208740234
2015-08-11,117.11000061035156,112.77999877929688,115.54000091552734,114.05000305175781,887800.0,103.21348571777344
2015-08-12,114.43000030517578,112.41999816894531,112.98999786376953,113.73999786376953,549900.0,102.93294525146484
2015-08-13,114.08999633789062,112.43000030517578,113.36000061035156,113.22000122070312,501800.0,102.46234130859375
2015-08-14,114.69000244140625,113.05000305175781,113.2300033569336,114.36000061035156,350100.0,103.49403381347656
2015-08-17,115.19999694824219,113.83000183105469,113.94999694824219,114.98999786376953,368200.0,104.06416320800781
2015-08-18,115.8499984741211,114.7300033569336,114.7300033569336,115.52999877929688,324600.0,104.55286407470703
2015-08-19,115.16000366210938,113.66999816894531,114.20999908447266,114.11000061035156,403300.0,103.26777648925781
2015-08-20,113.87999725341797,111.62000274658203,113.61000061035156,112.0,704800.0,101.35826110839844
2015-08-21,114.12000274658203,111.91999816894531,113.12000274658203,111.94999694824219,1065200.0,101.31301879882812
2015-08-24,109.12999725341797,106.19999694824219,106.87000274658203,108.0,1178300.0,97.73832702636719
2015-08-25,110.63999938964844,107.0,110.58999633789062,107.05000305175781,813200.0,96.87857055664062
2015-08-26,109.63999938964844,107.16000366210938,109.19000244140625,108.91000366210938,553000.0,98.56187438964844
2015-08-27,112.25,108.94000244140625,110.16000366210938,110.69999694824219,495400.0,100.1817855834961
2015-08-28,111.01000213623047,109.58000183105469,110.44000244140625,110.95999908447266,350200.0,100.41706085205078
2015-08-31,110.61000061035156,109.48999786376953,110.61000061035156,109.55000305175781,297700.0,99.14104461669922
2015-09-01,107.95999908447266,105.83000183105469,107.06999969482422,106.2300033569336,546300.0,96.13650512695312
2015-09-02,108.54000091552734,106.51000213623047,107.93000030517578,108.5,549800.0,98.1908187866211
2015-09-03,110.43000030517578,108.88999938964844,109.4000015258789,109.45999908447266,316400.0,99.05960083007812
2015-09-04,108.11000061035156,106.6500015258789,107.77999877929688,106.94999694824219,493700.0,96.78807830810547
2015-09-08,109.33000183105469,108.38999938964844,108.98999786376953,109.25,545100.0,98.86956024169922
2015-09-09,110.80999755859375,108.62000274658203,110.36000061035156,108.7300033569336,283500.0,98.39897155761719
2015-09-10,109.18000030517578,106.8499984741211,108.31999969482422,107.19000244140625,591500.0,97.00528717041016
2015-09-11,107.26000213623047,105.97000122070312,106.52999877929688,107.12999725341797,435900.0,96.95098114013672
2015-09-14,107.36000061035156,105.91999816894531,107.0999984741211,106.12000274658203,240300.0,96.0369644165039
2015-09-15,106.55999755859375,105.22000122070312,106.16000366210938,106.33000183105469,356900.0,96.22698211669922
2015-09-16,107.86000061035156,106.16999816894531,106.20999908447266,107.69000244140625,338400.0,97.45777893066406
2015-09-17,109.16999816894531,107.30000305175781,107.41000366210938,107.58000183105469,267600.0,97.35822296142578
2015-09-18,106.4800033569336,104.83999633789062,106.0999984741211,105.16999816894531,489900.0,95.1772232055664
2015-09-21,106.7300033569336,104.91000366210938,105.87999725341797,106.05999755859375,283500.0,95.9826431274414
2015-09-22,105.47000122070312,104.5199966430664,105.2699966430664,105.06999969482422,357200.0,95.08671569824219
2015-09-23,105.69999694824219,104.2300033569336,104.69000244140625,104.70999908447266,562700.0,95.26868438720703
2015-09-24,105.08000183105469,103.38999938964844,104.1500015258789,104.80000305175781,437400.0,95.3505630493164
2015-09-25,106.52999877929688,105.06999969482422,105.16999816894531,105.76000213623047,444300.0,96.2239990234375
2015-09-28,104.3499984741211,100.5,104.25,100.58999633789062,794000.0,91.52017211914062
2015-09-29,101.33000183105469,100.0199966430664,100.58999633789062,101.08999633789062,335800.0,91.97509765625
2015-09-30,103.33000183105469,101.44999694824219,101.94999694824219,103.26000213623047,486900.0,93.94940948486328
2015-10-01,104.37999725341797,102.45999908447266,104.06999969482422,103.87999725341797,657300.0,94.51351928710938
2015-10-02,106.88999938964844,102.44000244140625,102.47000122070312,106.80999755859375,389000.0,97.17933654785156
2015-10-05,108.27999877929688,106.91000366210938,107.18000030517578,108.20999908447266,382900.0,98.4531021118164
2015-10-06,108.83000183105469,107.12999725341797,108.18000030517578,107.9800033569336,338500.0,98.24382781982422
2015-10-07,109.75,108.47000122070312,108.47000122070312,109.75,478000.0,99.85423278808594
2015-10-08,109.91000366210938,108.75,109.20999908447266,109.51000213623047,536600.0,99.63587951660156
2015-10-09,110.22000122070312,109.04000091552734,109.56999969482422,109.52999877929688,341400.0,99.65409088134766
2015-10-12,110.63999938964844,108.83000183105469,109.30999755859375,110.0999984741211,337500.0,100.17267608642578
2015-10-13,111.13999938964844,109.18000030517578,109.30999755859375,110.23999786376953,387800.0,100.300048828125
2015-10-14,111.13999938964844,109.86000061035156,110.05999755859375,109.9800033569336,208000.0,100.06351470947266
2015-10-15,111.19999694824219,110.1500015258789,110.69999694824219,111.06999969482422,413500.0,101.05524444580078
2015-10-16,112.55999755859375,111.47000122070312,112.0,112.52999877929688,317500.0,102.38359832763672
2015-10-19,113.16999816894531,111.87999725341797,111.87999725341797,112.95999908447266,389100.0,102.77481842041016
2015-10-20,113.41000366210938,112.44999694824219,112.9000015258789,112.77999877929688,304800.0,102.61103057861328
2015-10-21,113.79000091552734,111.58000183105469,113.41999816894531,111.76000213623047,269700.0,101.68302917480469
2015-10-22,113.76000213623047,112.48999786376953,112.7300033569336,113.7300033569336,485800.0,103.47540283203125
2015-10-23,114.91000366210938,113.4800033569336,114.80999755859375,113.5199966430664,360200.0,103.28430938720703
2015-10-26,114.91999816894531,113.47000122070312,113.55999755859375,114.66999816894531,271300.0,104.33062744140625
2015-10-27,114.5,112.91000366210938,114.0,113.70999908447266,340300.0,103.45719146728516
2015-10-28,115.5199966430664,113.44000244140625,113.6500015258789,115.05000305175781,397100.0,104.67636108398438
2015-10-29,115.81999969482422,114.19999694824219,115.04000091552734,115.51000213623047,288500.0,105.09489440917969
2015-10-30,117.05000305175781,115.06999969482422,115.66999816894531,116.05999755859375,417200.0,105.59529113769531
2015-11-02,116.97000122070312,115.2300033569336,116.19999694824219,116.05000305175781,320700.0,105.58618927001953
2015-11-03,116.55999755859375,115.69000244140625,115.91000366210938,116.18000030517578,414600.0,105.70447540283203
2015-11-04,116.80999755859375,115.70999908447266,116.29000091552734,116.18000030517578,285500.0,105.70447540283203
2015-11-05,116.36000061035156,115.30999755859375,116.20999908447266,115.97000122070312,291900.0,105.51342010498047
2015-11-06,115.58000183105469,111.9800033569336,115.26000213623047,113.19999694824219,881200.0,102.99317932128906
2015-11-09,114.26000213623047,112.33999633789062,113.4000015258789,114.11000061035156,602600.0,103.82111358642578
2015-11-10,116.86000061035156,112.0,112.80000305175781,113.61000061035156,750700.0,103.36620330810547
2015-11-11,116.44000244140625,114.20999908447266,114.44000244140625,115.9000015258789,390700.0,105.4497299194336
2015-11-12,115.68000030517578,113.19999694824219,114.45999908447266,113.27999877929688,388900.0,103.06595611572266
2015-11-13,113.86000061035156,111.33000183105469,113.33999633789062,111.75,415600.0,101.67391967773438
2015-11-16,114.55000305175781,111.77999877929688,111.77999877929688,114.5,360600.0,104.17594909667969
2015-11-17,116.48999786376953,114.0,114.05000305175781,115.44999694824219,437200.0,105.040283203125
2015-11-18,117.5199966430664,115.12000274658203,115.66999816894531,117.44000244140625,463200.0,106.85087585449219
2015-11-19,119.4000015258789,116.33999633789062,117.4800033569336,117.83999633789062,505100.0,107.21480560302734
2015-11-20,118.29000091552734,116.6500015258789,118.0999984741211,117.05000305175781,280600.0,106.49604034423828
2015-11-23,119.0999984741211,116.33000183105469,117.2300033569336,118.55999755859375,334800.0,107.86990356445312
2015-11-24,120.4800033569336,117.58999633789062,118.22000122070312,120.08999633789062,573400.0,109.26192474365234
2015-11-25,120.76000213623047,119.62000274658203,120.54000091552734,120.25,328800.0,109.40750122070312
2015-11-27,120.87000274658203,119.1500015258789,120.2300033569336,119.8499984741211,170600.0,109.0435562133789
2015-11-30,121.02999877929688,119.45999908447266,120.33999633789062,120.01000213623047,428100.0,109.18916320800781
2015-12-01,122.19999694824219,117.88999938964844,117.88999938964844,122.0,673800.0,110.99971771240234
2015-12-02,122.20999908447266,120.0999984741211,121.55999755859375,120.41000366210938,396900.0,109.55308532714844
2015-12-03,120.80000305175781,118.26000213623047,120.41999816894531,119.13999938964844,355900.0,108.3975830078125
2015-12-04,121.52999877929688,119.4800033569336,119.4800033569336,121.25,321100.0,110.31732940673828
2015-12-07,121.69000244140625,120.08000183105469,120.80999755859375,121.27999877929688,434600.0,110.34463500976562
2015-12-08,121.63999938964844,119.70999908447266,120.56999969482422,121.02999877929688,398300.0,110.11717224121094
2015-12-09,122.63999938964844,119.72000122070312,121.18000030517578,120.72000122070312,559500.0,109.83512878417969
2015-12-10,120.9800033569336,118.04000091552734,120.56999969482422,118.30999755859375,503200.0,107.64241790771484
2015-12-11,117.80000305175781,115.63999938964844,116.69000244140625,116.12000274658203,1034200.0,105.64990234375
2015-12-14,117.37999725341797,115.19999694824219,116.2300033569336,116.31999969482422,1146200.0,105.83184051513672
2015-12-15,119.0,117.5199966430664,117.63999938964844,118.18000030517578,534300.0,107.5241470336914
2015-12-16,121.16000366210938,118.8499984741211,119.19000244140625,120.94999694824219,344300.0,110.04436492919922
2015-12-17,121.08999633789062,118.08000183105469,120.80999755859375,118.08999633789062,356500.0,107.44224548339844
2015-12-18,118.41000366210938,115.83999633789062,117.75,115.87999725341797,609500.0,105.43153381347656
2015-12-21,117.41000366210938,116.12999725341797,116.5999984741211,117.2300033569336,337600.0,106.65979766845703
2015-12-22,119.80000305175781,117.08000183105469,117.91000366210938,119.51000213623047,292700.0,108.7342300415039
2015-12-23,120.05000305175781,118.6500015258789,119.87999725341797,119.66000366210938,292400.0,109.38324737548828
2015-12-24,120.30999755859375,119.23999786376953,119.44999694824219,119.97000122070312,82700.0,109.66661834716797
2015-12-28,120.4000015258789,118.87999725341797,119.08000183105469,120.3499984741211,189900.0,110.01399230957031
2015-12-29,122.08000183105469,120.47000122070312,121.33999633789062,121.12000274658203,156200.0,110.71788024902344
2015-12-30,122.08999633789062,120.36000061035156,121.02999877929688,120.62000274658203,195800.0,110.26081085205078
2015-12-31,121.05999755859375,119.5999984741211,120.26000213623047,119.63999938964844,232500.0,109.36497497558594
2016-01-04,118.36000061035156,116.94000244140625,118.30999755859375,118.02999877929688,505500.0,107.89324951171875
2016-01-05,119.12000274658203,117.7300033569336,118.4000015258789,118.93000030517578,268100.0,108.71595764160156
2016-01-06,118.01000213623047,116.37000274658203,117.1500015258789,117.16999816894531,450200.0,107.10709381103516
2016-01-07,116.98999786376953,114.37999725341797,115.61000061035156,116.58999633789062,667600.0,106.57691192626953
2016-01-08,117.3499984741211,116.18000030517578,116.98999786376953,116.33999633789062,689500.0,106.3483657836914
2016-01-11,118.13999938964844,116.5999984741211,117.27999877929688,117.62000274658203,457400.0,107.5184555053711
2016-01-12,119.56999969482422,117.3499984741211,118.66999816894531,118.33000183105469,630500.0,108.16748046875
2016-01-13,118.91999816894531,115.81999969482422,118.8499984741211,116.05000305175781,675100.0,106.08329010009766
2016-01-14,117.80000305175781,115.6500015258789,116.08999633789062,117.19999694824219,389000.0,107.13450622558594
2016-01-15,115.7300033569336,112.52999877929688,114.93000030517578,115.30999755859375,625600.0,105.40682983398438
2016-01-19,117.30000305175781,112.23999786376953,116.08000183105469,113.4800033569336,692500.0,103.73400115966797
2016-01-20,112.66000366210938,109.7300033569336,111.43000030517578,111.77999877929688,695700.0,102.18000030517578
2016-01-21,113.9000015258789,111.0999984741211,112.0999984741211,111.75,591900.0,102.1525650024414
2016-01-22,114.95999908447266,112.87000274658203,113.45999908447266,114.06999969482422,411400.0,104.27334594726562
2016-01-25,111.30999755859375,108.08000183105469,110.13999938964844,110.4000015258789,1261400.0,100.91851806640625
2016-01-26,112.4800033569336,110.48999786376953,110.48999786376953,111.87000274658203,615400.0,102.26227569580078
2016-01-27,112.43000030517578,110.6500015258789,111.69000244140625,111.5199966430664,606000.0,101.94232940673828
2016-01-28,113.04000091552734,110.69000244140625,112.43000030517578,112.19000244140625,638600.0,102.55480194091797
2016-01-29,117.0,112.7699966430664,113.1500015258789,116.95999908447266,681600.0,106.91512298583984
2016-02-01,119.04000091552734,115.36000061035156,116.38999938964844,118.45999908447266,836900.0,108.28632354736328
2016-02-02,117.75,116.2300033569336,117.12000274658203,117.22000122070312,445500.0,107.15281677246094
2016-02-03,120.5999984741211,116.88999938964844,117.76000213623047,120.5999984741211,603800.0,110.24251556396484
2016-02-04,122.37999725341797,119.88999938964844,119.98999786376953,121.27999877929688,551400.0,110.86412048339844
2016-02-05,121.69000244140625,117.75,121.27999877929688,119.37999725341797,694200.0,109.12730407714844
2016-02-08,118.4000015258789,115.5999984741211,117.95999908447266,116.61000061035156,591900.0,106.59517669677734
2016-02-09,117.29000091552734,115.18000030517578,115.20999908447266,116.83000183105469,746300.0,106.7962875366211
2016-02-10,119.75,114.31999969482422,116.80999755859375,115.33000183105469,1069900.0,105.4251480102539
2016-02-11,105.30000305175781,97.23999786376953,100.5,100.48999786376953,4519000.0,91.85962677001953
2016-02-12,107.80999755859375,101.0,101.0,106.75,1957000.0,97.58200073242188
2016-02-16,108.04000091552734,104.4800033569336,105.68000030517578,106.54000091552734,1101800.0,97.3900375366211
2016-02-17,108.83999633789062,105.88999938964844,107.5,106.08000183105469,1026400.0,96.96955108642578
2016-02-18,107.01000213623047,104.3499984741211,106.30000305175781,105.38999938964844,721100.0,96.33878326416016
2016-02-19,105.55000305175781,104.04000091552734,105.33999633789062,105.4000015258789,768400.0,96.34794616699219
2016-02-22,107.54000091552734,105.19999694824219,106.2699966430664,105.27999877929688,1020800.0,96.23824310302734
2016-02-23,105.13999938964844,102.7699966430664,104.36000061035156,103.41999816894531,566100.0,94.53799438476562
2016-02-24,106.81999969482422,102.30999755859375,102.63999938964844,106.20999908447266,1027800.0,97.08837890625
2016-02-25,106.7300033569336,104.19999694824219,106.25,105.0199966430664,550800.0,96.00055694580078
2016-02-26,105.75,103.8499984741211,105.5,104.12000274658203,691700.0,95.1778793334961
2016-02-29,105.38999938964844,103.26000213623047,104.1500015258789,103.29000091552734,598800.0,94.41914367675781
2016-03-01,107.29000091552734,104.05999755859375,104.31999969482422,106.62000274658203,664800.0,97.46316528320312
2016-03-02,106.4800033569336,104.58999633789062,105.80999755859375,105.81999969482422,592300.0,96.73186492919922
2016-03-03,106.08999633789062,104.5999984741211,105.94000244140625,105.1500015258789,764300.0,96.11940002441406
2016-03-04,106.8499984741211,104.93000030517578,105.54000091552734,106.41000366210938,549100.0,97.27120208740234
2016-03-07,107.4000015258789,105.69999694824219,105.93000030517578,106.43000030517578,695700.0,97.28948211669922
2016-03-08,109.18000030517578,104.93000030517578,105.2699966430664,107.16999816894531,1129500.0,97.96592712402344
2016-03-09,107.9800033569336,106.11000061035156,107.26000213623047,107.5,563500.0,98.26758575439453
2016-03-10,108.98999786376953,106.58999633789062,108.0,107.68000030517578,480200.0,98.43214416503906
2016-03-11,110.62000274658203,108.2699966430664,109.06999969482422,109.9800033569336,435900.0,100.53459930419922
2016-03-14,111.33000183105469,109.18000030517578,109.36000061035156,110.33000183105469,412700.0,100.85454559326172
2016-03-15,110.76000213623047,109.52999877929688,110.05000305175781,110.30000305175781,513700.0,100.82711791992188
2016-03-16,111.95999908447266,109.69999694824219,109.69999694824219,111.44999694824219,345000.0,101.87834167480469
2016-03-17,113.02999877929688,110.91000366210938,111.56999969482422,112.87999725341797,403300.0,103.18553924560547
2016-03-18,115.12000274658203,112.83999633789062,113.16000366210938,113.68000030517578,962400.0,103.91683197021484
2016-03-21,114.12999725341797,112.80999755859375,113.68000030517578,113.94000244140625,490300.0,104.15449523925781
2016-03-22,115.33000183105469,111.83000183105469,113.86000061035156,114.9000015258789,596300.0,105.03206634521484
2016-03-23,114.48999786376953,112.80999755859375,113.91000366210938,113.62999725341797,405200.0,104.37983703613281
2016-03-24,113.77999877929688,111.73999786376953,112.58999633789062,113.23999786376953,671800.0,104.0215835571289
2016-03-28,114.12000274658203,113.30999755859375,113.4000015258789,113.83999633789062,239400.0,104.57276916503906
2016-03-29,114.9000015258789,112.91000366210938,113.36000061035156,114.79000091552734,361600.0,105.44542694091797
2016-03-30,116.18000030517578,114.20999908447266,115.41999816894531,114.58000183105469,456600.0,105.25251770019531
2016-03-31,115.11000061035156,113.38999938964844,114.66999816894531,113.7699966430664,384000.0,104.50845336914062
2016-04-01,116.51000213623047,112.94999694824219,113.19000244140625,116.37999725341797,480300.0,106.9059829711914
2016-04-04,116.44000244140625,114.6500015258789,116.44000244140625,115.8499984741211,454400.0,106.41911315917969
2016-04-05,116.27999877929688,114.76000213623047,115.04000091552734,115.33999633789062,558700.0,105.95063781738281
2016-04-06,118.13999938964844,115.41000366210938,115.5999984741211,118.06999969482422,499800.0,108.4583969116211
2016-04-07,118.06999969482422,116.37000274658203,117.25,116.63999938964844,611100.0,107.14482879638672
2016-04-08,118.94000244140625,117.16999816894531,117.75,117.69999694824219,265300.0,108.1185302734375
2016-04-11,118.47000122070312,117.18000030517578,118.19999694824219,117.38999938964844,294700.0,107.83375549316406
2016-04-12,118.88999938964844,117.37999725341797,117.62999725341797,118.52999877929688,553400.0,108.8809585571289
2016-04-13,120.05000305175781,118.77999877929688,119.36000061035156,119.9800033569336,757500.0,110.21292114257812
2016-04-14,120.30999755859375,119.08999633789062,120.12999725341797,119.30999755859375,487900.0,109.59745788574219
2016-04-15,120.27999877929688,119.0999984741211,119.30999755859375,119.98999786376953,723000.0,110.22209930419922
2016-04-18,121.48999786376953,118.97000122070312,119.2300033569336,121.23999786376953,373700.0,111.3703384399414
2016-04-19,123.43000030517578,121.33000183105469,121.9000015258789,122.27999877929688,559500.0,112.3257064819336
2016-04-20,122.4000015258789,119.31999969482422,121.75,120.0,787000.0,110.23129272460938
2016-04-21,120.7300033569336,119.25,120.44000244140625,120.1500015258789,407600.0,110.36909484863281
2016-04-22,120.95999908447266,119.41000366210938,120.30000305175781,120.81999969482422,388600.0,110.98454284667969
2016-04-25,120.33000183105469,119.31999969482422,120.22000122070312,120.11000061035156,403000.0,110.33233642578125
2016-04-26,121.23999786376953,119.63999938964844,120.16999816894531,120.37000274658203,374500.0,110.5711898803711
2016-04-27,120.91000366210938,119.77999877929688,120.5199966430664,120.2699966430664,225500.0,110.47930908203125
2016-04-28,120.54000091552734,118.91999816894531,119.25,119.4800033569336,289800.0,109.7536392211914
2016-04-29,119.68000030517578,118.30000305175781,119.27999877929688,119.47000122070312,318200.0,109.74443817138672
2016-05-02,120.3499984741211,119.33999633789062,119.76000213623047,119.80999755859375,436500.0,110.05675506591797
2016-05-03,119.61000061035156,118.2699966430664,118.77999877929688,119.36000061035156,338600.0,109.64339447021484
2016-05-04,120.43000030517578,118.4800033569336,118.91999816894531,118.63999938964844,407800.0,108.98200988769531
2016-05-05,119.8499984741211,118.36000061035156,119.27999877929688,118.62000274658203,308600.0,108.9636459350586
2016-05-06,118.69000244140625,117.06999969482422,118.19999694824219,118.58999633789062,614600.0,108.93608093261719
2016-05-09,119.9800033569336,118.41999816894531,118.68000030517578,119.88999938964844,763800.0,110.13023376464844
2016-05-10,127.52999877929688,121.0199966430664,122.0,126.23999786376953,1845500.0,115.96331024169922
2016-05-11,126.63999938964844,123.56999969482422,126.0199966430664,123.62000274658203,807000.0,113.55660247802734
2016-05-12,126.33000183105469,123.7699966430664,124.23999786376953,126.16000366210938,789400.0,115.88983917236328
2016-05-13,126.79000091552734,125.51000213623047,125.88999938964844,126.25,740200.0,115.9725112915039
2016-05-16,128.1300048828125,126.16000366210938,126.16999816894531,127.80000305175781,747200.0,117.39632415771484
2016-05-17,127.69000244140625,126.37999725341797,127.08999633789062,127.5,1130700.0,117.1207504272461
2016-05-18,127.80999755859375,126.20999908447266,127.0,126.62999725341797,1042100.0,116.32157135009766
2016-05-19,128.1300048828125,125.76000213623047,126.5,128.0,442300.0,117.58006286621094
2016-05-20,129.17999267578125,127.45999908447266,128.63999938964844,128.02999877929688,584200.0,117.60762786865234
2016-05-23,128.08999633789062,126.80000305175781,127.79000091552734,127.91999816894531,329200.0,117.50655364990234
2016-05-24,128.47000122070312,126.54000091552734,128.14999389648438,128.25,404800.0,117.80968475341797
2016-05-25,129.33999633789062,128.30999755859375,128.30999755859375,129.0,275100.0,118.49864196777344
2016-05-26,129.3000030517578,128.63999938964844,129.0500030517578,128.92999267578125,450900.0,118.43431854248047
2016-05-27,129.3699951171875,128.16000366210938,128.9199981689453,129.33999633789062,254500.0,118.81095886230469
2016-05-31,129.4499969482422,128.02999877929688,129.2100067138672,129.0,513900.0,118.49864196777344
2016-06-01,129.4199981689453,128.2100067138672,129.0,128.9199981689453,616400.0,118.42514038085938
2016-06-02,128.82000732421875,127.68000030517578,128.82000732421875,128.7100067138672,446800.0,118.23226928710938
2016-06-03,128.7100067138672,127.27999877929688,128.49000549316406,128.3300018310547,580800.0,117.88318634033203
2016-06-06,129.63999938964844,128.27999877929688,128.8800048828125,128.83999633789062,495100.0,118.35167694091797
2016-06-07,130.1699981689453,128.57000732421875,129.10000610351562,129.52999877929688,314800.0,118.98548889160156
2016-06-08,131.3000030517578,128.83999633789062,129.75999450683594,131.00999450683594,380700.0,120.34500885009766
2016-06-09,130.60000610351562,129.5,130.16000366210938,129.8000030517578,482300.0,119.2335205078125
2016-06-10,129.22999572753906,127.5,129.02000427246094,128.75999450683594,726100.0,118.2781753540039
2016-06-13,128.5800018310547,127.29000091552734,128.49000549316406,127.33999633789062,403000.0,116.9737777709961
2016-06-14,127.69999694824219,124.4800033569336,126.55000305175781,127.37000274658203,785500.0,117.00133514404297
2016-06-15,128.08999633789062,126.0999984741211,128.08999633789062,126.20999908447266,511300.0,115.9357681274414
2016-06-16,126.18000030517578,124.41999816894531,125.81999969482422,125.93000030517578,767700.0,115.67855834960938
2016-06-17,126.0,124.26000213623047,125.94999694824219,125.5,568900.0,115.2835693359375
2016-06-20,127.52999877929688,126.16000366210938,126.20999908447266,127.0,692600.0,116.66146087646484
2016-06-21,127.93000030517578,127.05000305175781,127.58999633789062,127.27999877929688,431900.0,116.91866302490234
2016-06-22,127.75,126.41999816894531,127.54000091552734,126.86000061035156,723800.0,116.5328598022461
2016-06-23,128.47000122070312,126.7699966430664,127.48999786376953,127.2300033569336,569200.0,117.39092254638672
2016-06-24,126.19999694824219,121.69000244140625,123.73999786376953,122.13999938964844,1237200.0,112.6945571899414
2016-06-27,121.55000305175781,117.81999969482422,121.11000061035156,119.55999755859375,1452900.0,110.31405639648438
2016-06-28,121.2300033569336,119.11000061035156,120.0,121.1500015258789,613000.0,111.7811279296875
2016-06-29,124.13999938964844,122.12999725341797,122.41000366210938,123.80999755859375,845600.0,114.23542022705078
2016-06-30,126.0999984741211,123.7699966430664,124.5,126.06999969482422,676500.0,116.32062530517578
2016-07-01,128.10000610351562,125.66999816894531,126.47000122070312,126.02999877929688,374700.0,116.28373718261719
2016-07-05,126.18000030517578,124.7699966430664,125.66999816894531,125.69000244140625,389500.0,115.97001647949219
2016-07-06,127.08000183105469,125.13999938964844,125.44999694824219,126.98999786376953,604300.0,117.16947937011719
2016-07-07,128.47000122070312,126.75,126.95999908447266,127.55000305175781,445800.0,117.68618774414062
2016-07-08,129.75,128.4199981689453,128.52999877929688,129.52999877929688,462900.0,119.51305389404297
2016-07-11,130.33999633789062,129.19000244140625,130.0,129.3800048828125,218000.0,119.37466430664062
2016-07-12,131.47999572753906,129.17999267578125,130.32000732421875,131.1999969482422,416700.0,121.0539321899414
2016-07-13,132.36000061035156,131.25999450683594,131.4600067138672,132.24000549316406,384400.0,122.01349639892578
2016-07-14,133.33999633789062,131.5,133.07000732421875,131.75,335900.0,121.56137084960938
2016-07-15,132.7100067138672,131.80999755859375,132.16000366210938,132.10000610351562,353800.0,121.88434600830078
2016-07-18,132.74000549316406,131.27999877929688,131.8699951171875,132.22000122070312,262500.0,121.99502563476562
2016-07-19,133.13999938964844,131.6199951171875,131.66000366210938,132.50999450683594,325200.0,122.26260375976562
2016-07-20,134.50999450683594,131.89999389648438,132.97999572753906,133.9199981689453,317700.0,123.56358337402344
2016-07-21,133.75,132.36000061035156,133.52999877929688,132.8699951171875,216800.0,122.59477233886719
2016-07-22,134.42999267578125,132.64999389648438,133.05999755859375,134.02999877929688,252500.0,123.6650390625
2016-07-25,135.25999450683594,133.85000610351562,134.1300048828125,135.25,336300.0,124.79072570800781
2016-07-26,135.5500030517578,133.9199981689453,135.5500030517578,134.41000366210938,296600.0,124.01566314697266
2016-07-27,134.3699951171875,132.35000610351562,134.3699951171875,133.1999969482422,335900.0,122.89923858642578
2016-07-28,133.61000061035156,132.75999450683594,132.92999267578125,133.25999450683594,243700.0,122.9546127319336
2016-07-29,133.5500030517578,132.4199981689453,133.2100067138672,133.25,354700.0,122.94538116455078
2016-08-01,133.58999633789062,132.50999450683594,133.35000610351562,133.38999938964844,316300.0,123.0745620727539
2016-08-02,133.24000549316406,132.27000427246094,133.1999969482422,132.8699951171875,288700.0,122.59477233886719
2016-08-03,134.0399932861328,132.25999450683594,133.1699981689453,134.0399932861328,273600.0,123.6742935180664
2016-08-04,136.75,134.08999633789062,134.27000427246094,135.75999450683594,484700.0,125.26128387451172
2016-08-05,136.16000366210938,132.63999938964844,136.0399932861328,134.00999450683594,636700.0,123.64659118652344
2016-08-08,133.94000244140625,132.14999389648438,133.66000366210938,132.7100067138672,769500.0,122.44715118408203
2016-08-09,139.80999755859375,135.16000366210938,136.3699951171875,136.3800048828125,1327100.0,125.83332824707031
2016-08-10,136.77999877929688,134.4600067138672,136.49000549316406,135.5399932861328,420600.0,125.05827331542969
2016-08-11,136.58999633789062,135.50999450683594,135.77000427246094,136.0399932861328,214200.0,125.51961517333984
2016-08-12,136.4499969482422,135.1699981689453,135.4600067138672,135.58999633789062,330800.0,125.10441589355469
2016-08-15,136.02000427246094,135.2899932861328,136.0,135.88999938964844,292600.0,125.38121795654297
2016-08-16,135.83999633789062,133.7899932861328,135.83999633789062,134.0399932861328,394600.0,123.6742935180664
2016-08-17,134.50999450683594,133.3300018310547,134.22000122070312,134.22000122070312,236300.0,123.84037780761719
2016-08-18,136.3699951171875,134.3800048828125,134.3800048828125,136.1999969482422,322400.0,125.66724395751953
2016-08-19,137.74000549316406,135.22999572753906,135.77999877929688,137.52999877929688,328200.0,126.89440155029297
2016-08-22,137.60000610351562,136.60000610351562,137.41000366210938,137.58999633789062,156000.0,126.94975280761719
2016-08-23,139.07000732421875,137.38999938964844,138.5399932861328,138.08999633789062,205000.0,127.41108703613281
2016-08-24,138.64999389648438,137.61000061035156,138.05999755859375,137.86000061035156,279800.0,127.19889831542969
2016-08-25,138.72999572753906,137.1699981689453,137.6300048828125,138.5399932861328,171500.0,127.82630920410156
2016-08-26,139.16000366210938,135.7100067138672,138.77000427246094,136.4199981689453,310800.0,125.87022399902344
2016-08-29,137.74000549316406,136.50999450683594,136.50999450683594,137.4499969482422,259700.0,126.82056427001953
2016-08-30,139.2100067138672,137.47000122070312,137.85000610351562,138.4499969482422,417400.0,127.74323272705078
2016-08-31,138.9499969482422,138.14999389648438,138.2100067138672,138.5800018310547,358500.0,127.86324310302734
2016-09-01,138.80999755859375,137.52000427246094,138.24000549316406,138.3699951171875,334300.0,127.66944122314453
2016-09-02,139.27000427246094,138.22999572753906,139.0399932861328,138.99000549316406,280500.0,128.2415008544922
2016-09-06,139.5500030517578,138.13999938964844,139.39999389648438,138.77000427246094,245200.0,128.0385284423828
2016-09-07,139.33999633789062,138.02000427246094,139.11000061035156,139.3300018310547,330800.0,128.5552215576172
2016-09-08,139.27000427246094,138.52000427246094,139.25999450683594,138.6300048828125,331200.0,127.90934753417969
2016-09-09,137.82000732421875,134.74000549316406,137.60000610351562,134.75,517400.0,124.32939910888672
2016-09-12,135.22999572753906,133.5800018310547,133.9600067138672,135.0,662900.0,124.56005859375
2016-09-13,137.94000244140625,134.6199951171875,135.36000061035156,135.02000427246094,602500.0,124.57848358154297
2016-09-14,135.2100067138672,133.97000122070312,135.2100067138672,134.5800018310547,306000.0,124.17254638671875
2016-09-15,135.60000610351562,133.9600067138672,134.44000244140625,135.27999877929688,269700.0,124.81841278076172
2016-09-16,136.1699981689453,134.2100067138672,135.19000244140625,135.85000610351562,453700.0,125.34431457519531
2016-09-19,137.91000366210938,136.4199981689453,136.4199981689453,137.7899932861328,305500.0,127.13428497314453
2016-09-20,138.92999267578125,138.0399932861328,138.8800048828125,138.24000549316406,381800.0,127.54950714111328
2016-09-21,141.19000244140625,138.80999755859375,138.80999755859375,141.10000610351562,480300.0,130.1883087158203
2016-09-22,142.08999633789062,140.94000244140625,141.52000427246094,141.88999938964844,341900.0,131.51376342773438
2016-09-23,141.91000366210938,140.89999389648438,141.6999969482422,140.89999389648438,575800.0,130.59613037109375
2016-09-26,140.88999938964844,140.0800018310547,140.08999633789062,140.19000244140625,308100.0,129.93807983398438
2016-09-27,141.3000030517578,139.5,140.08999633789062,141.27000427246094,215300.0,130.93911743164062
2016-09-28,142.1199951171875,140.60000610351562,141.64999389648438,142.0,357600.0,131.61569213867188
2016-09-29,142.74000549316406,141.19000244140625,141.89999389648438,141.97999572753906,476400.0,131.59719848632812
2016-09-30,143.42999267578125,141.72000122070312,142.11000061035156,142.97000122070312,369000.0,132.5148162841797
2016-10-03,143.63999938964844,141.85000610351562,142.92999267578125,141.9600067138672,432900.0,131.57864379882812
2016-10-04,142.77000427246094,140.22000122070312,141.89999389648438,140.4199981689453,269400.0,130.15122985839844
2016-10-05,140.88999938964844,138.50999450683594,140.69000244140625,138.5500030517578,643600.0,128.41802978515625
2016-10-06,138.8000030517578,137.00999450683594,137.8300018310547,138.22000122070312,710100.0,128.1121368408203
2016-10-07,138.4600067138672,136.25999450683594,138.4600067138672,137.42999267578125,367000.0,127.3799057006836
2016-10-10,138.69000244140625,137.30999755859375,138.3300018310547,137.6999969482422,269500.0,127.63015747070312
2016-10-11,137.52999877929688,135.0399932861328,137.52999877929688,135.47999572753906,227800.0,125.572509765625
2016-10-12,135.11000061035156,131.30999755859375,135.11000061035156,131.35000610351562,836400.0,121.74451446533203
2016-10-13,130.77999877929688,128.3699951171875,130.0,130.2100067138672,851000.0,120.68789672851562
2016-10-14,131.0,129.27999877929688,131.0,129.30999755859375,451800.0,119.85371398925781
2016-10-17,130.07000732421875,128.6300048828125,129.69000244140625,129.10000610351562,442800.0,119.65907287597656
2016-10-18,130.13999938964844,128.52000427246094,130.1199951171875,130.0,357100.0,120.49324035644531
2016-10-19,130.61000061035156,128.72999572753906,130.1300048828125,129.42999267578125,426000.0,119.96493530273438
2016-10-20,130.2100067138672,129.0399932861328,129.32000732421875,129.2100067138672,269800.0,119.76103210449219
2016-10-21,129.88999938964844,128.14999389648438,128.60000610351562,129.75,259100.0,120.26151275634766
2016-10-24,130.89999389648438,129.86000061035156,130.24000549316406,130.52000427246094,367700.0,120.97521209716797
2016-10-25,130.50999450683594,128.85000610351562,130.10000610351562,130.5,358200.0,120.9566650390625
2016-10-26,132.63999938964844,130.14999389648438,130.35000610351562,132.05999755859375,743800.0,122.40262603759766
2016-10-27,133.67999267578125,132.0,132.3000030517578,133.3800048828125,720900.0,123.62609100341797
2016-10-28,134.9600067138672,133.60000610351562,133.60000610351562,134.5399932861328,812900.0,124.70124053955078
2016-10-31,134.88999938964844,130.6699981689453,134.88999938964844,130.77999877929688,726400.0,121.2162094116211
2016-11-01,133.99000549316406,130.89999389648438,130.89999389648438,133.83999633789062,785000.0,124.05244445800781
2016-11-02,133.97000122070312,130.5,133.8000030517578,130.64999389648438,493900.0,121.095703125
2016-11-03,130.97999572753906,129.22000122070312,130.66000366210938,129.2899932861328,380200.0,119.83515930175781
2016-11-04,130.39999389648438,127.91000366210938,129.57000732421875,128.66000366210938,715400.0,119.25125122070312
2016-11-07,131.97000122070312,129.39999389648438,130.02999877929688,131.1199951171875,715500.0,121.53132629394531
2016-11-08,127.55000305175781,119.70999908447266,124.38999938964844,126.05999755859375,2196700.0,116.84136199951172
2016-11-09,125.05000305175781,122.0,123.70999908447266,124.02999877929688,1540100.0,114.95982360839844
2016-11-10,124.58999633789062,118.01000213623047,124.41000366210938,118.47000122070312,2154400.0,109.8064193725586
2016-11-11,119.63999938964844,118.01000213623047,118.41000366210938,118.4000015258789,680700.0,109.74154663085938
2016-11-14,119.05000305175781,116.7300033569336,118.4800033569336,117.5199966430664,837700.0,108.92589569091797
2016-11-15,119.05000305175781,117.36000061035156,117.55999755859375,118.05999755859375,596000.0,109.4264144897461
2016-11-16,121.05000305175781,117.81999969482422,118.05999755859375,120.83000183105469,644000.0,111.99384307861328
2016-11-17,121.5199966430664,119.26000213623047,121.19000244140625,119.44999694824219,693600.0,110.71476745605469
2016-11-18,120.22000122070312,117.30999755859375,119.13999938964844,119.77999877929688,608900.0,111.02063751220703
2016-11-21,120.97000122070312,119.55999755859375,119.55999755859375,120.05000305175781,413900.0,111.27088928222656
2016-11-22,120.8499984741211,119.66999816894531,119.94999694824219,120.33999633789062,747200.0,111.53968811035156
2016-11-23,121.22000122070312,119.88999938964844,119.98999786376953,120.33000183105469,623900.0,111.53040313720703
2016-11-25,121.9000015258789,120.2699966430664,120.31999969482422,120.37999725341797,365100.0,111.57675170898438
2016-11-28,121.12999725341797,119.7699966430664,120.61000061035156,120.3499984741211,452900.0,111.54894256591797
2016-11-29,121.9000015258789,120.0,120.41000366210938,121.25,345200.0,112.38313293457031
2016-11-30,121.58999633789062,120.51000213623047,121.1500015258789,121.05000305175781,564200.0,112.19776153564453
2016-12-01,121.44000244140625,118.08000183105469,121.06999969482422,118.51000213623047,772100.0,109.84349822998047
2016-12-02,120.16999816894531,118.36000061035156,118.98999786376953,120.06999969482422,607300.0,111.2894287109375
2016-12-05,121.25,119.12999725341797,120.62999725341797,121.01000213623047,631100.0,112.16068267822266
2016-12-06,122.12000274658203,120.33999633789062,121.04000091552734,121.79000091552734,535100.0,112.8836441040039
2016-12-07,125.06999969482422,121.52999877929688,121.52999877929688,124.66000366210938,547600.0,115.54376983642578
2016-12-08,126.18000030517578,124.0199966430664,124.66000366210938,125.76000213623047,657900.0,116.56330871582031
2016-12-09,126.26000213623047,124.12000274658203,125.76000213623047,125.30000305175781,485500.0,116.13695526123047
2016-12-12,126.08000183105469,122.91000366210938,125.77999877929688,123.19999694824219,446500.0,114.19052124023438
2016-12-13,123.7300033569336,121.23999786376953,123.20999908447266,121.75,738000.0,112.84657287597656
2016-12-14,122.69000244140625,118.30999755859375,122.22000122070312,118.43000030517578,800400.0,109.76934051513672
2016-12-15,120.20999908447266,118.0,118.36000061035156,120.16999816894531,636500.0,111.38211059570312
2016-12-16,120.0,116.63999938964844,119.29000091552734,118.01000213623047,1460400.0,109.38005828857422
2016-12-19,118.6500015258789,117.30999755859375,118.3499984741211,117.87000274658203,620400.0,109.25032043457031
2016-12-20,118.36000061035156,117.0,117.86000061035156,117.79000091552734,373900.0,109.17615509033203
2016-12-21,119.2699966430664,117.2300033569336,118.12000274658203,118.23999786376953,535000.0,109.59323120117188
2016-12-22,119.3499984741211,117.75,117.9000015258789,119.3499984741211,466600.0,110.62207794189453
2016-12-23,119.13999938964844,117.9800033569336,118.69999694824219,118.23999786376953,606000.0,110.18408966064453
2016-12-27,119.41999816894531,118.37999725341797,118.63999938964844,119.0199966430664,561300.0,110.91094207763672
2016-12-28,119.55999755859375,118.5999984741211,119.04000091552734,118.80000305175781,407900.0,110.70594024658203
2016-12-29,119.20999908447266,118.6500015258789,118.81999969482422,118.9000015258789,416300.0,110.79912567138672
2016-12-30,119.30000305175781,117.52999877929688,118.86000061035156,117.83000183105469,504500.0,109.80203247070312
2017-01-03,119.66999816894531,116.7300033569336,118.44999694824219,117.16999816894531,531300.0,109.1869888305664
2017-01-04,118.18000030517578,115.51000213623047,117.0,117.38999938964844,705900.0,109.39200592041016
2017-01-05,117.44000244140625,115.12000274658203,116.94000244140625,116.0999984741211,1010200.0,108.18990325927734
2017-01-06,116.52999877929688,113.16000366210938,115.66999816894531,116.0199966430664,1013900.0,108.11534118652344
2017-01-09,116.19999694824219,113.5,115.25,115.55999755859375,712000.0,107.68668365478516
2017-01-10,116.58000183105469,115.38999938964844,116.02999877929688,115.4800033569336,491500.0,107.61213684082031
2017-01-11,116.52999877929688,114.7699966430664,115.27999877929688,116.30000305175781,608100.0,108.37628173828125
2017-01-12,116.7300033569336,114.94999694824219,116.08000183105469,115.26000213623047,548900.0,107.40711975097656
2017-01-13,117.18000030517578,115.58000183105469,115.58000183105469,116.66000366210938,427700.0,108.71176147460938
2017-01-17,117.77999877929688,116.38999938964844,116.72000122070312,116.80999755859375,464500.0,108.85152435302734
2017-01-18,117.91999816894531,116.72000122070312,117.20999908447266,117.83000183105469,501000.0,109.80203247070312
2017-01-19,118.02999877929688,116.63999938964844,117.66999816894531,117.51000213623047,465800.0,109.50382232666016
2017-01-20,119.44000244140625,117.58999633789062,117.69999694824219,118.12999725341797,456200.0,110.08158874511719
2017-01-23,117.91000366210938,116.83000183105469,117.80999755859375,117.37000274658203,315600.0,109.37337493896484
2017-01-24,119.66000366210938,116.79000091552734,117.62000274658203,119.54000091552734,373700.0,111.39552307128906
2017-01-25,120.29000091552734,119.58999633789062,120.05999755859375,119.81999969482422,416600.0,111.65644836425781
2017-01-26,120.36000061035156,119.4800033569336,120.04000091552734,119.69999694824219,261500.0,111.54462432861328
2017-01-27,119.91999816894531,118.5199966430664,119.41999816894531,119.8499984741211,284800.0,111.68441009521484
2017-01-30,119.69000244140625,118.48999786376953,119.41999816894531,119.0,415900.0,110.8923110961914
2017-01-31,118.87999725341797,115.97000122070312,118.66000366210938,117.20999908447266,798400.0,109.22428131103516
2017-02-01,117.62999725341797,115.77999877929688,117.4000015258789,116.54000091552734,929800.0,108.5999526977539
2017-02-02,118.12999725341797,114.80999755859375,116.56999969482422,116.83999633789062,1771100.0,108.87948608398438
2017-02-03,118.44999694824219,116.11000061035156,117.16999816894531,117.9800033569336,699300.0,109.94182586669922
2017-02-06,118.04000091552734,116.52999877929688,117.55000305175781,117.47000122070312,364800.0,109.466552734375
2017-02-07,117.87999725341797,116.31999969482422,117.76000213623047,116.75,670600.0,108.79560089111328
2017-02-08,118.54000091552734,116.30000305175781,116.73999786376953,117.91999816894531,639500.0,109.88589477539062
2017-02-09,119.30999755859375,117.51000213623047,117.91999816894531,117.73999786376953,1313500.0,109.7181625366211
2017-02-10,119.08999633789062,117.56999969482422,118.26000213623047,117.91000366210938,1347100.0,109.87657928466797
2017-02-13,120.02999877929688,117.55999755859375,118.43000030517578,120.02999877929688,732700.0,111.8521499633789
2017-02-14,119.95999908447266,117.08999633789062,119.54000091552734,117.9000015258789,1004800.0,109.86724853515625
2017-02-15,119.2699966430664,117.06999969482422,117.36000061035156,119.16000366210938,669100.0,111.04142761230469
2017-02-16,126.33999633789062,120.0,120.83000183105469,124.02999877929688,1933900.0,115.5796127319336
2017-02-17,123.86000061035156,122.0999984741211,123.68000030517578,122.37000274658203,881600.0,114.03272247314453
2017-02-21,123.19000244140625,121.08999633789062,122.13999938964844,121.62000274658203,668400.0,113.33382415771484
2017-02-22,122.83000183105469,121.02999877929688,121.58999633789062,122.62999725341797,563300.0,114.2750015258789
2017-02-23,128.3300018310547,123.94000244140625,125.04000091552734,125.13999938964844,1083600.0,116.61396789550781
2017-02-24,125.30000305175781,124.0,125.05999755859375,125.0,516800.0,116.48352813720703
2017-02-27,125.1500015258789,124.12999725341797,125.11000061035156,124.80999755859375,462900.0,116.30648040771484
2017-02-28,126.19999694824219,124.73999786376953,124.81999969482422,125.69999694824219,506200.0,117.1358413696289
2017-03-01,128.3800048828125,126.0199966430664,126.12000274658203,127.0999984741211,624500.0,118.44044494628906
2017-03-02,127.47000122070312,125.5,126.94000244140625,126.12999725341797,556700.0,117.53652954101562
2017-03-03,126.66999816894531,124.54000091552734,126.06999969482422,125.12999725341797,345300.0,116.60466766357422
2017-03-06,125.12999725341797,124.20999908447266,124.41000366210938,124.38999938964844,567500.0,115.91509246826172
2017-03-07,125.0999984741211,123.3499984741211,124.18000030517578,123.88999938964844,439000.0,115.44916534423828
2017-03-08,125.45999908447266,123.79000091552734,123.79000091552734,124.27999877929688,607600.0,115.81258392333984
2017-03-09,124.26000213623047,123.1500015258789,124.26000213623047,123.66000366210938,504000.0,115.23483276367188
2017-03-10,125.38999938964844,124.33000183105469,124.55000305175781,125.33000183105469,474500.0,116.79104614257812
2017-03-13,126.76000213623047,124.62000274658203,125.41999816894531,126.5999984741211,617800.0,117.97452545166016
2017-03-14,126.7699966430664,125.52999877929688,126.11000061035156,126.22000122070312,491400.0,117.62040710449219
2017-03-15,128.42999267578125,126.0199966430664,126.5,128.10000610351562,571600.0,119.37232971191406
2017-03-16,129.08999633789062,127.77999877929688,128.27999877929688,128.94000244140625,571200.0,120.15508270263672
2017-03-17,132.24000549316406,129.32000732421875,129.61000061035156,132.10000610351562,1223000.0,123.09980010986328
2017-03-20,135.49000549316406,131.69000244140625,132.0500030517578,135.39999389648438,1545500.0,126.17494201660156
2017-03-21,137.0399932861328,134.47999572753906,135.4499969482422,135.10000610351562,961500.0,125.8953857421875
2017-03-22,136.97999572753906,134.5,135.02000427246094,136.88999938964844,770000.0,127.56344604492188
2017-03-23,136.8300018310547,134.94000244140625,135.39999389648438,135.07000732421875,808300.0,126.45867919921875
2017-03-24,135.2899932861328,132.7899932861328,135.16000366210938,133.19000244140625,667300.0,124.69853210449219
2017-03-27,133.4600067138672,131.77000427246094,132.72999572753906,132.55999755859375,1124800.0,124.10867309570312
2017-03-28,132.35000610351562,130.61000061035156,131.97999572753906,131.5500030517578,843400.0,123.16309356689453
2017-03-29,132.2100067138672,130.97999572753906,131.4199981689453,131.9600067138672,972900.0,123.54693603515625
2017-03-30,133.4199981689453,131.63999938964844,131.80999755859375,132.3699951171875,405100.0,123.9308090209961
2017-03-31,133.42999267578125,132.02000427246094,132.4499969482422,132.52999877929688,498100.0,124.08059692382812
2017-04-03,132.77999877929688,131.25,132.74000549316406,131.58999633789062,389400.0,123.20053100585938
2017-04-04,132.4499969482422,130.99000549316406,131.97000122070312,131.4499969482422,320900.0,123.0694580078125
2017-04-05,132.88999938964844,131.3800048828125,131.3800048828125,131.77000427246094,608700.0,123.36904907226562
2017-04-06,133.36000061035156,131.4199981689453,131.8800048828125,133.0399932861328,589300.0,124.55806732177734
2017-04-07,133.1999969482422,132.0800018310547,132.30999755859375,132.25,347300.0,123.81845092773438
2017-04-10,133.08999633789062,131.77000427246094,132.0800018310547,132.85000610351562,374500.0,124.38019561767578
2017-04-11,133.80999755859375,132.36000061035156,132.88999938964844,133.39999389648438,318200.0,124.8951187133789
2017-04-12,133.17999267578125,132.0800018310547,133.17999267578125,132.55999755859375,498700.0,124.10867309570312
2017-04-13,133.36000061035156,131.91000366210938,132.49000549316406,131.94000244140625,230600.0,123.5282211303711
2017-04-17,133.14999389648438,131.86000061035156,132.30999755859375,133.02000427246094,339500.0,124.53936767578125
2017-04-18,134.77999877929688,132.10000610351562,132.4499969482422,134.07000732421875,331300.0,125.52241516113281
2017-04-19,135.1999969482422,133.75999450683594,134.0800018310547,134.52999877929688,366200.0,125.95308685302734
2017-04-20,136.10000610351562,134.39999389648438,134.8300018310547,135.8000030517578,268100.0,127.14215087890625
2017-04-21,136.57000732421875,135.74000549316406,135.99000549316406,136.1199951171875,283100.0,127.4417495727539
2017-04-24,138.42999267578125,136.82000732421875,137.05999755859375,138.02999877929688,398100.0,129.22994995117188
2017-04-25,139.8699951171875,137.72000122070312,138.88999938964844,139.08999633789062,377400.0,130.22238159179688
2017-04-26,139.8000030517578,138.58999633789062,139.0399932861328,138.8000030517578,378000.0,129.9508819580078
2017-04-27,140.1999969482422,138.80999755859375,139.13999938964844,139.72999572753906,382300.0,130.82156372070312
2017-04-28,139.5800018310547,138.36000061035156,139.5800018310547,138.58999633789062,301200.0,129.75424194335938
2017-05-01,139.3000030517578,138.10000610351562,139.19000244140625,138.97999572753906,195400.0,130.11941528320312
2017-05-02,138.92999267578125,136.41000366210938,138.8699951171875,138.22000122070312,305200.0,129.40785217285156
2017-05-03,139.0,137.50999450683594,138.47999572753906,138.8300018310547,269800.0,129.9789581298828
2017-05-04,139.75,137.67999267578125,138.89999389648438,138.47000122070312,550100.0,129.64190673828125
2017-05-05,139.8699951171875,138.80999755859375,138.9499969482422,139.27000427246094,567800.0,130.39093017578125
2017-05-08,139.47000122070312,136.8800048828125,139.27000427246094,137.3800048828125,882100.0,128.6213836669922
2017-05-09,133.75,128.5,133.75,128.97999572753906,1749000.0,120.75691223144531
2017-05-10,130.4499969482422,128.4199981689453,128.4199981689453,130.3300018310547,609300.0,122.02086639404297
2017-05-11,131.0,129.5500030517578,130.27999877929688,130.85000610351562,348900.0,122.50772094726562
2017-05-12,130.9199981689453,129.97000122070312,130.6999969482422,130.7100067138672,360000.0,122.37662506103516
2017-05-15,132.92999267578125,130.52999877929688,130.97000122070312,132.49000549316406,449400.0,124.04315185546875
2017-05-16,133.52000427246094,132.00999450683594,132.47000122070312,133.16000366210938,367700.0,124.67045593261719
2017-05-17,134.89999389648438,132.08999633789062,133.16000366210938,133.14999389648438,649900.0,124.66106414794922
2017-05-18,135.08999633789062,131.35000610351562,132.2899932861328,134.25999450683594,407400.0,125.70030212402344
2017-05-19,135.39999389648438,134.1699981689453,134.52000427246094,134.80999755859375,336500.0,126.21524810791016
2017-05-22,136.0800018310547,135.00999450683594,135.61000061035156,135.85000610351562,290500.0,127.18894958496094
2017-05-23,137.0399932861328,135.63999938964844,135.91000366210938,136.52000427246094,301700.0,127.81621551513672
2017-05-24,138.50999450683594,136.1199951171875,136.1199951171875,137.89999389648438,439900.0,129.10826110839844
2017-05-25,138.89999389648438,137.57000732421875,137.89999389648438,138.41000366210938,1105500.0,129.5857391357422
2017-05-26,138.85000610351562,138.02999877929688,138.4600067138672,138.44000244140625,243900.0,129.61383056640625
2017-05-30,138.13999938964844,136.58999633789062,137.94000244140625,136.99000549316406,458500.0,128.25625610351562
2017-05-31,138.07000732421875,136.4499969482422,137.19000244140625,137.88999938964844,429000.0,129.098876953125
2017-06-01,139.77000427246094,137.58999633789062,137.72000122070312,138.17999267578125,411500.0,129.37039184570312
2017-06-02,139.33999633789062,138.02000427246094,138.22000122070312,139.24000549316406,279700.0,130.36282348632812
2017-06-05,140.44000244140625,138.9499969482422,139.4199981689453,139.4499969482422,326900.0,130.55943298339844
2017-06-06,139.69000244140625,138.2100067138672,138.8699951171875,138.8000030517578,347000.0,129.9508819580078
2017-06-07,139.67999267578125,137.74000549316406,138.22000122070312,137.8699951171875,362600.0,129.08013916015625
2017-06-08,137.8699951171875,135.1199951171875,137.8699951171875,135.69000244140625,521000.0,127.03915405273438
2017-06-09,137.22999572753906,135.86000061035156,136.1199951171875,137.1999969482422,482900.0,128.45286560058594
2017-06-12,137.6699981689453,136.25,137.3699951171875,136.44000244140625,297100.0,127.74134826660156
2017-06-13,136.97000122070312,134.47000122070312,136.1199951171875,136.5,441200.0,127.7974853515625
2017-06-14,137.2899932861328,135.00999450683594,136.64999389648438,136.50999450683594,485100.0,127.80686950683594
2017-06-15,136.41000366210938,134.0500030517578,135.8800048828125,135.08999633789062,709600.0,126.47740936279297
2017-06-16,135.58999633789062,134.00999450683594,135.1199951171875,134.5800018310547,1135200.0,125.9999008178711
2017-06-19,136.64999389648438,134.5399932861328,135.10000610351562,136.13999938964844,389100.0,127.46046447753906
2017-06-20,137.3300018310547,136.02999877929688,136.2100067138672,136.19000244140625,373700.0,127.50726318359375
2017-06-21,137.3699951171875,135.7100067138672,136.82000732421875,136.0800018310547,454300.0,127.40428161621094
2017-06-22,135.8300018310547,134.3300018310547,135.8300018310547,135.1300048828125,310000.0,127.11265563964844
2017-06-23,136.7100067138672,134.82000732421875,135.22999572753906,136.14999389648438,402200.0,128.0721435546875
2017-06-26,138.0,135.75,136.4600067138672,137.07000732421875,398800.0,128.9375762939453
2017-06-27,137.11000061035156,135.2899932861328,137.07000732421875,135.3699951171875,296300.0,127.33841705322266
2017-06-28,136.94000244140625,135.6699981689453,136.25,135.91000366210938,376600.0,127.84639739990234
2017-06-29,136.0399932861328,132.38999938964844,136.0399932861328,133.47999572753906,422900.0,125.56056213378906
2017-06-30,135.94000244140625,133.86000061035156,133.86000061035156,135.0,420000.0,126.99038696289062
2017-07-03,136.05999755859375,134.8300018310547,135.60000610351562,134.89999389648438,149100.0,126.89630889892578
2017-07-05,135.41000366210938,133.85000610351562,134.99000549316406,134.2100067138672,401700.0,126.24723815917969
2017-07-06,133.47000122070312,132.02999877929688,133.27999877929688,132.16000366210938,275900.0,124.31886291503906
2017-07-07,132.61000061035156,131.47999572753906,132.2100067138672,131.8800048828125,420300.0,124.05548858642578
2017-07-10,132.50999450683594,131.1300048828125,131.8300018310547,131.69000244140625,325700.0,123.87676239013672
2017-07-11,132.3699951171875,130.94000244140625,131.82000732421875,131.97999572753906,288700.0,124.14956665039062
2017-07-12,133.72000122070312,132.4199981689453,132.7100067138672,133.55999755859375,354100.0,125.63580322265625
2017-07-13,133.5800018310547,132.02999877929688,133.5500030517578,132.72999572753906,516500.0,124.85503387451172
2017-07-14,134.36000061035156,132.4600067138672,132.9499969482422,133.72999572753906,392100.0,125.79576110839844
2017-07-17,134.39999389648438,133.1300048828125,133.75999450683594,133.8800048828125,385600.0,125.93685150146484
2017-07-18,135.69000244140625,133.77000427246094,133.77000427246094,135.05999755859375,303500.0,127.04682159423828
2017-07-19,136.27000427246094,134.6300048828125,135.3800048828125,135.22999572753906,370000.0,127.20671844482422
2017-07-20,135.1300048828125,132.66000366210938,135.1300048828125,133.3699951171875,396300.0,125.45707702636719
2017-07-21,133.17999267578125,131.38999938964844,133.17999267578125,133.00999450683594,406100.0,125.11844635009766
2017-07-24,132.8800048828125,131.27000427246094,132.8800048828125,132.50999450683594,372200.0,124.64810180664062
2017-07-25,134.86000061035156,132.85000610351562,133.1699981689453,132.97999572753906,527600.0,125.09022521972656
2017-07-26,133.94000244140625,132.75999450683594,133.0399932861328,133.3800048828125,505700.0,125.46648406982422
2017-07-27,134.25,133.08999633789062,133.3699951171875,133.5800018310547,449900.0,125.6546401977539
2017-07-28,133.80999755859375,132.58999633789062,133.63999938964844,133.14999389648438,340600.0,125.2501449584961
2017-07-31,133.99000549316406,132.86000061035156,133.36000061035156,133.17999267578125,438700.0,125.27836608886719
2017-08-01,135.1300048828125,133.4600067138672,133.67999267578125,134.57000732421875,445800.0,126.58589172363281
2017-08-02,135.61000061035156,133.55999755859375,134.36000061035156,133.83999633789062,636800.0,125.89920806884766
2017-08-03,134.85000610351562,133.25,134.02000427246094,134.3300018310547,672000.0,126.3601303100586
2017-08-04,135.00999450683594,134.27000427246094,134.61000061035156,134.8000030517578,354700.0,126.80225372314453
2017-08-07,135.47999572753906,134.52999877929688,134.75999450683594,134.80999755859375,439700.0,126.81165313720703
2017-08-08,136.00999450683594,134.3699951171875,134.67999267578125,134.63999938964844,667500.0,126.65172576904297
2017-08-09,140.0,134.61000061035156,136.22000122070312,139.67999267578125,1016600.0,131.39271545410156
2017-08-10,139.52999877929688,136.52999877929688,139.19000244140625,136.85000610351562,728700.0,128.73062133789062
2017-08-11,137.19000244140625,134.47000122070312,137.19000244140625,135.3800048828125,372000.0,127.34783172607422
2017-08-14,137.39999389648438,135.88999938964844,136.2100067138672,137.05999755859375,280700.0,128.9281768798828
2017-08-15,138.0,136.6300048828125,137.22000122070312,137.07000732421875,362400.0,128.9375762939453
2017-08-16,138.6999969482422,136.9199981689453,137.38999938964844,138.5399932861328,265500.0,130.32032775878906
2017-08-17,138.32000732421875,135.22999572753906,137.94000244140625,135.27999877929688,252000.0,127.25375366210938
2017-08-18,135.83999633789062,134.11000061035156,135.05999755859375,134.8300018310547,352100.0,126.83045959472656
2017-08-21,135.3000030517578,134.14999389648438,134.85000610351562,134.8800048828125,271300.0,126.87749481201172
2017-08-22,136.0399932861328,134.8300018310547,134.94000244140625,135.86000061035156,179700.0,127.79936981201172
2017-08-23,135.66000366210938,134.6199951171875,134.7899932861328,135.1199951171875,284600.0,127.10324096679688
2017-08-24,135.8699951171875,135.11000061035156,135.61000061035156,135.22999572753906,181400.0,127.20671844482422
2017-08-25,136.61000061035156,135.4199981689453,135.4199981689453,135.9199981689453,168800.0,127.85577392578125
2017-08-28,136.50999450683594,135.47000122070312,136.25,136.13999938964844,170700.0,128.062744140625
2017-08-29,136.41000366210938,134.92999267578125,135.24000549316406,135.9499969482422,224400.0,127.88402557373047
2017-08-30,137.3699951171875,135.6699981689453,135.6699981689453,136.22000122070312,256600.0,128.1380157470703
2017-08-31,137.05999755859375,136.1699981689453,136.66000366210938,136.85000610351562,282200.0,128.73062133789062
2017-09-01,138.38999938964844,137.10000610351562,137.10000610351562,137.94000244140625,205400.0,129.75595092773438
2017-09-05,139.47999572753906,137.52999877929688,137.75,139.25999450683594,342100.0,130.99761962890625
2017-09-06,139.72999572753906,137.97000122070312,139.6999969482422,139.05999755859375,237400.0,130.80950927734375
2017-09-07,140.74000549316406,139.32000732421875,139.32000732421875,140.55999755859375,296700.0,132.2205047607422
2017-09-08,142.3800048828125,140.3000030517578,140.52999877929688,141.8300018310547,267900.0,133.41514587402344
2017-09-11,144.02999877929688,142.10000610351562,142.77999877929688,143.13999938964844,318000.0,134.64744567871094
2017-09-12,144.1199951171875,142.50999450683594,143.3699951171875,143.2100067138672,416900.0,134.71327209472656
2017-09-13,143.69000244140625,142.72000122070312,143.08999633789062,143.13999938964844,284800.0,134.64744567871094
2017-09-14,143.89999389648438,142.6699981689453,142.8800048828125,143.66000366210938,232100.0,135.1365966796875
2017-09-15,144.1300048828125,143.22000122070312,143.55999755859375,143.77999877929688,393700.0,135.24945068359375
2017-09-18,144.44000244140625,143.25999450683594,144.02999877929688,144.13999938964844,192600.0,135.5880889892578
2017-09-19,144.72000122070312,143.75999450683594,144.39999389648438,144.6199951171875,158900.0,136.03961181640625
2017-09-20,145.52000427246094,144.1199951171875,144.63999938964844,145.00999450683594,267500.0,136.40650939941406
2017-09-21,145.13999938964844,143.39999389648438,144.83999633789062,143.77000427246094,371700.0,135.24005126953125
2017-09-22,144.4499969482422,142.75999450683594,143.1300048828125,144.2100067138672,380700.0,136.30813598632812
2017-09-25,144.99000549316406,143.39999389648438,143.9499969482422,144.88999938964844,257400.0,136.9508514404297
2017-09-26,145.88999938964844,143.8000030517578,145.49000549316406,143.8300018310547,221400.0,135.94894409179688
2017-09-27,144.02999877929688,139.67999267578125,144.02999877929688,141.02000427246094,667900.0,133.29295349121094
2017-09-28,143.25,140.85000610351562,140.85000610351562,142.60000610351562,255300.0,134.7863311767578
2017-09-29,143.3800048828125,142.47999572753906,142.5800018310547,142.91000366210938,266900.0,135.0793914794922
2017-10-02,144.6300048828125,142.97999572753906,143.27000427246094,144.47000122070312,395300.0,136.5538787841797
2017-10-03,145.9199981689453,144.22999572753906,144.75999450683594,145.91000366210938,351900.0,137.9149627685547
2017-10-04,146.9199981689453,145.3800048828125,145.85000610351562,146.64999389648438,267200.0,138.61444091796875
2017-10-05,147.5,146.4600067138672,147.17999267578125,147.25,407800.0,139.18157958984375
2017-10-06,146.85000610351562,144.9600067138672,146.58999633789062,145.6300048828125,296900.0,137.6503143310547
2017-10-09,147.05999755859375,145.49000549316406,145.61000061035156,146.3800048828125,436800.0,138.35923767089844
2017-10-10,148.3300018310547,146.27999877929688,146.38999938964844,148.25999450683594,415500.0,140.13621520996094
2017-10-11,148.49000549316406,147.02999877929688,148.2100067138672,147.72999572753906,293700.0,139.63523864746094
2017-10-12,148.2899932861328,147.25,147.4199981689453,147.58999633789062,290800.0,139.50294494628906
2017-10-13,148.7100067138672,147.3699951171875,148.39999389648438,148.17999267578125,170700.0,140.06060791015625
2017-10-16,149.83999633789062,147.8300018310547,148.41000366210938,149.77999877929688,223200.0,141.57293701171875
2017-10-17,149.6699981689453,148.47000122070312,149.58999633789062,148.5800018310547,208300.0,140.43869018554688
2017-10-18,148.99000549316406,147.10000610351562,148.52999877929688,147.27999877929688,311300.0,139.20989990234375
2017-10-19,148.19000244140625,146.1300048828125,146.9600067138672,148.1199951171875,157800.0,140.0038604736328
2017-10-20,150.3800048828125,148.27999877929688,148.77999877929688,150.36000061035156,237000.0,142.12115478515625
2017-10-23,151.0399932861328,150.0,150.50999450683594,150.16000366210938,264800.0,141.93209838867188
2017-10-24,150.3000030517578,148.3699951171875,150.3000030517578,149.0500030517578,218600.0,140.8829345703125
2017-10-25,150.1999969482422,148.14999389648438,149.07000732421875,149.1999969482422,263000.0,141.02471923828125
2017-10-26,150.3000030517578,148.6999969482422,149.6300048828125,150.0,171300.0,141.78089904785156
2017-10-27,150.22000122070312,148.39999389648438,149.6699981689453,148.55999755859375,228100.0,140.41976928710938
2017-10-30,148.3800048828125,146.42999267578125,148.08999633789062,146.77000427246094,214800.0,138.72784423828125
2017-10-31,147.47999572753906,146.2100067138672,146.82000732421875,147.4199981689453,259800.0,139.34225463867188
2017-11-01,148.94000244140625,147.50999450683594,147.74000549316406,148.32000732421875,266600.0,140.19296264648438
2017-11-02,148.92999267578125,147.02000427246094,148.67999267578125,148.1999969482422,299800.0,140.07948303222656
2017-11-03,149.02000427246094,147.4499969482422,147.9600067138672,148.30999755859375,280600.0,140.1834716796875
2017-11-06,148.60000610351562,146.42999267578125,148.60000610351562,146.4499969482422,342100.0,138.42539978027344
2017-11-07,153.97000122070312,149.50999450683594,153.0,149.99000549316406,782800.0,141.7714080810547
2017-11-08,149.8699951171875,147.25,149.85000610351562,147.52999877929688,435200.0,139.4462127685547
2017-11-09,147.5500030517578,146.30999755859375,147.1999969482422,146.74000549316406,235100.0,138.6995086669922
2017-11-10,147.64999389648438,145.4499969482422,145.4499969482422,146.77000427246094,282200.0,138.72784423828125
2017-11-13,149.8000030517578,146.47999572753906,146.5800018310547,149.72000122070312,202200.0,141.51622009277344
2017-11-14,150.7100067138672,148.33999633789062,148.9499969482422,150.64999389648438,233800.0,142.39524841308594
2017-11-15,149.61000061035156,147.8699951171875,149.61000061035156,147.9499969482422,192000.0,139.8431854248047
2017-11-16,149.36000061035156,148.0,148.6300048828125,148.58999633789062,265200.0,140.4481201171875
2017-11-17,148.9499969482422,147.50999450683594,148.0399932861328,148.75,210200.0,140.59938049316406
2017-11-20,150.0,148.47999572753906,149.1300048828125,149.94000244140625,245600.0,141.72415161132812
2017-11-21,152.22000122070312,150.5500030517578,150.72000122070312,151.7100067138672,209400.0,143.39720153808594
2017-11-22,152.17999267578125,150.4499969482422,151.72999572753906,150.97999572753906,203600.0,142.70718383789062
2017-11-24,152.64999389648438,151.22000122070312,151.22000122070312,152.3800048828125,138600.0,144.03045654296875
2017-11-27,153.27999877929688,151.27999877929688,152.3000030517578,151.47000122070312,225100.0,143.1703338623047
2017-11-28,154.72000122070312,151.97000122070312,151.97000122070312,154.4499969482422,225500.0,145.98704528808594
2017-11-29,155.5,153.83999633789062,154.61000061035156,154.55999755859375,210900.0,146.0910186767578
2017-11-30,156.63999938964844,154.08999633789062,154.82000732421875,155.44000244140625,542200.0,146.92279052734375
2017-12-01,156.1999969482422,152.55999755859375,156.1999969482422,154.6999969482422,280900.0,146.22332763671875
2017-12-04,155.2899932861328,153.8800048828125,155.2899932861328,154.33999633789062,411800.0,145.88307189941406
2017-12-05,155.8699951171875,153.27999877929688,154.52000427246094,154.97000122070312,255900.0,146.47854614257812
2017-12-06,154.6300048828125,153.44000244140625,154.4600067138672,153.8000030517578,262900.0,145.37266540527344
2017-12-07,154.2100067138672,153.00999450683594,154.2100067138672,153.25999450683594,203500.0,144.8622283935547
2017-12-08,153.89999389648438,152.82000732421875,153.8800048828125,153.0399932861328,238300.0,144.65431213378906
2017-12-11,153.13999938964844,151.7899932861328,153.0500030517578,152.3000030517578,253800.0,143.95484924316406
2017-12-12,152.52999877929688,151.47999572753906,152.30999755859375,152.25999450683594,186700.0,143.9170379638672
2017-12-13,153.3300018310547,150.4499969482422,152.55999755859375,153.0399932861328,361100.0,144.65431213378906
2017-12-14,153.25,151.5800018310547,153.22999572753906,151.6300048828125,211200.0,143.32154846191406
2017-12-15,154.39999389648438,152.3800048828125,152.5800018310547,154.1699981689453,526000.0,145.7223663330078
2017-12-18,155.42999267578125,153.99000549316406,154.75999450683594,154.33999633789062,213200.0,145.88307189941406
2017-12-19,154.75999450683594,153.35000610351562,154.1199951171875,154.39999389648438,244400.0,145.9397430419922
2017-12-20,154.75999450683594,152.99000549316406,154.75,153.07000732421875,205000.0,144.6826629638672
2017-12-21,153.47999572753906,151.4499969482422,153.22999572753906,151.86000061035156,180900.0,143.5389404296875
2017-12-22,152.57000732421875,151.5500030517578,152.25,152.50999450683594,162800.0,144.1533660888672
2017-12-26,152.88999938964844,151.97000122070312,152.88999938964844,152.24000549316406,94100.0,143.89813232421875
2017-12-27,153.4199981689453,151.75999450683594,152.57000732421875,152.9199981689453,175800.0,144.54086303710938
2017-12-28,153.91000366210938,152.08999633789062,152.67999267578125,153.77000427246094,227700.0,146.00311279296875
2017-12-29,154.8000030517578,152.58999633789062,154.1699981689453,152.61000061035156,189600.0,144.90167236328125
2018-01-02,154.55999755859375,152.5399932861328,153.0399932861328,154.55999755859375,264500.0,146.75320434570312
2018-01-03,156.58999633789062,154.52999877929688,154.92999267578125,155.74000549316406,243900.0,147.87359619140625
2018-01-04,157.22000122070312,153.58999633789062,156.27999877929688,153.75999450683594,371300.0,145.9935760498047
2018-01-05,156.92999267578125,154.32000732421875,154.4600067138672,156.8699951171875,259900.0,148.94651794433594
2018-01-08,156.83999633789062,155.4499969482422,156.83999633789062,155.8300018310547,208000.0,147.95904541015625
2018-01-09,156.49000549316406,154.13999938964844,155.92999267578125,154.25999450683594,214200.0,146.4683380126953
2018-01-10,154.75,152.2899932861328,154.3000030517578,153.77999877929688,264600.0,146.01260375976562
2018-01-11,154.5,152.8300018310547,154.5,153.52999877929688,388800.0,145.77520751953125
2018-01-12,154.1999969482422,152.22000122070312,154.1699981689453,153.6999969482422,366700.0,145.93663024902344
2018-01-16,155.44000244140625,152.11000061035156,154.6999969482422,152.5399932861328,252000.0,144.83522033691406
2018-01-17,157.39999389648438,154.92999267578125,155.52999877929688,156.5500030517578,789000.0,148.64268493652344
2018-01-18,156.8800048828125,153.1699981689453,156.24000549316406,155.1300048828125,357400.0,147.29440307617188
2018-01-19,155.8300018310547,154.49000549316406,155.8300018310547,155.19000244140625,398300.0,147.3513641357422
2018-01-22,154.82000732421875,152.6999969482422,154.82000732421875,153.05999755859375,443600.0,145.32896423339844
2018-01-23,153.3699951171875,151.30999755859375,153.0,153.00999450683594,322000.0,145.28147888183594
2018-01-24,153.75,151.88999938964844,153.02000427246094,152.86000061035156,291500.0,145.13905334472656
2018-01-25,155.1300048828125,153.0800018310547,153.61000061035156,154.85000610351562,461200.0,147.028564453125
2018-01-26,155.27000427246094,153.22999572753906,155.27000427246094,153.49000549316406,433800.0,145.73724365234375
2018-01-29,153.88999938964844,150.8800048828125,153.39999389648438,150.89999389648438,338300.0,143.27804565429688
2018-01-30,150.88999938964844,148.5800018310547,150.22999572753906,149.91000366210938,428100.0,142.3380584716797
2018-01-31,151.24000549316406,149.0,150.24000549316406,150.3000030517578,445500.0,142.7083740234375
2018-02-01,150.47999572753906,146.9199981689453,149.47999572753906,147.99000549316406,542900.0,140.5150604248047
2018-02-02,147.80999755859375,146.07000732421875,146.94000244140625,146.1300048828125,382200.0,138.74899291992188
2018-02-05,146.86000061035156,140.94000244140625,145.35000610351562,140.9600067138672,420700.0,133.8401336669922
2018-02-06,142.52999877929688,137.85000610351562,139.2899932861328,142.41000366210938,578500.0,135.21690368652344
2018-02-07,144.86000061035156,141.4199981689453,141.97000122070312,142.6999969482422,352200.0,135.4922332763672
2018-02-08,142.66000366210938,137.92999267578125,142.1300048828125,138.0,369500.0,131.02963256835938
2018-02-09,141.27000427246094,136.85000610351562,139.36000061035156,140.39999389648438,407500.0,133.30841064453125
2018-02-12,143.25,140.5500030517578,141.0399932861328,142.4199981689453,271000.0,135.2263946533203
2018-02-13,143.38999938964844,140.22000122070312,141.6300048828125,143.05999755859375,425200.0,135.8340606689453
2018-02-14,145.1199951171875,141.0800018310547,141.94000244140625,144.85000610351562,680000.0,137.53366088867188
2018-02-15,145.08999633789062,135.0800018310547,138.92999267578125,144.02000427246094,761300.0,136.74559020996094
2018-02-16,144.58999633789062,141.42999267578125,143.5800018310547,141.8300018310547,447200.0,134.66616821289062
2018-02-20,144.02999877929688,141.10000610351562,141.36000061035156,142.3800048828125,436800.0,135.1884307861328
2018-02-21,143.41000366210938,141.42999267578125,142.57000732421875,141.44000244140625,492200.0,134.29588317871094
2018-02-22,143.97000122070312,141.85000610351562,142.22999572753906,142.66000366210938,545800.0,135.45425415039062
2018-02-23,145.88999938964844,142.47000122070312,143.6699981689453,145.82000732421875,323700.0,138.4546356201172
2018-02-26,145.97999572753906,143.8800048828125,145.75999450683594,145.42999267578125,232500.0,138.0843505859375
2018-02-27,145.89999389648438,142.5800018310547,145.75,142.5800018310547,315400.0,135.37831115722656
2018-02-28,143.6199951171875,141.19000244140625,142.67999267578125,141.25,388100.0,134.11549377441406
2018-03-01,141.77000427246094,138.02999877929688,141.41000366210938,138.3800048828125,380200.0,131.3904571533203
2018-03-02,138.52999877929688,136.86000061035156,137.86000061035156,137.83999633789062,636400.0,130.877685546875
2018-03-05,139.27000427246094,137.0500030517578,137.33999633789062,138.57000732421875,943900.0,131.57086181640625
2018-03-06,140.27000427246094,138.85000610351562,139.47999572753906,139.6300048828125,928800.0,132.57730102539062
2018-03-07,140.1300048828125,137.99000549316406,138.57000732421875,139.32000732421875,527400.0,132.28298950195312
2018-03-08,140.02999877929688,137.92999267578125,139.85000610351562,139.0,704500.0,131.97914123535156
2018-03-09,141.24000549316406,139.39999389648438,139.97000122070312,141.00999450683594,607800.0,133.8876190185547
2018-03-12,142.80999755859375,141.02999877929688,141.02999877929688,142.0500030517578,819200.0,134.8750762939453
2018-03-13,143.47000122070312,140.8000030517578,143.00999450683594,141.2899932861328,258000.0,134.1534423828125
2018-03-14,141.69000244140625,139.08999633789062,141.6699981689453,139.2899932861328,338000.0,132.2544708251953
2018-03-15,140.05999755859375,138.8300018310547,139.1699981689453,139.02999877929688,349500.0,132.0076141357422
2018-03-16,139.08999633789062,136.41000366210938,137.6300048828125,138.74000549316406,837200.0,131.73226928710938
2018-03-19,139.1999969482422,137.05999755859375,138.00999450683594,137.83999633789062,357900.0,130.877685546875
2018-03-20,138.00999450683594,135.25,138.00999450683594,135.6199951171875,486100.0,128.76983642578125
2018-03-21,137.5,135.3699951171875,135.86000061035156,136.0800018310547,394900.0,129.2066192626953
2018-03-22,135.86000061035156,133.22000122070312,135.4600067138672,133.25,417200.0,126.51957702636719
2018-03-23,135.1199951171875,132.49000549316406,133.0,132.60000610351562,548200.0,126.55773162841797
2018-03-26,136.13999938964844,133.61000061035156,133.61000061035156,135.80999755859375,415100.0,129.6214599609375
2018-03-27,137.99000549316406,135.0500030517578,135.88999938964844,135.39999389648438,386400.0,129.23013305664062
2018-03-28,136.74000549316406,134.8699951171875,135.7100067138672,135.05999755859375,302400.0,128.9056396484375
2018-03-29,137.88999938964844,135.22999572753906,135.72999572753906,136.91000366210938,286100.0,130.6713409423828
2018-04-02,136.9499969482422,133.14999389648438,136.8300018310547,134.10000610351562,398700.0,127.98936462402344
2018-04-03,135.8800048828125,133.6699981689453,134.3300018310547,135.33999633789062,359800.0,129.17286682128906
2018-04-04,137.14999389648438,133.6199951171875,134.1999969482422,137.02000427246094,258800.0,130.7763214111328
2018-04-05,138.9199981689453,137.22999572753906,137.74000549316406,138.27999877929688,256900.0,131.97889709472656
2018-04-06,138.27000427246094,134.52999877929688,137.35000610351562,135.3300018310547,274100.0,129.16334533691406
2018-04-09,137.38999938964844,134.9199981689453,135.91000366210938,135.8699951171875,314600.0,129.67872619628906
2018-04-10,138.1699981689453,135.44000244140625,136.86000061035156,137.02999877929688,297400.0,130.78585815429688
2018-04-11,137.0,135.5800018310547,136.11000061035156,136.4600067138672,306600.0,130.24185180664062
2018-04-12,137.6999969482422,136.55999755859375,137.00999450683594,137.33999633789062,792000.0,131.08172607421875
2018-04-13,138.2100067138672,136.83999633789062,137.86000061035156,137.67999267578125,562800.0,131.40623474121094
2018-04-16,140.52999877929688,137.74000549316406,138.55999755859375,140.4600067138672,346500.0,134.05958557128906
2018-04-17,142.2899932861328,140.8300018310547,141.1199951171875,142.0800018310547,405300.0,135.6057586669922
2018-04-18,143.47999572753906,141.8000030517578,142.27999877929688,143.0399932861328,470300.0,136.52198791503906
2018-04-19,142.9600067138672,140.24000549316406,142.4499969482422,141.6300048828125,442700.0,135.17628479003906
2018-04-20,142.4600067138672,140.1300048828125,141.99000549316406,141.60000610351562,951800.0,135.1476287841797
2018-04-23,141.9199981689453,140.3000030517578,141.50999450683594,141.00999450683594,385700.0,134.58453369140625
2018-04-24,141.4199981689453,137.8000030517578,141.30999755859375,138.3300018310547,414200.0,132.026611328125
2018-04-25,140.7100067138672,136.9600067138672,137.8800048828125,140.25,489000.0,133.859130859375
2018-04-26,142.5500030517578,139.4499969482422,140.6300048828125,142.0500030517578,335600.0,135.57711791992188
2018-04-27,143.13999938964844,141.3699951171875,141.9199981689453,142.80999755859375,336700.0,136.302490234375
2018-04-30,143.50999450683594,141.1199951171875,142.9600067138672,141.25999450683594,325900.0,134.82310485839844
2018-05-01,142.05999755859375,139.4499969482422,140.50999450683594,142.05999755859375,337600.0,135.586669921875
2018-05-02,142.3699951171875,139.60000610351562,141.6999969482422,140.10000610351562,340700.0,133.71597290039062
2018-05-03,140.92999267578125,139.32000732421875,139.80999755859375,140.0800018310547,346400.0,133.69688415527344
2018-05-04,143.0800018310547,139.50999450683594,139.50999450683594,142.14999389648438,417700.0,135.67257690429688
2018-05-07,137.0,126.08000183105469,136.94000244140625,126.88999938964844,3248600.0,121.10792541503906
2018-05-08,129.69000244140625,125.33999633789062,126.91000366210938,126.48999786376953,2437700.0,120.72613525390625
2018-05-09,131.14999389648438,126.05000305175781,127.11000061035156,130.38999938964844,1424500.0,124.44842529296875
2018-05-10,131.0399932861328,126.80000305175781,131.0399932861328,127.44000244140625,1117000.0,121.63285827636719
2018-05-11,128.6199951171875,127.33000183105469,127.97000122070312,127.62000274658203,869000.0,121.8046646118164
2018-05-14,127.30999755859375,124.68000030517578,125.38999938964844,126.30000305175781,1794300.0,120.54481506347656
2018-05-15,125.95999908447266,123.36000061035156,125.9000015258789,123.94999694824219,1124900.0,118.30188751220703
2018-05-16,125.0,123.19000244140625,123.62000274658203,124.05999755859375,1086000.0,118.40686798095703
2018-05-17,125.76000213623047,123.91999816894531,124.44000244140625,125.06999969482422,1037000.0,119.37086486816406
2018-05-18,128.36000061035156,125.27999877929688,125.33000183105469,126.36000061035156,2375600.0,120.60206604003906
2018-05-21,127.25,124.75,127.25,125.02999877929688,676700.0,119.33267211914062
2018-05-22,125.98999786376953,124.68000030517578,125.62000274658203,124.97000122070312,814600.0,119.27540588378906
2018-05-23,125.66000366210938,124.0999984741211,125.0999984741211,125.1500015258789,898500.0,119.44721221923828
2018-05-24,125.3499984741211,123.69999694824219,125.19999694824219,124.95999908447266,593900.0,119.26586151123047
2018-05-25,126.25,124.36000061035156,124.37999725341797,125.38999938964844,1005300.0,119.67626953125
2018-05-29,125.48999786376953,123.80000305175781,124.9000015258789,124.11000061035156,712900.0,118.45459747314453
2018-05-30,125.18000030517578,124.11000061035156,124.4800033569336,124.80999755859375,702800.0,119.1227035522461
2018-05-31,125.27999877929688,122.11000061035156,125.27999877929688,122.12999725341797,926800.0,116.5648193359375
2018-06-01,125.27999877929688,122.87999725341797,123.0199966430664,124.0199966430664,1058300.0,118.36869812011719
2018-06-04,124.9800033569336,123.29000091552734,124.52999877929688,124.54000091552734,747600.0,118.86500549316406
2018-06-05,125.76000213623047,124.30999755859375,124.91999816894531,124.43000030517578,893200.0,118.760009765625
2018-06-06,125.61000061035156,123.37999725341797,124.7699966430664,125.5999984741211,805600.0,119.87670135498047
2018-06-07,127.06999969482422,125.11000061035156,125.44000244140625,126.22000122070312,675500.0,120.46845245361328
2018-06-08,126.87000274658203,124.75,125.0,126.41000366210938,561400.0,120.6498031616211
2018-06-11,126.3499984741211,124.73999786376953,125.95999908447266,125.55999755859375,549600.0,119.8385238647461
2018-06-12,125.83999633789062,124.11000061035156,125.55999755859375,124.43000030517578,1058000.0,118.760009765625
2018-06-13,124.66999816894531,123.19000244140625,124.66999816894531,123.52999877929688,800100.0,117.90103149414062
2018-06-14,125.12000274658203,123.16000366210938,124.2300033569336,124.51000213623047,1086900.0,118.83637237548828
2018-06-15,126.33999633789062,124.1500015258789,124.69000244140625,126.20999908447266,1137100.0,120.45890045166016
2018-06-18,125.94000244140625,125.05999755859375,125.05999755859375,125.55000305175781,700100.0,119.8289794921875
2018-06-19,125.6500015258789,124.41000366210938,124.75,125.30999755859375,735600.0,119.59990692138672
2018-06-20,125.93000030517578,124.55999755859375,125.0,125.5199966430664,467300.0,119.80034637451172
2018-06-21,125.70999908447266,124.41000366210938,125.2300033569336,124.66999816894531,536000.0,118.98907470703125
2018-06-22,125.05000305175781,124.0,124.33999633789062,124.5999984741211,535900.0,119.5841293334961
2018-06-25,124.80000305175781,123.1500015258789,124.58999633789062,123.63999938964844,549200.0,118.66276550292969
2018-06-26,124.0999984741211,123.0999984741211,123.80999755859375,123.19999694824219,412400.0,118.24047088623047
2018-06-27,125.05000305175781,123.08000183105469,123.77999877929688,123.12000274658203,465800.0,118.16371154785156
2018-06-28,123.97000122070312,122.12000274658203,123.1500015258789,123.69999694824219,483800.0,118.7203598022461
2018-06-29,124.55000305175781,123.52999877929688,124.20999908447266,123.95999908447266,472600.0,118.96988677978516
2018-07-02,124.08999633789062,122.94000244140625,123.72000122070312,123.55999755859375,440600.0,118.58598327636719
2018-07-03,124.52999877929688,122.72000122070312,124.08999633789062,122.94999694824219,283400.0,118.00053405761719
2018-07-05,124.5199966430664,122.87999725341797,122.93000030517578,124.5,597600.0,119.48814392089844
2018-07-06,125.48999786376953,123.61000061035156,123.61000061035156,125.20999908447266,378200.0,120.1695556640625
2018-07-09,125.87000274658203,124.91999816894531,125.23999786376953,125.7300033569336,470400.0,120.66863250732422
2018-07-10,129.19000244140625,125.37000274658203,125.80999755859375,128.94000244140625,770500.0,123.7494125366211
2018-07-11,128.7899932861328,127.5,127.98999786376953,127.7699966430664,716900.0,122.62650299072266
2018-07-12,128.6999969482422,127.83000183105469,128.6999969482422,128.16000366210938,347800.0,123.00081634521484
2018-07-13,128.72999572753906,127.8499984741211,128.11000061035156,128.25999450683594,296600.0,123.0967788696289
2018-07-16,128.55999755859375,126.9800033569336,128.55999755859375,127.37999725341797,476500.0,122.252197265625
2018-07-17,129.2100067138672,127.16999816894531,127.38999938964844,128.99000549316406,351400.0,123.79739379882812
2018-07-18,129.9499969482422,128.16000366210938,129.2100067138672,128.22999572753906,564200.0,123.06797790527344
2018-07-19,130.00999450683594,126.70999908447266,127.88999938964844,129.89999389648438,709900.0,124.67076110839844
2018-07-20,130.0500030517578,128.22000122070312,129.9199981689453,128.94000244140625,639500.0,123.7494125366211
2018-07-23,128.50999450683594,127.0199966430664,128.5,127.20999908447266,629200.0,122.08905029296875
2018-07-24,129.1999969482422,127.06999969482422,128.0,128.47000122070312,572900.0,123.29833221435547
2018-07-25,129.52999877929688,126.79000091552734,128.42999267578125,129.13999938964844,508800.0,123.94136047363281
2018-07-26,131.52999877929688,129.3800048828125,129.38999938964844,131.27000427246094,429900.0,125.98561096191406
2018-07-27,132.49000549316406,130.5,131.27999877929688,131.22000122070312,324800.0,125.93761444091797
2018-07-30,131.91000366210938,130.1699981689453,131.27000427246094,130.35000610351562,411100.0,125.10265350341797
2018-07-31,133.07000732421875,130.6199951171875,130.6199951171875,132.75999450683594,511300.0,127.4156265258789
2018-08-01,133.17999267578125,131.85000610351562,132.5,132.3800048828125,761000.0,127.0509262084961
2018-08-02,132.7899932861328,131.52000427246094,132.02999877929688,132.1699981689453,668200.0,126.8493881225586
2018-08-03,134.4600067138672,132.6999969482422,132.8000030517578,134.1999969482422,672400.0,128.7976531982422
2018-08-06,135.47999572753906,132.4199981689453,133.49000549316406,134.10000610351562,772700.0,128.70167541503906
2018-08-07,135.22000122070312,133.33999633789062,134.47999572753906,134.22999572753906,809200.0,128.8264617919922
2018-08-08,135.69000244140625,132.07000732421875,134.5800018310547,134.25999450683594,769700.0,128.85525512695312
2018-08-09,135.3699951171875,134.17999267578125,134.88999938964844,134.4499969482422,535700.0,129.03758239746094
2018-08-10,134.47999572753906,132.36000061035156,133.75,132.41000366210938,683700.0,127.07970428466797
2018-08-13,133.1999969482422,130.74000549316406,132.41000366210938,131.25,569800.0,125.96640014648438
2018-08-14,132.6300048828125,131.24000549316406,131.25999450683594,131.3000030517578,459500.0,126.014404296875
2018-08-15,131.27999877929688,129.75999450683594,130.8300018310547,131.16000366210938,501400.0,125.8800277709961
2018-08-16,132.22999572753906,131.41000366210938,131.7899932861328,131.6199951171875,431700.0,126.32151794433594
2018-08-17,132.83999633789062,131.66000366210938,131.8699951171875,132.16000366210938,1591000.0,126.83977508544922
2018-08-20,133.86000061035156,132.41000366210938,132.75999450683594,133.6999969482422,490000.0,128.31776428222656
2018-08-21,134.50999450683594,132.7100067138672,133.86000061035156,133.10000610351562,540300.0,127.74195861816406
2018-08-22,133.1999969482422,131.16000366210938,133.1999969482422,131.60000610351562,343800.0,126.30233764648438
2018-08-23,131.33999633789062,130.4499969482422,131.1300048828125,130.8300018310547,503500.0,125.56331634521484
2018-08-24,131.75999450683594,130.0800018310547,131.17999267578125,131.7100067138672,266000.0,126.40791320800781
2018-08-27,131.97999572753906,130.9499969482422,131.9600067138672,131.22999572753906,478100.0,125.94720458984375
2018-08-28,131.55999755859375,130.05999755859375,131.25,130.39999389648438,352500.0,125.15061950683594
2018-08-29,130.44000244140625,129.36000061035156,130.38999938964844,130.27000427246094,393700.0,125.02587127685547
2018-08-30,130.64999389648438,129.1199951171875,130.1199951171875,129.8800048828125,473600.0,124.65155792236328
2018-08-31,130.52999877929688,129.24000549316406,129.5500030517578,130.2899932861328,460800.0,125.04505920410156
2018-09-04,130.07000732421875,128.0800018310547,129.8699951171875,129.58999633789062,761900.0,124.37324523925781
2018-09-05,129.85000610351562,127.58000183105469,129.30999755859375,127.72000122070312,936600.0,122.57852172851562
2018-09-06,130.9499969482422,127.80000305175781,127.80000305175781,129.8800048828125,1487800.0,124.65155792236328
2018-09-07,129.5800018310547,126.7300033569336,129.22000122070312,127.05999755859375,634900.0,121.94508361816406
2018-09-10,128.77999877929688,127.19000244140625,127.5,128.64999389648438,599900.0,123.4710693359375
2018-09-11,128.82000732421875,124.62999725341797,126.44999694824219,127.30999755859375,1035600.0,122.18502807617188
2018-09-12,132.16000366210938,126.94999694824219,127.4000015258789,131.14999389648438,1843600.0,125.87042999267578
2018-09-13,138.66000366210938,133.85000610351562,135.1699981689453,137.22999572753906,6844100.0,131.70567321777344
2018-09-14,138.2899932861328,135.57000732421875,137.9499969482422,136.5,1626400.0,131.00506591796875
2018-09-17,137.44000244140625,135.25,136.22999572753906,136.49000549316406,1683600.0,130.99549865722656
2018-09-18,138.64999389648438,136.25,136.67999267578125,138.25,1048500.0,132.68463134765625
2018-09-19,139.1999969482422,136.6699981689453,138.44000244140625,137.50999450683594,1177600.0,131.97442626953125
2018-09-20,140.4199981689453,137.8300018310547,138.6300048828125,139.91000366210938,1996500.0,134.27781677246094
2018-09-21,141.67999267578125,139.5,139.8699951171875,140.4600067138672,2356500.0,135.51272583007812
2018-09-24,141.0399932861328,138.5,139.89999389648438,138.66000366210938,1178100.0,133.776123046875
2018-09-25,139.61000061035156,136.77999877929688,138.8699951171875,137.0399932861328,1721600.0,132.21316528320312
2018-09-26,137.97999572753906,135.4499969482422,136.67999267578125,137.00999450683594,1210100.0,132.18423461914062
2018-09-27,138.69000244140625,136.99000549316406,136.99000549316406,138.5399932861328,1478000.0,133.66033935546875
2018-09-28,140.55999755859375,138.25,138.25,139.1199951171875,3888300.0,134.21990966796875
2018-10-01,141.0500030517578,137.9600067138672,139.47000122070312,138.4600067138672,1284900.0,133.5831756591797
2018-10-02,139.77000427246094,138.49000549316406,138.86000061035156,139.39999389648438,1137200.0,134.4900360107422
2018-10-03,139.52999877929688,136.39999389648438,139.39999389648438,136.4600067138672,1059800.0,131.65362548828125
2018-10-04,137.42999267578125,132.97999572753906,135.57000732421875,137.38999938964844,1953300.0,132.55084228515625
2018-10-05,138.75,137.02999877929688,137.02999877929688,138.57000732421875,1200300.0,133.68931579589844
2018-10-08,139.7899932861328,137.9499969482422,138.57000732421875,139.4499969482422,1121000.0,134.5382843017578
2018-10-09,139.5,137.38999938964844,138.60000610351562,137.49000549316406,2777600.0,132.6473388671875
2018-10-10,137.8800048828125,133.8000030517578,137.8800048828125,134.0,1568700.0,129.28025817871094
2018-10-11,134.7899932861328,131.52000427246094,134.0,132.6300048828125,1866300.0,127.95851135253906
2018-10-12,135.1300048828125,129.64999389648438,134.89999389648438,130.9199981689453,1470500.0,126.30872344970703
2018-10-15,132.97000122070312,129.60000610351562,129.99000549316406,131.6300048828125,2001200.0,126.99372863769531
2018-10-16,137.60000610351562,132.74000549316406,133.0,137.52999877929688,1551600.0,132.6859130859375
2018-10-17,139.19000244140625,137.22000122070312,137.3000030517578,138.22999572753906,844400.0,133.36126708984375
2018-10-18,138.3000030517578,135.8800048828125,138.24000549316406,136.86000061035156,772100.0,132.03952026367188
2018-10-19,139.83999633789062,137.13999938964844,137.30999755859375,139.1199951171875,1025000.0,134.21990966796875
2018-10-22,140.47999572753906,137.88999938964844,139.8699951171875,139.7100067138672,786000.0,134.7891387939453
2018-10-23,140.80999755859375,137.16000366210938,138.25999450683594,139.72000122070312,1306700.0,134.79876708984375
2018-10-24,140.49000549316406,137.10000610351562,139.5,137.35000610351562,867000.0,132.5122528076172
2018-10-25,140.52000427246094,137.83999633789062,138.85000610351562,139.72999572753906,652100.0,134.80844116210938
2018-10-26,141.05999755859375,136.5,138.5,140.1300048828125,1122500.0,135.1943359375
2018-10-29,142.55999755859375,138.5500030517578,142.00999450683594,139.7899932861328,1101000.0,134.86630249023438
2018-10-30,144.60000610351562,139.1699981689453,140.0800018310547,144.38999938964844,1161600.0,139.3042755126953
2018-10-31,145.9499969482422,143.8300018310547,145.0500030517578,144.66000366210938,987400.0,139.5647735595703
2018-11-01,146.86000061035156,144.10000610351562,145.0,146.1999969482422,676100.0,141.050537109375
2018-11-02,147.19000244140625,145.07000732421875,146.89999389648438,145.97999572753906,661700.0,140.83828735351562
2018-11-05,146.32000732421875,143.97000122070312,145.8800048828125,146.02999877929688,965500.0,140.88650512695312
2018-11-06,150.57000732421875,142.1300048828125,143.99000549316406,148.69000244140625,1050100.0,143.4528350830078
2018-11-07,149.5,142.14999389648438,149.14999389648438,145.11000061035156,1163500.0,139.99891662597656
2018-11-08,147.22000122070312,144.47999572753906,145.10000610351562,147.22000122070312,604600.0,142.03460693359375
2018-11-09,147.0399932861328,144.6199951171875,146.64999389648438,145.85000610351562,587000.0,140.71286010742188
2018-11-12,146.33999633789062,142.88999938964844,145.67999267578125,143.0,912600.0,137.96327209472656
2018-11-13,144.24000549316406,142.0,143.17999267578125,142.9499969482422,752100.0,137.91500854492188
2018-11-14,143.9499969482422,141.02999877929688,142.3000030517578,141.42999267578125,798300.0,136.4485626220703
2018-11-15,142.75,139.72000122070312,140.5500030517578,142.47000122070312,803900.0,137.45191955566406
2018-11-16,143.3699951171875,139.0,141.0,143.07000732421875,606300.0,138.03079223632812
2018-11-19,143.42999267578125,139.72000122070312,142.5800018310547,140.58999633789062,621600.0,135.6381378173828
2018-11-20,139.67999267578125,137.36000061035156,138.74000549316406,138.2100067138672,1074600.0,133.3419647216797
2018-11-21,140.72999572753906,138.94000244140625,139.4600067138672,139.49000549316406,647200.0,134.57688903808594
2018-11-23,140.3300018310547,138.33999633789062,138.91000366210938,139.74000549316406,261300.0,134.81808471679688
2018-11-26,141.07000732421875,138.47999572753906,140.3699951171875,139.85000610351562,603400.0,134.92420959472656
2018-11-27,140.5399932861328,137.77000427246094,138.82000732421875,140.02999877929688,749700.0,135.09786987304688
2018-11-28,141.55999755859375,138.85000610351562,140.2899932861328,140.5800018310547,1242900.0,135.6284942626953
2018-11-29,142.41000366210938,140.10000610351562,140.4499969482422,141.5800018310547,767600.0,136.59327697753906
2018-11-30,142.3000030517578,140.92999267578125,141.47000122070312,141.6300048828125,1148800.0,136.6415252685547
2018-12-03,142.2899932861328,140.27999877929688,142.25999450683594,141.7899932861328,1140300.0,136.79586791992188
2018-12-04,143.69000244140625,137.97999572753906,141.9499969482422,138.25,1352600.0,133.3805694580078
2018-12-06,139.94000244140625,135.77000427246094,138.0800018310547,138.75999450683594,1392300.0,133.87258911132812
2018-12-07,140.80999755859375,136.35000610351562,139.0399932861328,137.0,855100.0,132.17457580566406
2018-12-10,138.2899932861328,134.60000610351562,136.0,137.6999969482422,984300.0,132.8499298095703
2018-12-11,140.25,137.27999877929688,139.47999572753906,137.77000427246094,916100.0,132.91746520996094
2018-12-12,140.19000244140625,136.64999389648438,139.7899932861328,136.72999572753906,619000.0,131.91407775878906
2018-12-13,137.61000061035156,134.97999572753906,136.86000061035156,135.52999877929688,960600.0,130.75637817382812
2018-12-14,135.86000061035156,134.25,134.88999938964844,135.5,845600.0,130.72743225097656
2018-12-17,135.9499969482422,130.86000061035156,135.75999450683594,132.05999755859375,1451800.0,127.40858459472656
2018-12-18,134.1300048828125,131.91000366210938,132.9600067138672,132.4499969482422,1289400.0,127.78483581542969
2018-12-19,134.7899932861328,130.61000061035156,133.0500030517578,131.36000061035156,1013500.0,126.73322296142578
2018-12-20,131.02999877929688,127.22000122070312,131.02999877929688,128.32000732421875,1354000.0,123.8003158569336
2018-12-21,131.94000244140625,127.33999633789062,128.24000549316406,128.2100067138672,1983000.0,123.6941909790039
2018-12-24,128.67999267578125,124.87999725341797,128.0500030517578,124.94999694824219,498800.0,120.54900360107422
2018-12-26,130.3300018310547,125.62000274658203,127.95999908447266,130.2899932861328,850000.0,125.70091247558594
2018-12-27,132.4499969482422,127.83000183105469,129.17999267578125,132.4199981689453,823700.0,128.47572326660156
2018-12-28,133.92999267578125,130.7100067138672,132.8300018310547,132.22999572753906,562100.0,128.29139709472656
2018-12-31,134.27000427246094,132.49000549316406,133.0800018310547,134.27000427246094,619700.0,130.2706298828125
2019-01-02,135.35000610351562,132.8800048828125,133.3300018310547,134.5800018310547,1067000.0,130.5714111328125
2019-01-03,135.0,131.14999389648438,134.2899932861328,131.25999450683594,889900.0,127.35027313232422
2019-01-04,136.6199951171875,131.92999267578125,133.07000732421875,136.1300048828125,694100.0,132.0752410888672
2019-01-07,138.27999877929688,135.66000366210938,135.72000122070312,137.69000244140625,653500.0,133.58877563476562
2019-01-08,138.74000549316406,136.02000427246094,138.33999633789062,137.08999633789062,748100.0,133.0066375732422
2019-01-09,137.60000610351562,135.00999450683594,137.60000610351562,136.5800018310547,766800.0,132.51182556152344
2019-01-10,136.1300048828125,134.6199951171875,135.66000366210938,135.72000122070312,737200.0,131.6774444580078
2019-01-11,136.02000427246094,133.8699951171875,134.39999389648438,134.9499969482422,920200.0,130.9303741455078
2019-01-14,134.5500030517578,132.8699951171875,134.02000427246094,133.47999572753906,485400.0,129.504150390625
2019-01-15,133.61000061035156,132.44000244140625,133.07000732421875,133.58999633789062,557700.0,129.6108856201172
2019-01-16,134.41000366210938,133.22999572753906,133.50999450683594,134.3699951171875,868200.0,130.36764526367188
2019-01-17,135.91000366210938,134.30999755859375,134.33999633789062,135.5,543600.0,131.46400451660156
2019-01-18,138.6699981689453,135.39999389648438,136.13999938964844,138.05999755859375,499600.0,133.94773864746094
2019-01-22,139.50999450683594,137.22000122070312,139.0500030517578,138.07000732421875,550600.0,133.9574737548828
2019-01-23,139.07000732421875,136.16000366210938,138.47999572753906,137.33999633789062,483600.0,133.24917602539062
2019-01-24,137.92999267578125,136.75,136.89999389648438,137.2100067138672,625300.0,133.12307739257812
2019-01-25,139.3699951171875,137.63999938964844,138.5500030517578,137.8000030517578,357800.0,133.6954803466797
2019-01-28,137.57000732421875,136.1999969482422,136.5,136.97000122070312,528600.0,132.8902130126953
2019-01-29,139.02000427246094,136.5399932861328,136.5399932861328,138.94000244140625,524200.0,134.80152893066406
2019-01-30,140.3800048828125,138.6300048828125,139.69000244140625,139.57000732421875,420700.0,135.41278076171875
2019-01-31,142.30999755859375,137.72999572753906,139.0500030517578,141.77999877929688,917200.0,137.55694580078125
2019-02-01,142.5399932861328,140.99000549316406,141.9199981689453,141.6199951171875,478500.0,137.40170288085938
2019-02-04,142.35000610351562,141.14999389648438,141.9600067138672,142.35000610351562,467400.0,138.10997009277344
2019-02-05,143.86000061035156,141.8800048828125,142.35000610351562,143.77000427246094,488100.0,139.4876708984375
2019-02-06,144.0,142.72000122070312,143.00999450683594,143.3300018310547,302200.0,139.06077575683594
2019-02-07,142.85000610351562,140.8800048828125,142.66000366210938,142.27999877929688,323700.0,138.04205322265625
2019-02-08,142.27000427246094,140.1699981689453,141.5399932861328,141.77000427246094,652900.0,137.54725646972656
2019-02-11,143.3000030517578,141.61000061035156,142.11000061035156,143.19000244140625,522500.0,138.9249267578125
2019-02-12,146.24000549316406,142.72999572753906,144.3000030517578,145.8800048828125,656300.0,141.5348358154297
2019-02-13,146.6699981689453,144.8300018310547,146.42999267578125,145.22000122070312,679800.0,140.8944854736328
2019-02-14,138.75,128.05999755859375,137.27999877929688,132.66000366210938,4926100.0,128.7085723876953
2019-02-15,135.44000244140625,131.25,133.60000610351562,132.00999450683594,2414000.0,128.0779266357422
2019-02-19,131.52999877929688,127.8499984741211,131.1199951171875,128.11000061035156,1852400.0,124.29411315917969
2019-02-20,131.86000061035156,128.14999389648438,128.14999389648438,129.97000122070312,1685400.0,126.09870147705078
2019-02-21,129.97999572753906,128.07000732421875,129.69000244140625,128.74000549316406,977100.0,124.90534973144531
2019-02-22,129.69000244140625,127.52999877929688,129.3000030517578,128.22999572753906,1056700.0,124.41053009033203
2019-02-25,128.97999572753906,126.8499984741211,128.82000732421875,127.29000091552734,876700.0,123.49853515625
2019-02-26,126.94000244140625,125.80000305175781,126.93000030517578,126.0,915900.0,122.24695587158203
2019-02-27,127.61000061035156,125.2699966430664,125.97000122070312,127.3499984741211,1304300.0,123.55674743652344
2019-02-28,128.0500030517578,127.0,127.75,127.5,1012300.0,123.70227813720703
2019-03-01,128.72000122070312,126.79000091552734,128.0500030517578,127.87000274658203,886600.0,124.06127166748047
2019-03-04,129.08999633789062,126.47000122070312,128.61000061035156,127.95999908447266,666700.0,124.1485824584961
2019-03-05,128.32000732421875,126.7300033569336,128.0,126.91000366210938,590000.0,123.12985229492188
2019-03-06,127.77999877929688,126.56999969482422,127.02999877929688,126.7699966430664,612100.0,122.99402618408203
2019-03-07,127.01000213623047,123.69999694824219,126.75,124.51000213623047,1237000.0,120.80133819580078
2019-03-08,125.62999725341797,123.69999694824219,123.69999694824219,125.4000015258789,1127600.0,121.66483306884766
2019-03-11,126.77999877929688,125.33000183105469,125.69999694824219,126.33999633789062,626500.0,122.57683563232422
2019-03-12,127.72000122070312,126.05000305175781,126.44999694824219,126.18000030517578,732700.0,122.4216079711914
2019-03-13,127.22000122070312,125.33000183105469,126.52999877929688,125.44000244140625,1033400.0,121.70364379882812
2019-03-14,125.54000091552734,124.0,125.33000183105469,124.95999908447266,1079200.0,121.2379379272461
2019-03-15,125.47000122070312,124.01000213623047,125.01000213623047,124.58999633789062,1455000.0,120.87895202636719
2019-03-18,124.93000030517578,122.30000305175781,124.1500015258789,124.93000030517578,1310400.0,121.20883178710938
2019-03-19,125.6500015258789,123.29000091552734,125.36000061035156,123.55999755859375,1271900.0,119.879638671875
2019-03-20,123.8499984741211,121.8499984741211,123.5,122.54000091552734,1230600.0,118.89002990722656
2019-03-21,127.33999633789062,123.76000213623047,124.37999725341797,126.45999908447266,1671300.0,122.69325256347656
2019-03-22,125.83999633789062,123.9000015258789,125.37000274658203,124.69000244140625,1167200.0,121.67837524414062
2019-03-25,124.62999725341797,122.63999938964844,123.88999938964844,123.70999908447266,1104200.0,120.72205352783203
2019-03-26,125.83000183105469,124.37999725341797,124.4000015258789,125.31999969482422,880600.0,122.29315948486328
2019-03-27,127.4800033569336,125.08000183105469,125.31999969482422,126.81999969482422,1210400.0,123.7569351196289
2019-03-28,129.89999389648438,127.4000015258789,127.51000213623047,129.7100067138672,1312600.0,126.57714080810547
2019-03-29,130.0500030517578,127.83000183105469,129.8699951171875,128.7899932861328,985400.0,125.6793441772461
2019-04-01,130.88999938964844,129.1699981689453,129.64999389648438,130.80999755859375,744300.0,127.65055084228516
2019-04-02,132.10000610351562,129.9600067138672,131.0,130.52999877929688,929500.0,127.37731170654297
2019-04-03,131.35000610351562,130.1199951171875,131.35000610351562,130.75999450683594,774600.0,127.60176849365234
2019-04-04,132.86000061035156,130.9199981689453,131.13999938964844,131.86000061035156,1014000.0,128.67520141601562
2019-04-05,132.72999572753906,131.5,132.19000244140625,132.22000122070312,693300.0,129.0264892578125
2019-04-08,132.35000610351562,131.1699981689453,132.22000122070312,131.9499969482422,534100.0,128.76303100585938
2019-04-09,132.07000732421875,130.2899932861328,130.74000549316406,131.19000244140625,915000.0,128.02139282226562
2019-04-10,131.72000122070312,129.24000549316406,131.72000122070312,130.49000549316406,962500.0,127.33829498291016
2019-04-11,131.3699951171875,130.0500030517578,130.47000122070312,131.13999938964844,821700.0,127.97258758544922
2019-04-12,133.72000122070312,131.27000427246094,131.63999938964844,133.50999450683594,1346800.0,130.2853546142578
2019-04-15,134.42999267578125,133.64999389648438,134.0,134.0,1402300.0,130.7635040283203
2019-04-16,135.3699951171875,133.0800018310547,134.7899932861328,135.33999633789062,1144600.0,132.07115173339844
2019-04-17,136.36000061035156,134.6300048828125,136.36000061035156,134.9600067138672,633700.0,131.70033264160156
2019-04-18,136.0500030517578,134.5399932861328,134.6999969482422,136.0,890800.0,132.7152099609375
2019-04-22,136.07000732421875,134.86000061035156,135.32000732421875,135.25,475500.0,131.9833221435547
2019-04-23,137.6999969482422,135.3000030517578,135.3000030517578,136.3800048828125,714100.0,133.08604431152344
2019-04-24,137.1300048828125,135.5399932861328,136.39999389648438,136.2899932861328,583300.0,132.99819946289062
2019-04-25,136.58999633789062,135.02000427246094,135.9199981689453,136.42999267578125,750400.0,133.1348114013672
2019-04-26,138.2100067138672,136.3699951171875,136.63999938964844,137.57000732421875,548000.0,134.24729919433594
2019-04-29,137.9199981689453,136.77999877929688,137.8800048828125,137.41000366210938,499100.0,134.09117126464844
2019-04-30,138.50999450683594,136.77999877929688,137.72999572753906,137.7899932861328,734200.0,134.46197509765625
2019-05-01,138.72999572753906,136.75,137.83999633789062,137.82000732421875,726400.0,134.4912567138672
2019-05-02,138.7100067138672,136.75,137.6300048828125,138.64999389648438,1024800.0,135.3011932373047
2019-05-03,140.6699981689453,138.4600067138672,138.9199981689453,139.91000366210938,1239700.0,136.53077697753906
2019-05-06,138.0,136.47999572753906,136.89999389648438,137.72000122070312,1263900.0,134.39369201660156
2019-05-07,142.8800048828125,133.77999877929688,138.77000427246094,135.0,2636600.0,131.7393798828125
2019-05-08,135.6300048828125,133.25999450683594,134.52000427246094,135.14999389648438,1870400.0,131.88572692871094
2019-05-09,136.33999633789062,134.35000610351562,135.10000610351562,136.00999450683594,952000.0,132.72496032714844
2019-05-10,136.77999877929688,134.02000427246094,135.75,136.1300048828125,676100.0,132.84207153320312
2019-05-13,134.91000366210938,133.13999938964844,133.69000244140625,134.47999572753906,1198900.0,131.23193359375
2019-05-14,137.25999450683594,134.5800018310547,134.5800018310547,136.00999450683594,1197700.0,132.72496032714844
2019-05-15,135.8699951171875,134.72999572753906,135.3699951171875,135.58999633789062,878300.0,132.3151092529297
2019-05-16,138.25999450683594,135.3000030517578,136.0500030517578,136.9600067138672,1013300.0,133.6520233154297
2019-05-17,137.3800048828125,135.5399932861328,135.82000732421875,136.6699981689453,573900.0,133.36903381347656
2019-05-20,136.3800048828125,134.3800048828125,135.7899932861328,134.7899932861328,851800.0,131.534423828125
2019-05-21,135.80999755859375,134.44000244140625,135.07000732421875,134.8000030517578,570900.0,131.544189453125
2019-05-22,136.22000122070312,134.74000549316406,134.97999572753906,135.89999389648438,521200.0,132.61761474609375
2019-05-23,136.1699981689453,134.42999267578125,134.75,135.5399932861328,536400.0,132.2663116455078
2019-05-24,136.52000427246094,133.8699951171875,136.22999572753906,134.7100067138672,770300.0,131.4563751220703
2019-05-28,136.27999877929688,134.5800018310547,134.63999938964844,134.5800018310547,1360400.0,131.3295135498047
2019-05-29,134.72999572753906,133.60000610351562,134.11000061035156,134.3699951171875,515700.0,131.12457275390625
2019-05-30,135.7100067138672,134.19000244140625,134.19000244140625,135.1699981689453,422700.0,131.90524291992188
2019-05-31,136.11000061035156,133.52000427246094,134.5399932861328,135.4199981689453,640800.0,132.14923095703125
2019-06-03,139.4499969482422,134.88999938964844,134.88999938964844,139.1199951171875,1068400.0,135.75985717773438
2019-06-04,143.4499969482422,139.64999389648438,140.4600067138672,143.4499969482422,1196900.0,139.9852752685547
2019-06-05,142.55999755859375,134.14999389648438,142.19000244140625,141.14999389648438,2242400.0,137.74082946777344
2019-06-06,148.86000061035156,141.42999267578125,141.64999389648438,148.52000427246094,1681300.0,144.93283081054688
2019-06-07,152.9499969482422,148.97999572753906,149.0,151.32000732421875,1338600.0,147.66519165039062
2019-06-10,151.69000244140625,149.52000427246094,151.69000244140625,151.3300018310547,640400.0,147.67495727539062
2019-06-11,152.58999633789062,151.30999755859375,152.39999389648438,152.14999389648438,1016500.0,148.47512817382812
2019-06-12,152.5800018310547,150.75,151.57000732421875,151.60000610351562,744600.0,147.9384307861328
2019-06-13,152.75999450683594,148.8000030517578,151.7899932861328,149.91000366210938,1007000.0,146.28924560546875
2019-06-14,150.22000122070312,148.25999450683594,150.0399932861328,148.7899932861328,955200.0,145.1962890625
2019-06-17,149.11000061035156,147.07000732421875,148.7899932861328,147.55999755859375,1071100.0,143.99600219726562
2019-06-18,149.8800048828125,147.25,148.13999938964844,147.8300018310547,1162800.0,144.2594757080078
2019-06-19,149.08999633789062,146.41000366210938,148.0,148.9499969482422,971600.0,145.35243225097656
2019-06-20,151.02000427246094,149.0,150.0,150.72000122070312,846000.0,147.07969665527344
2019-06-21,149.6199951171875,145.49000549316406,149.6199951171875,145.6699981689453,1400700.0,142.843505859375
2019-06-24,147.22000122070312,144.9499969482422,145.36000061035156,146.6300048828125,864800.0,143.78488159179688
2019-06-25,148.0399932861328,145.6199951171875,146.50999450683594,147.5399932861328,730700.0,144.6772003173828
2019-06-26,148.10000610351562,144.72000122070312,147.75,144.9499969482422,843600.0,142.13746643066406
2019-06-27,144.3300018310547,143.0,144.0,143.57000732421875,721300.0,140.7842559814453
2019-06-28,145.5,142.00999450683594,143.88999938964844,145.08999633789062,1904400.0,142.27474975585938
2019-07-01,147.17999267578125,142.41000366210938,146.58999633789062,143.88999938964844,998100.0,141.09803771972656
2019-07-02,144.22999572753906,142.0,143.75,142.77999877929688,830600.0,140.00958251953125
2019-07-03,146.13999938964844,142.9600067138672,143.14999389648438,146.02999877929688,651300.0,143.19651794433594
2019-07-05,145.47000122070312,143.74000549316406,145.0,145.1199951171875,806600.0,142.30416870117188
2019-07-08,145.0,142.5399932861328,144.86000061035156,142.74000549316406,581100.0,139.97036743164062
2019-07-09,142.5800018310547,141.25999450683594,142.00999450683594,142.0,702300.0,139.24472045898438
2019-07-10,143.50999450683594,141.52999877929688,143.08999633789062,142.5399932861328,829200.0,139.77423095703125
2019-07-11,142.6999969482422,140.89999389648438,142.1199951171875,142.67999267578125,506100.0,139.91151428222656
2019-07-12,143.66000366210938,142.61000061035156,143.02999877929688,143.25999450683594,403300.0,140.48025512695312
2019-07-15,144.75999450683594,143.19000244140625,143.47999572753906,144.74000549316406,432100.0,141.93154907226562
2019-07-16,145.92999267578125,144.5,144.69000244140625,144.80999755859375,605700.0,142.00018310546875
2019-07-17,145.1300048828125,142.49000549316406,144.72999572753906,143.08999633789062,467400.0,140.3135528564453
2019-07-18,143.9600067138672,140.61000061035156,142.50999450683594,143.10000610351562,791200.0,140.3233642578125
2019-07-19,143.7899932861328,142.16000366210938,143.66000366210938,142.42999267578125,467400.0,139.66636657714844
2019-07-22,143.22999572753906,141.80999755859375,142.99000549316406,142.07000732421875,451300.0,139.31336975097656
2019-07-23,145.24000549316406,141.2100067138672,142.72000122070312,145.17999267578125,682400.0,142.3629913330078
2019-07-24,146.64999389648438,145.13999938964844,145.5,145.9600067138672,524900.0,143.1278839111328
2019-07-25,146.27999877929688,144.99000549316406,145.9600067138672,145.5399932861328,752000.0,142.7160186767578
2019-07-26,146.36000061035156,144.22999572753906,145.60000610351562,146.32000732421875,447900.0,143.48089599609375
2019-07-29,146.4600067138672,143.27000427246094,146.42999267578125,143.9199981689453,452300.0,141.12744140625
2019-07-30,145.82000732421875,142.77999877929688,143.75999450683594,145.8000030517578,520900.0,142.97097778320312
2019-07-31,147.1999969482422,142.5399932861328,145.72999572753906,143.99000549316406,512800.0,141.19610595703125
2019-08-01,145.4499969482422,142.2899932861328,144.02000427246094,143.10000610351562,823500.0,140.3233642578125
2019-08-02,144.3699951171875,141.85000610351562,143.02999877929688,143.82000732421875,821400.0,141.02940368652344
2019-08-05,143.33999633789062,140.3000030517578,142.49000549316406,141.47000122070312,1364600.0,138.72500610351562
2019-08-06,130.0,118.26000213623047,124.69999694824219,118.91000366210938,6584200.0,116.60274505615234
2019-08-07,122.29000091552734,116.87000274658203,117.29000091552734,121.55000305175781,4506700.0,119.19152069091797
2019-08-08,126.25,121.04000091552734,121.5,122.05000305175781,3173300.0,119.68181610107422
2019-08-09,123.52999877929688,121.2699966430664,122.4000015258789,122.54000091552734,1217100.0,120.16230773925781
2019-08-12,122.79000091552734,119.3499984741211,122.79000091552734,120.08000183105469,1272000.0,117.75003814697266
2019-08-13,121.20999908447266,118.4800033569336,121.06999969482422,118.70999908447266,1214100.0,116.4066162109375
2019-08-14,117.5,112.27999877929688,117.11000061035156,113.0,1775900.0,110.80741119384766
2019-08-15,113.80000305175781,109.62999725341797,113.45999908447266,110.61000061035156,1936100.0,108.46379089355469
2019-08-16,113.23999786376953,110.58999633789062,110.62000274658203,112.77999877929688,1115700.0,110.59168243408203
2019-08-19,113.73999786376953,112.63999938964844,113.37000274658203,113.13999938964844,841100.0,110.9447021484375
2019-08-20,113.19999694824219,109.7699966430664,113.13999938964844,110.04000091552734,1082500.0,107.90484619140625
2019-08-21,112.33999633789062,110.20999908447266,111.7300033569336,110.48999786376953,648800.0,108.34611511230469
2019-08-22,111.05999755859375,107.63999938964844,111.05999755859375,107.80000305175781,950100.0,105.70832061767578
2019-08-23,107.5999984741211,104.86000061035156,107.48999786376953,106.5,1611100.0,104.43354034423828
2019-08-26,108.83000183105469,107.18000030517578,107.54000091552734,108.72000122070312,1070300.0,106.61046600341797
2019-08-27,109.79000091552734,106.91000366210938,109.62000274658203,107.33000183105469,1044300.0,105.2474365234375
2019-08-28,109.0199966430664,107.25,107.25,108.36000061035156,915400.0,106.2574462890625
2019-08-29,110.04000091552734,108.5,109.91999816894531,108.76000213623047,839600.0,106.64968872070312
2019-08-30,110.2300033569336,109.16999816894531,109.41000366210938,109.75,858000.0,107.62047576904297
2019-09-03,109.56999969482422,108.5199966430664,109.0999984741211,109.1500015258789,985000.0,107.03211975097656
2019-09-04,112.25,110.56999969482422,110.56999969482422,111.9000015258789,882000.0,109.728759765625
2019-09-05,115.0199966430664,112.72000122070312,112.80999755859375,114.5,1418800.0,112.27831268310547
2019-09-06,118.7699966430664,114.68000030517578,115.04000091552734,117.86000061035156,2096400.0,115.57311248779297
2019-09-09,120.66999816894531,118.0,118.0,119.93000030517578,1590200.0,117.60294342041016
2019-09-10,124.2699966430664,120.08000183105469,120.08000183105469,123.86000061035156,2225900.0,121.45670318603516
2019-09-11,127.4800033569336,124.12000274658203,125.08999633789062,127.45999908447266,1467900.0,124.9868392944336
2019-09-12,128.25,124.58999633789062,127.81999969482422,127.0999984741211,1169800.0,124.63382720947266
2019-09-13,127.88999938964844,125.93000030517578,127.02999877929688,127.30000305175781,785900.0,124.82994842529297
2019-09-16,126.56999969482422,122.0,126.26000213623047,122.02999877929688,1039900.0,119.66220092773438
2019-09-17,122.56999969482422,119.8499984741211,121.94999694824219,122.2300033569336,1114800.0,119.85832977294922
2019-09-18,124.86000061035156,121.7300033569336,122.68000030517578,122.98999786376953,901700.0,120.60356903076172
2019-09-19,124.37000274658203,122.31999969482422,122.81999969482422,122.86000061035156,711100.0,120.47610473632812
2019-09-20,122.72000122070312,119.97000122070312,122.31999969482422,120.16999816894531,1974400.0,118.56204986572266
2019-09-23,123.01000213623047,119.5,119.5999984741211,122.77999877929688,1065100.0,121.13713073730469
2019-09-24,123.6500015258789,120.12000274658203,123.0199966430664,120.69000244140625,1112300.0,119.07510375976562
2019-09-25,122.95999908447266,120.75,121.18000030517578,122.11000061035156,1382800.0,120.47610473632812
2019-09-26,122.08000183105469,117.30999755859375,122.08000183105469,119.80000305175781,925100.0,118.19701385498047
2019-09-27,121.38999938964844,119.80000305175781,120.2699966430664,120.80999755859375,492400.0,119.19348907470703
2019-09-30,123.47000122070312,121.08999633789062,121.25,122.69000244140625,914300.0,121.04833984375
2019-10-01,123.52999877929688,120.62999725341797,123.05000305175781,121.62000274658203,817800.0,119.99266052246094
2019-10-02,121.55000305175781,116.87000274658203,120.73999786376953,116.98999786376953,1463700.0,115.42459869384766
2019-10-03,117.9800033569336,114.58000183105469,116.6500015258789,117.91999816894531,829700.0,116.3421630859375
2019-10-04,119.2699966430664,116.36000061035156,117.19999694824219,119.1500015258789,1727600.0,117.55570983886719
2019-10-07,120.27999877929688,118.31999969482422,118.75,118.4000015258789,908200.0,116.81574249267578
2019-10-08,117.29000091552734,112.87000274658203,117.0,114.12000274658203,1591900.0,112.59300994873047
2019-10-09,115.77999877929688,113.41000366210938,115.05000305175781,115.0999984741211,1070300.0,113.55989837646484
2019-10-10,116.36000061035156,113.87999725341797,115.08999633789062,115.97000122070312,1316300.0,114.41825866699219
2019-10-11,119.66000366210938,117.25,117.43000030517578,118.1500015258789,798700.0,116.569091796875
2019-10-14,119.37999725341797,117.76000213623047,117.98999786376953,118.33000183105469,518900.0,116.74667358398438
2019-10-15,119.9800033569336,118.18000030517578,118.94000244140625,119.18000030517578,490700.0,117.5853042602539
2019-10-16,120.25,118.44999694824219,118.95999908447266,119.16000366210938,786000.0,117.5655746459961
2019-10-17,120.38999938964844,118.9000015258789,119.7300033569336,119.44999694824219,457100.0,117.8516845703125
2019-10-18,120.18000030517578,117.08999633789062,119.83000183105469,117.83999633789062,788000.0,116.26322937011719
2019-10-21,118.94999694824219,117.62000274658203,118.44000244140625,118.38999938964844,844300.0,116.80587005615234
2019-10-22,119.54000091552734,117.22000122070312,117.87999725341797,119.12000274658203,604100.0,117.52610778808594
2019-10-23,120.93000030517578,119.41000366210938,119.41000366210938,120.0199966430664,725200.0,118.4140625
2019-10-24,120.44999694824219,118.27999877929688,120.44999694824219,119.70999908447266,581400.0,118.10821533203125
2019-10-25,120.5199966430664,118.27999877929688,119.4000015258789,119.95999908447266,857600.0,118.35486602783203
2019-10-28,120.91000366210938,119.80000305175781,120.83000183105469,120.19000244140625,895000.0,118.58179473876953
2019-10-29,123.05000305175781,118.91999816894531,118.94999694824219,122.2300033569336,1071900.0,120.59449005126953
2019-10-30,123.47000122070312,120.37000274658203,121.94000244140625,123.31999969482422,738000.0,121.66990661621094
2019-10-31,123.3499984741211,120.58999633789062,123.12000274658203,122.01000213623047,940600.0,120.37743377685547
2019-11-01,123.69999694824219,121.23999786376953,122.58000183105469,121.73999786376953,1104900.0,120.11105346679688
2019-11-04,124.81999969482422,122.66999816894531,123.23999786376953,124.01000213623047,1448000.0,122.35067749023438
2019-11-05,136.0,124.43000030517578,126.3499984741211,134.4600067138672,2798400.0,132.66085815429688
2019-11-06,134.72000122070312,131.1300048828125,134.30999755859375,133.00999450683594,1016400.0,131.23023986816406
2019-11-07,135.1300048828125,132.9199981689453,133.55999755859375,133.4199981689453,693700.0,131.634765625
2019-11-08,134.08999633789062,131.82000732421875,133.47999572753906,132.80999755859375,664300.0,131.0329132080078
2019-11-11,132.4499969482422,130.7899932861328,132.44000244140625,131.22000122070312,676600.0,129.46420288085938
2019-11-12,131.7100067138672,129.8699951171875,131.0,130.55999755859375,576700.0,128.8130340576172
2019-11-13,133.1300048828125,129.22000122070312,129.5800018310547,132.67999267578125,631300.0,130.9046630859375
2019-11-14,133.9199981689453,131.89999389648438,132.22999572753906,133.89999389648438,581400.0,132.10833740234375
2019-11-15,135.33999633789062,133.77999877929688,134.25999450683594,133.9199981689453,941200.0,132.12806701660156
2019-11-18,135.0800018310547,132.61000061035156,133.25999450683594,135.02000427246094,626100.0,133.21336364746094
2019-11-19,137.1199951171875,134.50999450683594,135.6699981689453,136.8800048828125,1068100.0,135.0484619140625
2019-11-20,137.36000061035156,135.27000427246094,135.57000732421875,136.39999389648438,1073300.0,134.57489013671875
2019-11-21,137.3000030517578,135.50999450683594,136.07000732421875,136.8800048828125,1050200.0,135.0484619140625
2019-11-22,140.69000244140625,137.74000549316406,139.0,140.02000427246094,1483000.0,138.14645385742188
2019-11-25,141.55999755859375,139.50999450683594,139.8699951171875,141.41000366210938,792000.0,139.51785278320312
2019-11-26,142.00999450683594,140.27999877929688,141.00999450683594,141.8800048828125,1313100.0,139.98158264160156
2019-11-27,142.5399932861328,140.25999450683594,142.5399932861328,141.4199981689453,845700.0,139.5277099609375
2019-11-29,141.86000061035156,140.5,141.0,141.22999572753906,431700.0,139.3402557373047
2019-12-02,142.02000427246094,140.3699951171875,141.5,140.5399932861328,910100.0,138.65948486328125
2019-12-03,141.60000610351562,138.35000610351562,138.67999267578125,141.1999969482422,1616800.0,139.3106689453125
2019-12-04,142.10000610351562,139.9600067138672,141.4499969482422,140.02000427246094,1098600.0,138.14645385742188
2019-12-05,142.3000030517578,140.3000030517578,140.49000549316406,141.77000427246094,803100.0,139.873046875
2019-12-06,142.3800048828125,141.1300048828125,142.02000427246094,142.0399932861328,1055200.0,140.13941955566406
2019-12-09,140.7899932861328,131.85000610351562,140.4199981689453,133.80999755859375,2722700.0,132.01954650878906
2019-12-10,134.86000061035156,133.1999969482422,133.72000122070312,133.99000549316406,2292500.0,132.1971435546875
2019-12-11,135.22999572753906,133.63999938964844,134.38999938964844,134.5399932861328,1258300.0,132.73977661132812
2019-12-12,135.6199951171875,133.47000122070312,134.7100067138672,134.60000610351562,1111500.0,132.79898071289062
2019-12-13,135.67999267578125,133.4600067138672,135.1999969482422,133.97999572753906,825200.0,132.18727111816406
2019-12-16,126.62999725341797,119.6500015258789,125.87000274658203,120.0,5941700.0,118.39433288574219
2019-12-17,122.0,119.80999755859375,119.91000366210938,121.08000183105469,3505100.0,119.45988464355469
2019-12-18,123.52999877929688,119.83999633789062,121.30999755859375,122.4800033569336,1727200.0,120.84114837646484
2019-12-19,123.98999786376953,122.26000213623047,123.37999725341797,123.33999633789062,1169500.0,121.68963623046875
2019-12-20,125.47000122070312,122.55999755859375,124.75,122.80000305175781,1720100.0,121.15687561035156
2019-12-23,124.66999816894531,121.9000015258789,122.48999786376953,123.94999694824219,1160500.0,122.2914810180664
2019-12-24,125.5999984741211,124.43000030517578,125.12999725341797,125.08999633789062,548100.0,123.41622161865234
2019-12-26,126.44999694824219,123.48999786376953,123.48999786376953,126.27999877929688,844200.0,125.34181213378906
2019-12-27,128.8800048828125,126.43000030517578,127.06999969482422,127.33999633789062,706200.0,126.39393615722656
2019-12-30,127.97000122070312,126.80999755859375,127.66999816894531,126.95999908447266,572700.0,126.01676177978516
2019-12-31,129.16000366210938,127.30000305175781,127.51000213623047,129.02000427246094,831200.0,128.06146240234375
2020-01-02,129.47000122070312,126.83000183105469,129.39999389648438,127.55000305175781,881200.0,126.60237884521484
2020-01-03,127.79000091552734,125.75,126.30999755859375,126.3499984741211,1072800.0,125.41129302978516
2020-01-06,126.87000274658203,125.5199966430664,126.30000305175781,125.5199966430664,1170300.0,124.58745574951172
2020-01-07,126.55000305175781,124.5,124.5,125.30999755859375,1244700.0,124.37901306152344
2020-01-08,125.62000274658203,124.08999633789062,124.83999633789062,124.13999938964844,756100.0,123.21771240234375
2020-01-09,124.70999908447266,122.30999755859375,124.05999755859375,123.63999938964844,1121500.0,122.72142791748047
2020-01-10,126.72000122070312,123.93000030517578,124.30000305175781,125.98999786376953,1004900.0,125.05396270751953
2020-01-13,127.47000122070312,124.91000366210938,126.0,127.36000061035156,839900.0,126.41378784179688
2020-01-14,129.6999969482422,126.58000183105469,127.02999877929688,129.3000030517578,1744400.0,128.33938598632812
2020-01-15,130.50999450683594,128.61000061035156,129.00999450683594,129.94000244140625,1051800.0,128.97462463378906
2020-01-16,133.38999938964844,129.77999877929688,130.0500030517578,133.1300048828125,819400.0,132.14093017578125
2020-01-17,135.05999755859375,132.83999633789062,133.3699951171875,134.8800048828125,929400.0,133.8779296875
2020-01-21,136.02999877929688,133.50999450683594,134.02999877929688,134.8000030517578,912500.0,133.79852294921875
2020-01-22,136.80999755859375,134.61000061035156,135.08999633789062,135.89999389648438,707000.0,134.8903350830078
2020-01-23,136.9600067138672,133.86000061035156,135.61000061035156,136.0500030517578,952100.0,135.0392303466797
2020-01-24,137.25,135.17999267578125,136.2899932861328,135.7899932861328,687800.0,134.78115844726562
2020-01-27,135.60000610351562,133.74000549316406,134.8800048828125,133.97999572753906,889900.0,132.98460388183594
2020-01-28,135.80999755859375,133.7100067138672,134.8699951171875,135.4499969482422,752100.0,134.4436798095703
2020-01-29,137.35000610351562,134.83999633789062,136.50999450683594,135.0500030517578,710300.0,134.04666137695312
2020-01-30,133.11000061035156,129.14999389648438,133.02999877929688,132.97000122070312,1869000.0,131.98211669921875
2020-01-31,133.00999450683594,129.80999755859375,132.57000732421875,131.11000061035156,1367300.0,130.13592529296875
2020-02-03,136.35000610351562,130.89999389648438,131.47999572753906,135.83999633789062,1096500.0,134.83078002929688
2020-02-04,140.61000061035156,137.39999389648438,137.6199951171875,139.99000549316406,1171600.0,138.94996643066406
2020-02-05,143.61000061035156,140.52999877929688,141.1699981689453,142.6699981689453,1102200.0,141.61004638671875
2020-02-06,143.8699951171875,142.0800018310547,143.00999450683594,142.2100067138672,962200.0,141.15347290039062
2020-02-07,142.72000122070312,139.63999938964844,141.91000366210938,140.0,1152800.0,138.9598846435547
2020-02-10,140.0800018310547,138.74000549316406,139.57000732421875,139.05999755859375,964900.0,138.02685546875
2020-02-11,140.4499969482422,137.8300018310547,139.94000244140625,137.97999572753906,941400.0,136.9548797607422
2020-02-12,141.0399932861328,137.9600067138672,139.41000366210938,139.38999938964844,1247900.0,138.3544158935547
2020-02-13,136.97999572753906,128.52999877929688,130.9600067138672,136.74000549316406,3177600.0,135.72410583496094
2020-02-14,137.5399932861328,135.6999969482422,136.7100067138672,135.8699951171875,1028400.0,134.86056518554688
2020-02-18,135.75,132.77999877929688,135.5,134.83999633789062,1072700.0,133.8382110595703
2020-02-19,136.74000549316406,134.02999877929688,134.97999572753906,134.25999450683594,887300.0,133.2625274658203
2020-02-20,135.69000244140625,131.91000366210938,133.57000732421875,132.69000244140625,1478700.0,131.70419311523438
2020-02-21,133.8300018310547,131.27999877929688,132.14999389648438,132.17999267578125,1632300.0,131.19796752929688
2020-02-24,129.50999450683594,125.29000091552734,129.3300018310547,127.91000366210938,1994900.0,126.95970916748047
2020-02-25,128.6699981689453,121.9800033569336,128.42999267578125,123.94000244140625,1963500.0,123.01920318603516
2020-02-26,127.30000305175781,122.83000183105469,125.83999633789062,123.44000244140625,1599000.0,122.52291107177734
2020-02-27,126.81999969482422,121.04000091552734,121.58999633789062,122.2300033569336,1533000.0,121.32190704345703
2020-02-28,121.12000274658203,115.33999633789062,119.08000183105469,119.77999877929688,2332500.0,118.89010620117188
2020-03-02,122.69999694824219,118.95999908447266,120.37000274658203,122.55999755859375,1295500.0,121.64944458007812
2020-03-03,124.8499984741211,119.06999969482422,122.11000061035156,122.30999755859375,1427000.0,121.40130615234375
2020-03-04,127.80999755859375,123.91999816894531,124.20999908447266,127.75,1422900.0,126.80088806152344
2020-03-05,127.8499984741211,123.72000122070312,125.02999877929688,124.83000183105469,1492500.0,123.902587890625
2020-03-06,124.30999755859375,120.37999725341797,121.08999633789062,122.7300033569336,1635400.0,121.81819152832031
2020-03-09,118.55999755859375,109.86000061035156,116.76000213623047,112.72000122070312,2968100.0,111.88255310058594
2020-03-10,118.76000213623047,114.95999908447266,116.48999786376953,118.56999969482422,2707700.0,117.68909454345703
2020-03-11,116.04000091552734,109.86000061035156,115.75,111.27999877929688,2622200.0,110.45325469970703
2020-03-12,106.5199966430664,94.9800033569336,104.0999984741211,99.94000244140625,2699300.0,99.197509765625
2020-03-13,109.0199966430664,100.2699966430664,104.91999816894531,109.0199966430664,1621100.0,108.21004486083984
2020-03-16,106.94999694824219,98.0,100.33000183105469,101.48999786376953,1836500.0,100.7359848022461
2020-03-17,111.61000061035156,100.29000091552734,104.0,109.4800033569336,2271500.0,108.66663360595703
2020-03-18,109.4800033569336,98.36000061035156,103.52999877929688,108.41000366210938,2105000.0,107.60458374023438
2020-03-19,111.94000244140625,103.58000183105469,107.4000015258789,107.41999816894531,1796500.0,106.62193298339844
2020-03-20,108.37000274658203,100.88999938964844,108.16999816894531,102.41000366210938,1538300.0,101.64915466308594
2020-03-23,102.81999969482422,92.13999938964844,102.05000305175781,94.27999877929688,2184700.0,93.57955169677734
2020-03-24,106.1500015258789,98.11000061035156,98.5,100.94999694824219,1647500.0,100.19999694824219
2020-03-25,108.5999984741211,95.81999969482422,98.81999969482422,104.56999969482422,2288400.0,104.56999969482422
2020-03-26,114.55000305175781,104.37999725341797,105.80000305175781,114.55000305175781,1104200.0,114.55000305175781
2020-03-27,113.4000015258789,109.04000091552734,109.76000213623047,110.22000122070312,1006800.0,110.22000122070312
2020-03-30,112.44999694824219,106.30000305175781,110.94999694824219,108.01000213623047,1099700.0,108.01000213623047
2020-03-31,108.7300033569336,101.69000244140625,106.06999969482422,102.08000183105469,1519200.0,102.08000183105469
2020-04-01,102.0999984741211,96.80000305175781,98.18000030517578,100.7300033569336,1363600.0,100.7300033569336
2020-04-02,102.58000183105469,98.31999969482422,99.08999633789062,99.18000030517578,1094000.0,99.18000030517578
2020-04-03,102.08000183105469,98.72000122070312,99.55000305175781,98.9000015258789,1234000.0,98.9000015258789
2020-04-06,109.88999938964844,102.72000122070312,104.3499984741211,109.0,1199200.0,109.0
2020-04-07,118.52999877929688,111.04000091552734,111.58000183105469,114.0199966430664,1629700.0,114.0199966430664
2020-04-08,122.01000213623047,114.04000091552734,114.56999969482422,121.25,1061800.0,121.25
2020-04-09,130.47000122070312,120.72000122070312,120.81999969482422,127.37000274658203,1543900.0,127.37000274658203
2020-04-13,126.0199966430664,118.6500015258789,124.95999908447266,120.06999969482422,833500.0,120.06999969482422
2020-04-14,124.98999786376953,119.91000366210938,123.51000213623047,122.37000274658203,639200.0,122.37000274658203
2020-04-15,119.52999877929688,117.05999755859375,119.5199966430664,117.37999725341797,739500.0,117.37999725341797
2020-04-16,120.37000274658203,115.08000183105469,118.04000091552734,119.88999938964844,848200.0,119.88999938964844
2020-04-17,125.44999694824219,122.4800033569336,122.58000183105469,125.12000274658203,761000.0,125.12000274658203
2020-04-20,126.02999877929688,120.13999938964844,123.27999877929688,120.55000305175781,937800.0,120.55000305175781
2020-04-21,122.97000122070312,117.13999938964844,117.31999969482422,122.16999816894531,710400.0,122.16999816894531
2020-04-22,125.79000091552734,122.5,124.55000305175781,124.27999877929688,652500.0,124.27999877929688
2020-04-23,127.98999786376953,122.7300033569336,125.56999969482422,123.16000366210938,629600.0,123.16000366210938
2020-04-24,126.87000274658203,122.44999694824219,124.37999725341797,126.48999786376953,567400.0,126.48999786376953
2020-04-27,131.1699981689453,125.81999969482422,125.81999969482422,130.5399932861328,530200.0,130.5399932861328
2020-04-28,134.5399932861328,130.92999267578125,132.0,131.7100067138672,839600.0,131.7100067138672
2020-04-29,135.88999938964844,133.22999572753906,135.0,133.3000030517578,707600.0,133.3000030517578
2020-04-30,132.8300018310547,130.72999572753906,131.42999267578125,131.02999877929688,1131300.0,131.02999877929688
2020-05-01,129.63999938964844,125.0,128.9600067138672,126.62999725341797,568800.0,126.62999725341797
2020-05-04,128.19000244140625,124.83000183105469,126.91999816894531,127.9000015258789,801200.0,127.9000015258789
2020-05-05,132.8800048828125,128.25999450683594,129.36000061035156,128.89999389648438,970600.0,128.89999389648438
2020-05-06,133.6699981689453,128.35000610351562,129.24000549316406,131.30999755859375,915500.0,131.30999755859375
2020-05-07,133.0800018310547,129.88999938964844,132.6199951171875,130.27999877929688,807700.0,130.27999877929688
2020-05-08,135.0,131.42999267578125,133.1300048828125,134.47000122070312,506100.0,134.47000122070312
2020-05-11,133.99000549316406,131.27000427246094,133.99000549316406,132.6300048828125,968500.0,132.6300048828125
2020-05-12,143.08999633789062,133.1199951171875,139.24000549316406,133.3300018310547,2112400.0,133.3300018310547
2020-05-13,133.22999572753906,127.33000183105469,132.10000610351562,129.33999633789062,1095600.0,129.33999633789062
2020-05-14,127.69000244140625,122.69999694824219,127.44000244140625,126.05000305175781,1893500.0,126.05000305175781
2020-05-15,130.1300048828125,124.63999938964844,125.04000091552734,128.22000122070312,1114000.0,128.22000122070312
2020-05-18,134.67999267578125,131.55999755859375,131.60000610351562,131.89999389648438,1275200.0,131.89999389648438
2020-05-19,132.1199951171875,127.87999725341797,130.89999389648438,128.83999633789062,946700.0,128.83999633789062
2020-05-20,131.97000122070312,129.25,130.4199981689453,130.27999877929688,834700.0,130.27999877929688
2020-05-21,131.75999450683594,128.8300018310547,129.4199981689453,128.97999572753906,932400.0,128.97999572753906
2020-05-22,129.7100067138672,125.73999786376953,128.42999267578125,129.4199981689453,889100.0,129.4199981689453
